left_shoulder_left_wrist,right_shoulder_right_wrist,left_hip_left_ankle,right_hip_right_ankle,left_hip_left_wrist,right_hip_right_wrist,left_shoulder_left_ankle,right_shoulder_right_ankle,left_hip_right_wrist,right_hip_left_wrist,left_elbow_right_elbow,left_knee_right_knee,left_wrist_right_wrist,left_ankle_right_ankle,left_hip_avg_left_wrist_left_ankle,right_hip_avg_right_wrist_right_ankle,right_elbow_right_shoulder_right_hip,left_elbow_left_shoulder_left_hip,right_knee_mid_hip_left_knee,right_hip_right_knee_right_ankle,left_hip_left_knee_left_ankle,right_wrist_right_elbow_right_shoulder,left_wrist_left_elbow_left_shoulder,pose
0.8249643288088349,0.8557198646702753,1.3449224279129388,1.242535215221592,0.32318401122147183,0.4441830077880517,2.314570912216843,2.174013292730076,0.5574697343491343,0.43218829969493316,0.4700169091629611,0.20551630213581834,0.5073140459765465,0.18931470574880288,0.5353739489868651,0.47014860308825107,14.02193688385385,8.20948323435537,23.21468133368538,129.22335197099392,116.20366456469903,138.05976712689886,141.5733924299145,0
0.7876809057667175,0.7902684039489839,0.6676627361350297,0.644670817487637,1.2733621204893804,1.1951392253937196,1.2968071413768336,1.300586766843329,1.189599712809435,1.3335136188393775,0.4142113327845733,0.15633556381531574,0.47418431227394237,0.12575938875708265,0.8521017809899557,0.7957636188006278,67.07733496305798,75.85711164736905,6.335012521149369,33.74172858615664,33.62526442506815,149.0275467229498,155.0184077428822,0
0.8106619871186281,0.807162852915395,0.6490057674011788,0.6227078497659393,1.2896203540740763,1.279614082520931,1.2098010880543568,1.1912185409786749,1.2781609512375733,1.3482667819503764,0.4362351418623858,0.1676537467277627,0.501054932264671,0.10866005385637857,0.8811568422811571,0.860176320696598,74.10638385747787,75.37815318684672,6.424524778877004,29.76180081248256,29.707139070416513,150.37090080886844,150.90872887705413,0
0.6208773650292363,0.661521984615241,0.6838833788629122,0.6801693469564459,1.1553216047661485,1.1189446909346028,1.4187772898402224,1.398501447062681,1.0950536877815653,1.2466658776223156,0.45078251883107023,0.15152889652537535,0.6009729803065271,0.11700389642268809,0.72136902915879,0.7080367594265026,60.998236874617696,68.25978441031016,7.821822323720324,51.64694697490402,49.79389790210724,139.1722258774806,146.24620121662454,0
0.7566025001094951,1.0753606548153258,1.6474032800537453,1.6116936351050133,0.6361273497069476,1.0811017388933288,2.577656448784234,2.5188666532003023,1.1019923830317981,0.7716957561340994,0.5635734385266985,0.1678714384373063,0.9065152698164496,0.1280231158796612,0.570799047342636,0.48190398464605827,28.631870955529624,20.923722347132415,13.974963305484007,133.06970334906913,134.82716307895151,122.64021563482102,105.69104860938332,0
0.8200737448488649,1.0400943039287416,1.6640403251158133,1.678499137363715,0.5878223731456538,1.070760587906328,2.5560114719828824,2.5524343998803105,1.109419050560033,0.6748363286436286,0.49368714628847066,0.15684602838341435,0.7358146176160261,0.09681723355034252,0.5736987599759652,0.4276647497566548,27.85958793591064,11.336555219869943,11.87715343204595,95.6425336430168,96.21536309390974,120.18892972419985,108.00745484401469,0
0.8276693023644771,0.7728617624827334,1.5759537090965492,1.560553919585583,0.7459869962870779,0.6077745710162532,2.564921114889009,2.5065385339752075,0.6713385800908792,0.8076055627103798,0.4221545547844717,0.1403703900036322,0.5132743253854573,0.07926472346352398,0.5215921718832525,0.5606323367268311,10.567527723175257,14.932956167295204,13.324706798281525,146.00358195307626,150.6522986284823,114.79177091502613,114.0314869317501,0
0.7851379365583655,0.7774422053825005,1.6615586136452334,1.6301207212783464,0.6883479086264741,0.6909565669876928,2.5944603994915982,2.584736284693027,0.7944711373649607,0.718913168619012,0.43845726601302953,0.14649771743142107,0.5294992480245845,0.10222753668559409,0.5456436116943454,0.5439094893636739,10.874949572335844,11.197131441736046,13.995552341655154,122.15970018818366,124.19364342495552,110.02173799016855,99.13400095501592,0
0.9452032205705381,1.0057978969891854,1.3844253677641614,1.4630055239852062,0.53086224194463,0.5366165756830342,2.3950571440073185,2.4406943185423184,0.6742733920560791,0.5878355866856588,0.43629272846597594,0.27457441935390703,0.5139024042928505,0.18048012397996108,0.618318510263807,0.6601261748928295,10.369747245322097,7.097723187544887,21.346342237009583,115.93870096051356,99.74121452763303,135.7308462313063,123.66160206333082,0
0.9173082239096731,1.0023979032887005,1.4727331455462593,1.499743318087183,0.4842843062228671,0.5232710810755641,2.467703177561183,2.4812868836708777,0.6529714042692936,0.5560382991950629,0.4312578379654069,0.19435073033370873,0.5231432290172685,0.11079336408238877,0.6308713403420668,0.6712418741512987,10.679246112248567,6.2657779581155255,15.623335093201018,119.16371458634619,110.97394436756014,136.38324412221925,124.41369544182625,0
0.977001794045483,1.0344878293178894,1.3725994911205561,1.4543578815626585,0.5846585596513715,0.6040332799465008,2.378255603033994,2.444976961643383,0.7232467223475829,0.6342865734174061,0.44823907929333834,0.271140712594743,0.49999925068605683,0.2520344132457062,0.651354530705992,0.6648068256788373,11.748517680478653,8.358135175868446,21.415898480431963,112.38785495519592,100.01012866238018,133.03278109867168,122.10247027600153,0
1.002025888485076,1.0143946622918454,1.5214240409448943,1.5104203781782168,0.4963928349810032,0.5531388503530806,2.526441875631724,2.496234448583303,0.6494315961232601,0.6067649353695383,0.4513397804706599,0.2078580626796403,0.5275241779764539,0.10032377018624311,0.6982871177281279,0.7041276848394186,8.786921498684485,7.789072569303252,15.278999689672853,122.23668513793366,115.96222160836896,125.5498878986434,122.06084722808046,0
0.9813620530635855,1.0416509001039944,1.3433816165236698,1.3704131093685954,0.5676912537298329,0.5982868165223776,2.3484765937360543,2.360397374667927,0.7328943523670222,0.631452876506227,0.4639049088977475,0.37201257247389025,0.5699555463172195,0.3075686391852758,0.6840112337557473,0.6752382041361729,13.533830072252618,6.989744434572751,24.01463032358431,111.62447841807608,92.01698322708872,136.54079913428555,120.37158514255253,0
0.9206751308288257,1.0015376440999046,1.4899782518589417,1.5121199497553486,0.42577378437852503,0.48227003868839413,2.4907354591821194,2.4752240727322166,0.5941748873816981,0.5391435153346408,0.4425248817725699,0.22865973005528467,0.5259321303201054,0.1377561162772889,0.6364171963425251,0.6820362268895882,8.812913464462735,7.461589805797899,18.01261656542079,119.69124201321914,114.15615017972237,133.629234191935,122.01360511398067,0
0.9076854333945875,0.9998330972191551,1.3066380317293729,1.462279036010273,0.435215882843964,0.4657988008730176,2.297550509833636,2.453795215997652,0.569285960450229,0.5629354576043721,0.44274035114535093,0.5861786019727316,0.5343581656052202,0.6007201360123423,0.6381090486085681,0.6727976960365563,9.308156402707539,7.928462432356104,40.927199234967176,124.58425414132671,91.8361763675101,138.5392254294911,126.40105034564063,0
0.9588052259505817,1.0185277111267323,1.4497127164054038,1.5359651521308257,0.5281374795929589,0.5679104133425977,2.4566615322948113,2.526388564511328,0.6716523456626632,0.5869690954381523,0.4331408066472079,0.20280766545790913,0.45480512692086233,0.25123339299475894,0.6758333542878049,0.7064189097286321,10.022360595998737,7.142777958086779,15.405641113906094,123.48853449913527,119.15522184414128,131.93353089183833,121.1270051621939,0
0.9603725702059094,0.9904251820383556,1.4784192526992352,1.536040582248098,0.6063625787298954,0.5864698246096705,2.4877125574636367,2.528912726622074,0.7011876761909988,0.6380526257872264,0.4639829202539503,0.14899347637841176,0.489429828945448,0.14980308286007488,0.7041201034749055,0.7647275795807346,11.339348836702785,11.458007673330382,11.715621130070716,136.06544741792084,132.26812121790365,127.04888107382006,121.6463681881205,0
0.8222643754081322,0.8632064116300704,1.290095734011142,1.3087992135969908,0.8717167392440771,0.7976482888556168,2.3133374956555888,2.2578825652965184,0.8380519405143803,0.9215121839241963,0.40190822648788355,0.1461690073637588,0.4891598323364982,0.23237495297246893,0.5585652417242822,0.6732264980133358,20.700283707108856,25.43997967952833,13.544633464199785,118.01899978914302,114.86000506126193,121.2667036095744,122.09456864815225,0
0.8804768416391535,0.8605311057577606,1.3006095350403675,1.288942093186279,0.8008464583535302,0.740237797375042,2.3259757284611875,2.2414253364457615,0.805966581275442,0.8345416177844034,0.4045374311111994,0.1643015432016011,0.49781957497145896,0.27386023305097046,0.5802776596144895,0.6580119909720314,17.91201670143641,21.431540192813994,15.853477308200839,117.3347892842833,116.36139815327388,121.10251856383199,124.03444360119758,0
0.8332075089973229,0.8598316882413186,1.2564317644886729,1.1984331815782927,0.805717684026417,0.7906149890099803,2.269316368825571,2.114204760883085,0.8592414901311503,0.8284544981863732,0.3842187322321506,0.2401159990703698,0.45804002944647876,0.44242038584872223,0.5693504405931372,0.6907260425305697,23.200379168354914,23.90935867512175,22.28629891136945,109.99464628633675,111.20637576955627,125.7872877431265,126.7126434525768,0
0.8912156497529922,0.9122211590523001,1.3882281346292784,1.2442038660721788,0.7525650851123379,0.7957992832384758,2.399470202484816,2.153628091068744,0.8483526795871755,0.7864945996925342,0.37626714256051447,0.503201125427676,0.4156027549769058,0.7511125923347054,0.5828400265462588,0.7481608128786083,21.558238245977126,19.653414472190374,43.0915935923287,97.24119932014159,119.82621035034711,125.72138963577042,127.36094858827137,0
0.9047642635240012,0.9210199384480765,1.4328280258207569,1.386731683821171,0.7276011528796964,0.7880470886055402,2.4508321632660444,2.3644965680926657,0.8557745639280588,0.7458075071490747,0.38484951620587865,0.11886281840894297,0.40274357789317355,0.26693825016287037,0.6024762098550035,0.6836394321140911,22.58279883967338,16.326686460772912,10.143966508801325,122.86026325669553,113.65457692094584,127.1675824711789,125.65394871634479,0
0.9613156163982841,0.9734246609158331,1.5493223744341122,1.5510339118311183,0.6036806674239986,0.6907068992362133,2.5240685285881104,2.5796316673645157,0.8327477353339764,0.6167423202832398,0.454023038438053,0.17247642162561014,0.5425124324542586,0.16310289205280687,0.7425166796444321,0.7197032077836036,13.504093953294285,7.429085242627424,13.189125838585253,126.1632589682389,119.14524943955112,124.22538590539227,115.60660872322453,0
0.8143208207569904,0.8922754364077983,1.5786118579742907,1.6155220663320413,0.5167653224890929,0.5818864552105929,2.5565683765123413,2.639114898188763,0.7651273775218346,0.5530378016500679,0.5106799623745414,0.15921511741541405,0.6780451737040996,0.11947472214020143,0.6706188000220629,0.7014592945152992,14.007554861070872,11.473494699215967,11.603978021057928,127.09832438124654,118.7510404151933,119.28455972843093,102.47527237112782,0
0.9101939962036075,0.9610048437039853,1.527776924681598,1.5577630777815539,0.5405846324614745,0.6901384426766196,2.497408850037795,2.5905815790336715,0.8107899261731062,0.5687301671904624,0.44928756595885555,0.15152654072370156,0.5353860485237231,0.09765798841509131,0.6839276626794257,0.6896478888639301,14.995388610288954,5.00488154408406,12.015033986504955,122.87882308282892,122.10907823654462,126.56600474262659,114.29837214716922,0
0.9150296566141624,0.9667264493502399,1.502176922621549,1.5441728975857403,0.5739205436696571,0.7083550259662234,2.4730825976480926,2.577797989019959,0.8153331704714148,0.608293435126404,0.4299268889709602,0.1450688879020413,0.527270330131348,0.08963728630410174,0.6861228091773457,0.7045827972389722,16.590928624453063,5.7080777449710025,11.493647697893174,123.6539504891031,117.64339804107743,127.23425726845687,117.16940215719244,0
0.9887351879733357,0.9924003948363956,1.5358494294454133,1.5845441201415655,0.5849633471583993,0.73458740452813,2.49257946846612,2.6312075306896303,0.8761929112699525,0.5843295858385765,0.45276786059632046,0.1487031582055101,0.5434158752101924,0.10912835293292389,0.7478618184203557,0.7207143567982671,16.610219539331357,4.822598348664135,11.449862632882178,119.036910417033,113.06116079066192,126.84257070705118,118.25536639664669,0
0.8942010411848356,0.8991014544926066,1.424122313764786,1.4526652872717472,0.784402006243645,0.7894570877492233,2.417406072855045,2.4586896367613167,0.900551233800791,0.7895551262703104,0.41278460900328706,0.14001454634749402,0.5305199557382252,0.10826702489690056,0.6538747945897421,0.6486992460301323,21.92584460843173,17.88371460923915,11.625090526314551,115.16384035360726,110.56913968212203,125.43683223146357,120.03890015111664,0
0.9285324325568591,0.8642123190853548,1.4236466228101643,1.4447371396801039,0.7066360475451398,0.7451015467765372,2.4151574536447247,2.4506106008234085,0.8205726357858387,0.7355243748103228,0.37103232494861665,0.13073410164803184,0.4626669179661188,0.10511040575553175,0.6797625787014328,0.6417130586830995,21.501989532789302,15.521530663195906,11.339626163133754,124.1217485319864,119.98227775450339,127.45543627971091,125.63325856157984,0
0.9805299238767757,0.9142026864140951,1.5231201021215965,1.531251034188632,0.6893098635924386,0.7282704795842886,2.5150438621303497,2.543268234492232,0.7907298828343776,0.7489040557143135,0.39925942589131297,0.17409277885991445,0.4918111551433918,0.11536010319788673,0.7103402979642215,0.6622263380232895,17.633993696386785,13.197814481191507,14.556055448168042,124.17375704166507,115.84037487769434,126.51033390634232,124.28138271430316,0
0.8711830987577203,0.9808476064477094,1.5770285923496437,1.6073732448487528,0.48756037795007356,0.6361107118133166,2.56015192001404,2.626844822041139,0.8136798831628259,0.4841699074034946,0.4992093471631043,0.1864861565400941,0.5845653217340752,0.14084182331663905,0.7185997560050237,0.7701039611148708,12.182666692621037,9.656082717647896,13.192051728745739,121.72761690374008,114.53891278617411,121.58420351383995,104.31028721547426,0
0.6825834340846033,0.6984889905010855,1.5893079332631823,1.50770500720346,0.3872881704076123,0.42974911964163165,2.5565600531220594,2.5106475477741235,0.5692363835896153,0.46476679769988566,0.7566245782746189,0.23287134080439312,0.4805861299571534,0.292080322030605,0.6201970984928823,0.5725787417762903,34.60219999386386,39.9074557820389,17.82011735252322,130.08667198464804,131.54632405119568,96.86777577051114,85.80906887862274,0
0.7116648282448375,0.7056860133896915,1.6542811630045016,1.5432985044858758,0.3225710070852752,0.32859300315424106,2.6144208903347534,2.5143890789658174,0.48068748968470526,0.428694475008354,0.7888643521182943,0.23044422146478127,0.4856016644295355,0.28795917151578576,0.6918637007659878,0.6309582258794292,40.08417733372502,43.784276882424486,17.916037174182215,131.84044486569448,135.12788847861023,99.23663544062826,90.54608623160736,0
0.6959077643254763,0.6745546806864563,1.5132245770418162,1.4930282309784313,0.374268555116011,0.45445806410574874,2.5062186525606838,2.4761491233809596,0.6152580273805356,0.4346659791533061,0.7568575844102706,0.18011362102135797,0.5036553423788962,0.15483334991389539,0.5829960257736465,0.5523023976139233,36.06432853904634,39.23944321965435,13.976976903107035,134.10091358785246,134.63239529946767,98.23913843400231,90.74760217250386,0
0.6816461408406127,0.6774331683444551,1.5735889558177738,1.4996990341202525,0.4280820713358398,0.5357131186502802,2.553403311222549,2.4936308925059523,0.6413025490830214,0.5110329342483687,0.7747977973265632,0.17851692283972934,0.5125535374419002,0.2269121452311882,0.5952748289319686,0.5418083354530451,36.71249923790062,37.35106477342373,13.728474107703544,134.73277898761168,134.56683591041602,95.16645927061154,90.5413732958597,0
0.6797598203858426,0.6623723055317633,1.6130374685316673,1.5453056443690294,0.3833546253721315,0.4506260017288978,2.5844881860196347,2.524439187435305,0.5593386483593951,0.4808152674680952,0.7506830701782714,0.20019750203300427,0.4926240768423161,0.23661761710303067,0.6312652081047936,0.5735418302909341,36.73955231789777,44.89478638375956,15.49556774038222,130.32066114404938,129.26203299838812,92.91648279522178,85.59309885222747,0
0.5990919635887088,0.5536407108220749,1.1900159752769093,1.3007306329321027,1.248090663073947,1.1864508080710527,2.1725703895370416,2.303003783851498,1.2468505053567038,1.4001367835066774,0.7889817649178189,0.40071521949783495,1.2580369879448343,0.5241727226084058,0.42632525597823323,0.34607487264819253,63.84793568859369,68.98563324447791,32.145460660461026,101.50840377924756,102.05061163362451,118.81030830484816,124.79509784687946,0
0.5520224673842825,0.531447983834079,1.1690265657410028,1.4048810248066936,1.1775893458623958,1.1764591475558088,2.1429043686842877,2.3994586600468684,1.2028734960971248,1.3595321454667277,0.7743476771521577,0.45668798915953046,1.2196712307457107,0.7087515429353947,0.399883410291528,0.33973589300440593,66.97588352444481,67.81680100581055,39.82967893065131,123.64472779663684,121.81249257763905,121.09670523782822,126.4429746115975,0
0.5753120281375294,0.5340927313606855,1.2288622294362754,1.3055070779292959,1.21014547983109,1.1394091343302373,2.2044962060373794,2.316957246620646,1.1740767657601425,1.3721650898400997,0.7419413398677512,0.34737950450260185,1.1809316505164658,0.48366278077247116,0.40512874650518504,0.3318767701000796,57.73552878779941,69.04611220181353,31.111191281796266,132.21784726198172,136.19873694017036,118.27823384696669,126.37977427890371,0
0.6091426397324824,0.5743177186617562,1.2296730480360376,1.2595205396643805,1.2597157689686884,1.22232078785194,2.204354427433795,2.2703620748263353,1.2896629755986344,1.4034418538177724,0.8039228626432581,0.3619220292218517,1.2724492689639406,0.47317998023297186,0.4404914369808887,0.34124131395609003,75.33701159774557,72.67971566174224,33.610352788389,119.41029164763751,115.27149328961659,126.45038928459441,126.87795521539897,0
0.9560979562987165,1.032067389099467,1.5149085129338897,1.4682687962359833,0.978510652829461,1.0304895454328582,2.4905296624267312,2.454712018932954,1.0445649873576226,0.992080203118761,0.4674195489682912,0.15266232260459,0.1539761248045944,0.13142997304647455,0.5078329599084067,0.528225645622296,22.120842010370144,18.047136484840472,10.910883294628608,124.91013748089863,118.39501519239555,106.76046481853794,100.9852148648187,0
1.4446424533370068,1.4315180246008188,1.4968582879183077,1.5139903956358816,1.3411139279746918,1.3872105644924484,2.3859731459078555,2.429348898557297,1.3547832220686997,1.3962009057488305,0.46874371449930174,0.19049529373021845,0.15906244231295275,0.17685723256824318,0.47387200050213735,0.5171599394578107,52.258239999596405,45.728007464232626,14.647128828384497,136.6708336242665,129.04202838290206,145.39255236493926,142.8798215798562,0
1.301055209020745,1.2736191357333417,1.4689957883781923,1.4701893886993018,1.3265964282930511,1.3587630392523504,2.4088090954126815,2.440426192708822,1.325717770592164,1.3738490417429283,0.4651720902269017,0.2084814397506882,0.11549721544235014,0.14864153530268798,0.49110383532236057,0.5201780931608343,58.25013403035581,50.68804824308934,16.244411175026883,144.2382069541208,135.50656730964826,141.67926187466847,139.85757146266812,0
1.5130112949541663,1.495330224628563,1.426842460725664,1.4521370124817345,1.5290019465263889,1.5655742851788763,2.3675670924370755,2.4268966904061764,1.5648762560369696,1.5533451644984406,0.5087420397645196,0.18842701704665626,0.20568335715359512,0.1404669757712647,0.5774944809381174,0.6040213668862657,62.62929429377539,59.817633473703275,14.926701617279813,142.88443108366397,133.2513396467425,146.2286229537336,151.174621877723,0
0.9310547539280639,0.9154218412178788,1.4236944621658354,1.3516053413958549,0.5549802869797089,0.7535781862654556,2.391075767104454,2.34839315273506,0.7856958174202585,0.7197572237538911,0.5309721126086435,0.2413295226833427,0.5638072325400346,0.3008658293029914,0.6896609934997512,0.7183634795509947,18.440097912269387,11.507203451689717,19.13357175421245,137.1563252500904,136.66438521651568,125.37713484258455,131.37378332943382,0
0.9351774151938569,0.8952938047711744,1.3179412282692018,1.237531346528723,0.8823879859249795,0.8892381352452458,2.282757055043029,2.1996407033233143,0.9336847878718394,1.0039542325324005,0.5427178837155415,0.2840787450962821,0.6442754071189591,0.37875949468692555,0.6604577583277301,0.7177554436755337,26.27905751456431,35.168296096703514,24.274452260889873,125.16361142892814,135.289323217023,127.17648301288446,142.03679977573108,0
1.0279552128517062,0.9734768802094239,1.5399909319485454,1.4712402327726297,0.6938929620963166,0.8228657881195542,2.5040680288944603,2.5022818270864047,0.8088160381300095,0.9075581149521907,0.5172208925092947,0.2771596932173625,0.6443063088943942,0.23657642969283565,0.6941904593258211,0.6693806396095748,21.45110372743349,18.65928382335773,21.60888179098345,150.36718080371585,140.78133422679596,125.09288517340843,136.21391341033979,0
0.9793082323229417,0.8753346277609302,1.4547140190248458,1.4194550144409752,0.5297662947648872,0.14038432199092685,2.529532068419726,2.3410587941542067,0.6643933292738815,1.3241342534392133,1.5481697475787803,0.807031178432318,1.1937445566285616,0.8508770791081988,0.7470342026839706,0.6779298652258542,13.850050315734522,40.53698543658676,56.09059229397683,152.98647307076672,152.54615683515027,129.96026843649494,152.6053343957422,0
1.0249022550272933,0.8385904240914074,1.4467111411754687,1.3867990040020766,0.8113352943532562,0.18998635754249465,2.542043210140713,2.2975113128931492,0.9679568493839213,1.6601307296507333,1.8341947387227893,0.8270584677292062,1.7623037081526653,0.9399993038542932,0.7356112214331938,0.6659465249554143,32.8998727573247,54.64459602172809,57.31917512851035,144.96192853362228,148.3462973888846,128.02294251694516,159.6171427441859,0
0.9645788040903003,0.9840983418586192,1.5158581233580948,1.4829411495418918,0.4744899423908903,0.5354535075987756,2.485285502521256,2.4916486773142013,0.7151833070634048,0.5611491443476129,0.5450516736042058,0.16087408410322523,0.7016946949949757,0.15597060879283792,0.6813436864496921,0.6630086192629767,13.6044123549452,15.908691289119915,10.94417078748207,116.36788870803478,112.67380971945046,121.97726439286447,113.98097112207789,0
1.0412419700722249,1.0514017842276207,1.5147856387381915,1.5129840696515682,0.4500506647303906,0.5272102089365093,2.495700499494971,2.530709184303208,0.6335417758660568,0.5158432959021617,0.44679754907732416,0.1210295869112991,0.44559921359753735,0.18350751051834702,0.7434496651196405,0.7453685134711179,8.367436832094832,11.320397108814259,8.154728888037372,130.02049722937818,121.66836684961406,124.47375369344303,116.73340860446167,0
1.0500975508663322,1.0502420532811458,1.5622950458343319,1.550096836636098,0.4156926576354206,0.5114286198824737,2.5374146553989885,2.5402925121159075,0.5948618215222532,0.5316828686325529,0.442258331214016,0.1524704125772397,0.4834911515535233,0.1604485766623062,0.7455449928424126,0.7180987540212154,8.519998932184475,9.254867490560459,10.030777520231105,112.2282527838254,106.71908619510653,129.37440494954487,125.7991451726474,0
0.9783925802643503,1.0122447088660589,1.4024913579039655,1.311383985929556,0.5556785920407458,0.7014936953880296,2.400174980382037,2.3099936110358894,0.763706894223286,0.6340273920120869,0.4168519804147693,0.24148571882529732,0.46530781341004074,0.328730071344583,0.6388716231278209,0.6602780740994916,17.021813397761026,10.729046911746934,19.60828222205059,104.64176792116518,108.33536443673057,131.74853424188578,128.76382177593266,0
0.9811777901241371,0.9597942581125223,1.5372089542860397,1.3956249043218694,0.7808320011024009,0.9107225445745161,2.4572497149423755,2.455738244171802,0.887661197476185,0.9795733422186897,0.5112058915289102,0.24383481049744007,0.6930336335063596,0.224913434105324,0.7870613035404371,0.6957590812601612,25.03131110970163,27.004787397343073,18.6764316008462,143.72338823573781,136.7479319572731,122.75966581258452,134.00945195613897,0
0.842072775134351,0.9272277518210503,1.58004003703547,1.5895302606965158,0.4992286805595709,0.5415274478072486,2.5800266604770083,2.5815537349890363,0.5510870489176163,0.6325770568292048,0.5060362858500327,0.15711433968120256,0.4059465059219641,0.11527752611046573,0.6547671108807126,0.6896983944229915,10.564448863154512,15.139326204306515,11.80380337927434,128.12413804955293,128.82012568826022,115.19486295848338,107.64392026381418,0
0.7102213722283154,0.8230818306355522,1.534252215284439,1.5497154989870918,0.3444298073448498,0.67471636594652,2.496042113508971,2.479730661681071,0.7336378949345403,0.4528276891929141,0.6004347364479142,0.16735394669748135,0.7198561916127595,0.08905203230174115,0.6227764405305022,0.5347293588371526,12.304490372946095,36.67656029691928,11.871582382168643,126.05894087172078,118.52652192348532,111.16850686427358,102.93450009823273,0
0.8493793040349988,0.9566735856628604,1.5403322140125262,1.6003500047295716,0.5441629797439315,0.5038326941754102,2.5539138722662065,2.569388807282847,0.9667281073836269,0.3629834036136578,0.7578446968559893,0.4137138175833847,0.5913620762312813,0.32827236737017645,0.6082451499994193,0.7154482494346095,10.048808659104873,15.661330873946534,29.969116025552193,126.21186022608755,125.25768972519694,131.4617345395397,99.49513289069546,0
1.2944522866568762,0.9856489122380013,1.5670575224740444,1.5997226944147314,1.3764042853423706,0.28622089207963464,2.5354488454693414,2.5289253590017835,0.44580142785730537,1.4711933107196575,0.8505886759651583,0.18606928401107242,1.3924910700913335,0.1404418825337852,0.5851527389635098,0.7404449760835762,23.198387890464705,43.48967397960383,13.757339834092466,126.18376686671644,119.2175352219379,120.99581322879548,134.69875611371907,0
0.8006646200229035,0.8550206610146478,1.5876289700908799,1.5993753149654346,0.49286991879078107,0.43050264011267264,2.5903229628394615,2.55493027214028,0.3830452321983537,0.6776042766247728,0.5279997589041596,0.22526248742015556,0.3801628230456719,0.1947369833825943,0.6093527775202249,0.6637258071172767,12.284123853587102,17.02698269559854,16.006489932840786,133.68807422010775,130.32988067740547,108.77320474483729,109.52636074944164,0
0.8117291151402333,0.6962962804748414,1.4741141814417484,1.4386269494986417,1.6857517742511121,1.615055254085671,2.403668523724934,2.3712452168106095,1.6482037155025526,1.764820017245128,0.8914977412630566,0.1565565235212056,0.8783757411950949,0.0745208215709332,0.21655763474278664,0.23367096162646686,115.34278608284585,109.7701350331321,13.002818923336322,139.63143333655307,137.33482458235693,116.50393427029749,124.4137775445619,0
0.6566942852879317,0.7018403934128102,1.6039361967173285,1.7175377217183156,0.972952210309259,0.9773791198562766,2.574696246141749,2.7549202178668772,1.1689748725367743,1.2118693360267416,0.9072225488470826,0.2834379671365489,1.2767984284172509,0.20745494457213423,0.4914496740876191,0.5676319576962437,24.090912764431614,22.616545476026925,30.350870915322844,127.25534663049952,127.94810260748959,82.86247645776312,68.85101907060366,0
1.0696181451022724,0.9876467070950349,1.504268273062378,1.0950972463726707,0.8297014029359779,0.6071126924070636,2.478532422255273,1.9507861760652758,0.5004286772811753,1.1653173669685537,0.7189297101730864,0.9399272775320293,0.7733880509491614,1.2811885130330591,0.6081574932754845,0.7169980801859464,6.465163446412611,26.43630692320971,64.62792004756118,67.10663108116154,113.12828113815063,113.34603004572556,141.0308289678882,0
0.973326994509718,0.9068785488541897,1.1142704995437065,0.9586343872662898,0.9986514112927771,0.9022614347179683,1.9800921243735776,1.7784204841296192,0.7134862806891682,1.2972906421693096,0.6150882977147852,0.5848929885747337,0.5645216780619545,0.7488441351535784,0.8181857717873154,0.7213825870041736,34.71889072261683,48.72629112852207,44.63957926574154,76.01542531203,100.74199423037146,135.7220190303088,156.37563822346291,0
1.2254406305268692,1.2413894506355165,1.5974705527082387,1.5851941498050912,1.1388931283989807,1.0456830966414405,2.564129611496029,2.537661750074163,1.1099069614317698,1.2150033914959313,0.5181450752766327,0.17611410261764907,0.766138953051402,0.12260481144416831,0.6429897390442981,0.6182825400582836,20.515186764924696,22.774704838856373,12.750392685480769,127.84464880998452,124.97833039218608,125.52994036788148,118.25725979236958,0
0.6323817868261703,0.8414744797573667,1.2376352794847831,1.5228790158300967,0.35717489276521436,1.068978633414913,2.1159247806673513,2.6783308417116927,1.4808794578156235,0.45940973213277203,1.4072473115687794,0.20320295778801922,1.2812497813032306,0.26132593048398756,0.5049214914494665,0.5080299638622222,59.789012912356505,18.093155055123518,21.064341167035746,160.8940954166442,136.24454158422498,136.04961647246319,94.81227950376989,0
1.0190174837739707,1.0198614917320223,1.415194546658649,1.434483126589954,0.4750807809112309,0.4818610636050489,2.41116423935473,2.442509423366258,0.9339563293280947,0.9216638115087666,1.0119855246950413,0.3412508198709656,1.391152672239806,0.32932422364068514,0.7240592061040008,0.697196558117672,27.484502976413758,22.536345330638454,27.068503400899232,168.03432199631615,175.16326473159316,164.54326642514926,168.23815034923786,0
0.9415466569213602,1.0229263326686455,1.6291828300185094,1.6055554938219534,0.20921745401302097,0.2908175901740926,2.5860426957354243,2.53161058240491,0.7688143087682068,0.596530097930247,0.7917797854598049,0.4774737394658948,0.8764076127701402,0.47351690741895064,0.7722213521997712,0.7872389451634803,18.975281344170504,6.612703507095727,31.443349239524952,174.49352551236333,171.1009149995905,162.44712436833356,166.42765448227286,0
0.9195637121015185,0.9006573085806057,1.4633898295322423,1.437367153516862,0.6067444489122693,0.6944587516008053,2.4392009942157773,2.4509689936683787,0.7171055995810935,0.7136822991302595,0.44086771474977693,0.20387475697234886,0.4967070153222083,0.11267123799366893,0.6203497557337099,0.5737546567754909,14.017413127258973,10.519602794706723,17.828548226565516,119.86832695237572,117.33650325415242,121.27784722447882,117.55648975522928,0
0.9383866287192112,0.9032633763410636,1.5052757111676371,1.4813042282266227,0.5203373283743985,0.6107291082151708,2.486383300236489,2.481107550658902,0.6779682020452007,0.5918275185239754,0.4404470269048362,0.20618795985498095,0.4535647140568677,0.1359786116440435,0.6502803716889554,0.6065911569575918,11.768640093252662,8.741134147618922,17.520620376343004,116.92804406096396,113.92456077251997,124.76081743885011,118.72138182450092,0
0.8840151009979206,0.8735949057425715,1.5028799263055757,1.4747515019796076,0.4851767062131946,0.69110776729038,2.4455907243143713,2.49973352730479,0.7625764030288058,0.5485488746469152,0.4845859253305988,0.17247166834724598,0.5095886705077742,0.09609347461211981,0.6268598124848056,0.5474352893071378,15.92488901145263,10.439857449069919,15.55628692839212,120.78404913523899,117.2577396976747,125.56163005510432,113.75092873315737,0
0.9272288935504099,0.8978047070479778,1.4716329515077593,1.4489333099300266,0.6148837995643133,0.657156623343231,2.439442258555211,2.4553100387109428,0.6436281221270446,0.7530279862598335,0.42117898854759617,0.20508757433115665,0.46042094721488425,0.14403395162880292,0.6085216334418828,0.5636770801635478,11.577714624051978,10.286470730220337,18.231270895478033,119.11445025545878,116.13077052861188,120.31896044537336,119.57625643560108,0
0.9564496342476898,0.9453145479573469,1.4595623685832249,1.4390106349773275,0.6654239840855871,0.5745261005970809,2.45304501847022,2.441773009470616,0.7027811431656669,0.6737428360972203,0.44043823696188955,0.21572698645894972,0.46925819716061073,0.20969566210963209,0.6479084108251315,0.6384041083817179,10.75124782664674,10.174241947108419,17.78932235729392,128.10388027632416,126.61803375449031,128.2826810654133,117.34017004834757,0
1.1869703896943775,1.1815366428675542,1.8001766407184236,1.847126759023183,1.6651980452334796,1.5486757967744096,2.784573471140387,2.790451686148719,1.4605460417666472,1.8257680941486638,0.5524766905516306,0.2965903127453092,0.6530051763706923,0.19809982044179172,0.4430682864280511,0.4286426473828026,46.31270721656238,61.43845787115197,23.756068984374256,137.53855080717054,126.6486780153365,117.29784372554286,122.27108359185874,0
0.7806654469648373,0.8154597607465247,1.5968631346796922,1.6388316148743027,0.9125910680899332,0.7925215894496538,2.5625477004868613,2.6106628741886744,0.5484196457117223,1.263824017548548,0.6227669420449802,0.3642030087005705,0.6111375456416994,0.39060548918166044,0.46044941997949174,0.5402192539620251,14.854961289102881,28.945047886349265,25.24107343552287,156.90786300541987,157.14383683480222,108.99370888536706,120.11794975615653,0
0.8515420112269624,0.8904970090293687,1.5255676581501696,1.540566891149057,0.6892371780338267,0.7168495313236573,2.519147378503593,2.550939364062366,0.7015200058196742,0.8239936170561422,0.4319972335107105,0.1923805075777384,0.4710540108835359,0.10769176218223418,0.6247010168575385,0.6567000655234223,13.622842042778133,11.474718630343332,15.698088163643806,142.08177942039387,140.38970835934393,118.04309264320841,112.12152329611699,0
0.5889851651387794,0.24974081578651047,1.5434310421658934,1.5694252734265097,0.995035200539942,1.0548677183174748,2.538473589475217,2.552982975587986,1.0528364281186982,0.9863135385871634,0.23079381749557332,0.14854528486954077,0.4397432111678282,0.08723303896155174,0.5706502088688542,0.3735621689168806,10.801061902778635,15.084273824783969,11.075441995104194,135.6338104663416,122.46945138689377,34.13229546373472,79.02898742404683,0
1.3583875025476895,1.262387612819261,1.6679711630961485,1.7152500725429713,1.6112515679077375,1.3651307960797114,2.5453708515610995,2.5457655562922716,1.4647276282989607,1.5466650804113018,0.3692555262122423,0.129369692735976,0.301093096712207,0.10882203889101798,0.28160620369039135,0.3203198197379426,43.09999362989026,48.53392796710326,9.023135359046927,114.7240168213236,105.08651950062158,120.05488892898435,111.92890222879358,0
1.245647488390079,1.2265006916294947,1.7130079876337225,1.7687016355802458,1.4717224975458831,1.5639325983617371,2.561089480542992,2.586798170049945,1.6128587052908798,1.446987807564803,0.40498760394576405,0.17538378272061317,0.22988974643663682,0.11973732386857576,0.2191467065204377,0.1876568718451503,53.33795958084495,41.785037975002545,11.553134244986415,112.5448644653764,98.40705375542535,108.9084946189664,104.08858334143942,0
1.2745717158034018,1.6372450075170313,1.4059176004015097,1.46530293805798,1.6750328115634585,2.415883872590224,2.342868612045832,2.521213964427069,3.167372682161635,2.4115014348796695,2.986033338620834,0.9820765052389292,4.175977128261551,1.0541851674495997,0.8985194004526272,0.8563084485222183,118.50736574460107,89.35256367065442,68.00269312905911,159.4175087301521,161.1815077278478,163.84955875920937,164.229749418105,0
0.9350398293937846,0.686347327286653,1.0744562369629842,1.5645784936352534,1.5817126146179048,1.5796009847105323,2.0442283639773864,2.6065789109196387,2.28396099903273,2.317881166644633,2.593992719501766,0.9506780227398569,2.94419745765674,1.0324728613101721,0.6679814118125159,0.3751561547467276,103.1964914962975,91.30878167214118,70.33058626401682,164.60012806148268,161.70322580481138,105.78169245222931,128.10256956417703,0
0.6656022536080458,1.2223535312170428,1.4740167018672081,1.52024442164413,1.035397690804216,1.910414916065345,2.3709371689899483,2.59131835120679,2.7244546935251517,1.7023450163743923,2.5104568974718813,0.8963163393796895,3.151227176861394,0.8912673788046598,0.7079791967456597,0.5057540629255838,100.18633305074034,68.2943370923679,59.513692768728994,156.41815653290783,157.09466524156483,149.4813138616559,138.46357891640753,0
1.0104828727071202,1.3630801262975425,1.447188918472415,1.5131880649219929,1.2389055393711856,1.9024553608894241,2.4063507360074867,2.567445725524668,2.745721334359845,2.0619395797301077,2.694448423312367,0.8574490140420139,3.661503775647742,0.8523772909611442,0.784820771574694,0.7239878490491134,93.51288294969923,70.52819639341585,58.71698759904305,158.19729288590383,156.96555512451107,155.48207702159706,163.28645466332827,0
0.7513259033586916,0.7792262483423456,1.6038456574712807,1.6413196801036312,0.2865664293535613,0.3396615806804147,2.4347523779004434,2.5524789820529947,0.1573265626422968,0.5675237746259666,0.3913599688355237,0.36599984105798017,0.24398505673631143,0.41792113578464146,0.7416341117926613,0.772636610100349,14.747532052187093,24.205752566921507,25.031934790916043,174.12884348733766,174.48105696167943,176.39978417017272,151.3976365556505,0
0.7278877056618315,1.0312009413250416,1.6633833797960396,1.5718935831181897,0.2470873341945625,0.3604863420354176,2.6238797482683585,2.5866582764418182,0.9648410098724702,0.5843632296805893,0.8165696545735864,0.6479344158258505,0.9281263567465916,0.6940600386796869,0.7119893530659358,0.7324937484769256,19.82680105130229,8.518236440499624,41.06723088036031,175.52072726389667,177.2682709773879,172.0190694869865,157.4255039051993,0
0.9876109965399628,1.0662700898151474,1.527036347737678,1.5456049853236948,0.8890325795657847,1.101491167343757,2.5426559082820983,2.435340135077316,0.8536601712536267,1.1921317792894555,0.44523672321498303,0.606992399617847,0.24807204649450798,0.799986991307842,0.6136196517484597,0.4419338362580636,34.49766868795851,27.737239444169116,40.46844776734903,129.72600087618963,123.54823405602268,126.38728686833558,128.27252627702154,0
0.9207231360258373,0.925071294785865,1.404290777271999,1.4370783635177202,0.29718093128728196,0.37537836815645076,2.3189759919683834,2.425164119744877,0.5937574726827229,0.7985456592249235,0.8261835405416917,0.4809912608438525,0.8814210243372101,0.5368622462226488,0.7315428634172231,0.6797297885499308,15.800450085764087,23.3845768534457,38.618178104848816,173.24990765642724,173.66904144088278,159.80552754935883,167.85164787465507,0
0.9641437956529995,0.8548215559876083,1.4098133982425793,1.3254206351006923,0.7580161873347804,0.7345332207240133,2.3995747824254425,2.331390556461367,0.7281467523754498,0.923154365874321,0.489974424724946,0.2489380495526368,0.5306499297421151,0.26491405752749725,0.6259168374368871,0.608733296843215,11.574684058000418,18.780046910383273,21.497074096298896,133.27558937514388,124.62565733294711,112.35724915979121,127.62930650565596,0
1.1166926257330791,1.0158294582221645,1.1374483607017714,1.0868123501667206,1.0917540631053817,1.0647194163731992,2.133958881551153,2.0824008389220396,1.0882208674360927,1.162187084585076,0.4498255216467008,0.2732522529467352,0.4471301373506691,0.30916644121938086,0.5583451594016668,0.6270420007160414,30.41912409577547,33.33348230406401,28.052634303906203,91.60104869384514,98.09804715981053,124.72916039647923,134.01911507848928,0
0.8571896535130007,0.9418615871800091,0.7772918991692276,0.6724558453505846,0.7076220969222319,0.719706621813301,1.7548661644811916,1.680612491822029,0.7994188300175523,0.8146024521346398,0.5429471600241136,0.27773440481349027,0.6887549028726454,0.216634861593466,0.2801907560636005,0.3375713946054505,14.617434392446706,16.44375872279339,37.56383343274974,53.08612976341815,43.67413511395863,120.1831140911785,113.53974989263004,0
1.0370542735594006,1.0743114424709006,1.504686198030115,1.5076179822996232,0.3833803362998086,0.42894054465028236,2.5122942981965295,2.4763399902823493,0.6393896494643083,0.38269779610973004,0.451851271827053,0.1619810160942392,0.4769429196738536,0.2352596795849108,0.711105106188573,0.7471900640783334,7.354632065442909,6.481128510122461,10.15318748836385,99.71569040289526,92.2147501903291,138.15579908049162,133.7487695832588,0
0.8694088963458851,1.013657761215658,1.4960611444865077,1.51668899752587,0.4852883063486062,0.14522479183622525,2.3293213317108603,2.538120640816766,0.4397144415029122,0.7539344342430264,0.8774069437032147,0.2849515519871729,0.8454252575966561,0.2881304307401668,0.8322486860838878,0.728795782407559,12.050114758706462,38.334909280821506,25.29255228337318,101.85407681960673,90.69393512609992,165.6734504134114,137.72807796373314,0
0.8163891530350528,1.4724641244303973,1.4103385913705446,1.6347805290377133,1.5562703986020023,1.8246008478626148,2.4306231261490696,2.5268855032798414,1.329303295989441,2.101855534205917,0.9624060907251478,1.100494268025144,0.35980943982516084,1.4099497934550707,0.42171943335550316,0.3370059003522254,60.282612013919916,75.70985798158668,72.38900441783383,156.10813887266235,147.1156131183756,124.33446795344962,93.99218661362315,0
0.9272236459416946,1.4025784953463116,1.3412859622717574,1.6460979421044235,1.5330836781795256,1.6942349072850602,2.3610952751249856,2.4880730850587436,1.2479666252151875,2.0483266843504695,0.92420358551494,1.1408333156425445,0.4272410926948625,1.4525441276813302,0.43593889094804933,0.2334023596370137,51.54145528678451,64.5299857428003,77.20992424683118,148.12210977912923,128.1333403047572,117.67120610943702,94.60894978438243,0
0.8038595040886215,1.4284901045330136,1.3858209260506136,1.5621983076475203,1.5245803355340044,1.7585724174890902,2.4138512249141573,2.4485072519204283,1.256482628603519,2.091273394668631,1.041418962808559,0.9909684489372286,0.40767099554606406,1.1158487965899235,0.2962384547871798,0.32671631739298085,54.42525138905263,70.45054185065099,68.5925906885338,145.3231247120894,131.39122452618093,117.35384477508794,84.19196321966048,0
0.6954116787149629,1.4982535469982587,1.3175375377119307,1.4860837385320984,1.418289575952426,1.8530842428064902,2.333449402263053,2.406394750902644,1.3497458314087112,1.9381602929465493,0.8170832587234498,0.9619797531954052,0.22880483755610098,1.1305571396867182,0.29621171779207284,0.4134743226212604,58.8986701308063,67.9207330805628,70.06648202092711,144.47472574675817,132.02804011231206,120.79902378979442,83.96688201984973,0
0.796722327158017,1.5222219151474052,1.3514401525049184,1.5453495009670377,1.4359512053993249,1.7771605163742275,2.375570895882788,2.4226801768236332,1.2740732592726343,1.9929993193890287,0.9480000371673037,1.140352486799136,0.3219804538705647,1.3564847581457908,0.3613817303579532,0.3708363922237154,53.47986136048224,59.119987678718374,76.42056007727936,146.7297157943449,128.0085037845643,120.23572525007177,80.59174217627758,0
0.9378671539582603,1.5235215283894705,1.3076637088437875,1.524191891217074,1.7045236055674198,1.9666906514573999,2.3103567644872873,2.465103401517705,1.3905564517441051,2.3322280180648214,1.0747581992724458,1.1795430333443275,0.45001795662796024,1.4717329515501516,0.6306445450293802,0.4901571969741206,66.86959307955028,80.34329706043967,82.08080493610612,158.7108718463432,139.52632552813682,122.99766322647231,93.75859274561576,0
0.7869580661673784,1.3012957807171968,1.426013456864174,1.4422467712160651,1.4809730348653514,1.631913838371304,2.4394666224809423,2.398127518177277,1.2467131956576498,1.953282168680322,0.9600889085631259,0.8673452951144123,0.4070621735478067,1.065564557628302,0.48850336916330395,0.43972827257838953,49.45530985783019,73.79178836819445,62.82834243600567,157.54631244822667,156.4949306513247,111.9054295531362,100.09273479530664,0
1.1498420365022164,1.252310320493736,1.5681234469588647,1.6434766955236446,1.336120936749169,1.357204027776392,2.396212131946344,2.482988985981022,1.3476560400294229,1.3886716019370744,0.5049734079347485,0.24628786749402665,0.2410020101444477,0.21358383636718117,0.24572936348751456,0.25686939006485965,36.82245464475476,41.63209885361844,18.200031639700445,133.72663344112632,129.5797094116172,110.8263396820779,106.67121769500167,0
1.5341786115028255,1.40482866007344,1.5897024436524572,1.6309656321572439,1.804567766003694,1.7792499341666719,2.4343916840342303,2.5547805800278707,1.829744449518507,1.7770332519097896,0.3903969672647188,0.17322197798540107,0.20471032033768272,0.11871709852479068,0.3192054904679141,0.28308767317014394,62.8978796619503,57.926476191117516,13.256343689834926,135.96866751503717,127.08976522286859,120.17243816929734,120.30240997387794,0
1.3130884645956813,1.3342820665328223,1.5419145310502496,1.6772194913966543,1.5605932382599728,1.6217739756734333,2.4115282959404976,2.565199276193586,1.6865320845741711,1.5255409963610373,0.44305901856458313,0.2119130396338031,0.25742801376983154,0.18835452386970353,0.31399589507980596,0.2357126625130353,54.192240054020864,51.73095036323485,15.674958048166916,141.70041732196623,131.34639803272245,118.1898846394618,114.91457324839506,0
1.384949007652292,1.3976461161298053,1.63878197956944,1.6732732767593659,1.5796663189424083,1.542944851018794,2.4800159053816935,2.4995605567388766,1.4440008331761542,1.7249206105875592,0.5695211707016931,0.2967591858180967,0.3168592676306627,0.3159995180246715,0.2933646380043629,0.2461283972520911,43.62136801027426,46.97718750474873,21.033939764955047,132.0110729784379,131.26615842718113,116.76284349394277,110.84153344476893,0
1.2197850831329538,1.2388601286933714,1.5776752826299991,1.6583620179664686,1.4215646232320003,1.4082683195922945,2.399913557150089,2.5077566465290544,1.4579728331062822,1.4050444322430704,0.46558420319811594,0.20802798307433062,0.2297664272107454,0.15468059545245094,0.2516545812178755,0.2200999993248431,41.57641362416777,42.381123985200624,14.895194835823025,126.58561454946978,119.55474418715485,112.25647549657656,106.08537125464997,0
0.3530981723851156,1.0597847148175639,1.486412002791216,1.4835180655192142,1.0073573309563293,1.138308286225581,2.5141275142027086,2.3232080649650806,0.7631064253738451,1.4992777146344785,1.2223537866598493,1.0263074022934608,0.40034307883007425,0.711010546024601,0.2692986662906913,0.23957856590805485,15.57725705637165,40.62651306184184,64.41745948028925,104.2687294365494,77.23414314897016,101.12087446482445,39.118043007536414,0
0.3691015375958491,1.093766647314621,1.5534374821997412,1.5291335503308714,0.8110421580506344,1.2438343663060487,2.6143199854415045,2.4032649271798663,0.7968857814576717,1.3319912836245775,1.182306501849977,0.9818842519650843,0.2090860238597685,0.7842974728613846,0.3909699797840211,0.2904064290120472,23.99389781985348,35.605822709251854,63.134394410531314,109.8867437487684,91.45026334507358,105.18932040699815,43.069383357842526,0
0.8356498179298889,0.8322554293226677,1.3456739412124985,1.3808400629554496,0.7321015871642801,0.8570406053596431,2.3106904685698497,2.406388511240431,0.9011180458863722,0.7454441761409953,0.3645096446606816,0.1367473196667221,0.33066252535909896,0.09033768742506465,0.6159283377126072,0.6168768880478743,30.81214730856691,22.8688097646271,12.34087120210824,135.59040076698668,124.94110020108941,134.7246299096352,128.75905377762854,0
0.9294227252987849,0.8936453194945078,1.402476338202156,1.4298475435551343,0.46594381689063363,0.5522459501255781,2.3964381647299904,2.431501502364297,0.5591427463536379,0.5996160153591118,0.3923765152568492,0.22441340923553754,0.38776457082593435,0.19761374944923596,0.6826382686142436,0.6697292890089176,10.963026202870216,7.1175391812393425,18.6521421511698,144.3678734598778,138.26558714174863,130.94227811486823,133.5017147345516,0
0.8093687087172917,0.8407583537734171,1.2926717463856987,1.267192815945228,0.8046249380127346,0.8326590012946733,2.282633369668572,2.274903882740073,0.884250147661785,0.8288796267173651,0.364187403692359,0.13156444787878746,0.3916806413085972,0.13468882344780223,0.5326280837777206,0.5697634189443477,22.272428235984332,19.25958462564102,13.589438436951044,127.22859094087575,132.29710511279006,122.60518920734651,116.70196535662458,0
0.8390771872568529,0.8279251558128504,1.2432251250699762,1.2968433468759109,0.22978118545899442,0.17509298431939632,2.26752591573808,2.1935431742970466,0.2911973661483629,0.5068510259331693,0.6219672224342414,0.4732754179729728,0.41280169926111654,0.5622726932617356,0.5214218794109906,0.5652725447279308,20.71868745032957,9.973480287918436,39.84615086163265,110.34983356552681,108.06913583814391,110.35008651324016,152.1051328403156,0
0.9366604955992059,1.0260219514038749,1.4006358408715178,1.4027659614915469,0.5118324020407204,0.6055424419110681,2.3833379742811465,2.417787395979589,0.6980690520311823,0.587458756048703,0.4353882319416429,0.13157350014330066,0.5306401103125711,0.09147311465793125,0.6269275685848268,0.6537492496503626,10.864876385575245,9.498067543725318,10.86599944957867,134.5600813349333,136.378171872356,131.60673379538963,120.0325208449172,0
0.9562382591107894,0.966385280690656,1.4500201921853213,1.4280046757397904,0.5255944595661907,0.5761460642776309,2.437125734323655,2.4450233522615177,0.7257574737025307,0.6077193071294057,0.4853885063732758,0.19410992218082473,0.6786101561357506,0.1383355527689953,0.6873221447188445,0.6660687768117314,10.706179863252128,10.946764502483797,14.283144022873254,137.03647054722273,135.13625165073117,125.32494402361803,117.84850073004063,0
1.0168134416625658,0.8504313783306666,1.632500823611835,1.7018737909855508,1.0909677235938624,0.5900637214989115,2.61548485399498,2.693456008928428,0.6155138142085306,1.200894326679976,0.4727582622575502,0.1689333513605681,0.7729059835381324,0.23546305893928604,0.6146190455579335,0.6718676880357283,7.41528202330009,18.616659665834305,12.203433434833647,131.36324940266343,130.7674128092359,101.97817639074357,104.24188274128137,0
0.9699354895386503,1.0032165443320955,1.5393651662614374,1.6058650418351348,0.27769931718634444,0.38421549204990085,2.5289468028124142,2.5875047008824814,0.4458832903935623,0.6624927695761723,0.6091284957475669,0.33541208982293114,0.6793939342920498,0.2760561663615847,0.7785178297812256,0.8265170740822458,6.447106489782041,12.283906325481624,24.776044173689968,170.12698233976155,172.89513616517632,142.77670540722366,171.25313927167358,0
0.9067947156561629,0.8812570746597559,1.4890062949628442,1.469965041784747,0.5752119504427438,0.5672966834770432,2.487173307625058,2.4732835421260875,0.6384989158681574,0.6620601243812061,0.4454456356830812,0.1675724611374714,0.4785214508233969,0.10089349249921648,0.6553521652964571,0.6237095841963639,10.24195704773703,8.496269310865273,13.627768440629534,112.10189118477926,112.92950078021337,116.99055154033415,114.25376222757758,0
0.9043418980831556,0.9725854400057301,1.3237031534087975,1.3817895573281465,0.7117677849992722,0.7343041840897789,2.329152219031112,2.379953915428328,1.0465500363166764,0.5014148038342168,0.49778611895600167,0.24275797758925294,0.5017213466070846,0.27067886085244885,0.5969053971190483,0.6524016237487926,23.715321054089785,13.886036319414744,21.519404783332657,129.1813186278532,120.68579677244746,140.61440019825065,121.53743276815214,0
0.9404822619503589,0.9275942754675213,1.64958825887579,1.661685482554177,0.5664351519783981,0.5992872198262806,2.5801025647502795,2.6138844804562327,0.6228338082305194,0.7032808186389864,0.41900095196236803,0.24194995865392482,0.5081487730805215,0.1260625912453273,0.6528062564661373,0.6366982345464186,8.760803676332268,8.083382235792488,20.86137053762313,134.94890794029618,122.8008194195003,119.57454091143143,117.02164956782303,0
0.933852923816397,1.0031593921323934,1.512764514212775,1.5075450360303042,0.5891203652947502,0.6708436878518712,2.5003056479266625,2.4902512109760826,0.7946852965923356,0.5822499177666616,0.420914410449252,0.13531450487881358,0.4535733201491173,0.23073392561451542,0.6032481825341259,0.6731164644807187,12.986842856058193,9.023450715804769,11.562466679208823,108.24828700192147,97.97798831634931,126.98285713993302,120.60472690145758,0
0.9155789753928988,0.9236619796191298,1.401517319355257,1.5006002065329487,0.5686982491084128,0.5066089528117478,2.402033187138842,2.4862906892876144,0.526970354456063,0.7480022117262469,0.45685103224211515,0.3497940690694303,0.5919687103187443,0.4830159597199558,0.647962274987941,0.6444478798654072,9.65227932506997,8.297418423183204,27.911325115437993,130.407211363014,121.98455694212375,114.91735073239114,118.36263561772148,0
0.9205007546434397,0.8940624492812335,1.558414972370332,1.502887878817284,0.5361379816184111,1.0369820016557583,2.463316473099126,2.5872115055681166,1.3061851405443563,0.4420325957085479,0.878959911853455,0.3609693052079699,0.8432568013970163,0.4872569524340841,0.6615623717230892,0.6007844217453832,39.01773754964115,6.411526005975182,27.198132608649477,149.52075173161504,143.6173633683797,127.33249665231575,120.7840777425992,0
0.9741198271111169,1.004412898498465,1.644016815804832,1.5741667400913728,0.5856504390393624,0.5074747512067644,2.594568978271687,2.5298584989426023,0.6944839391542781,0.5639721263071801,0.4153407868203928,0.23929137503187803,0.5029661367095486,0.27670245387987885,0.6561503016507083,0.6822557616427916,7.878990875655202,6.639098699058001,19.204221647459516,109.80661032658794,114.20131812964009,123.21357378522353,115.18470954158073,0
0.9678658698914865,0.9691920699401817,1.4092623321650912,1.3996653794334848,0.5406216289318756,0.5420234225776382,2.394123253458011,2.4009298485751027,0.5772689262915093,0.6723559152758926,0.45152377114580927,0.16778182083327856,0.47077903221667955,0.09930078575337857,0.620966169256083,0.6143081537538694,10.514681010382759,8.621086058729148,14.284648549704427,125.83597467122515,138.02231438859454,126.95426015766064,125.68696462312498,0
0.8928929272538301,0.9671067557490045,1.5341147767940584,1.5120050599009576,0.6439767937474206,0.8264832789603026,2.5046677545994194,2.5400874204843893,0.7751876777155945,0.8315274761982147,0.401703817954128,0.2891566242307008,0.4722092498980183,0.22529646659628938,0.6527166600782301,0.6805838439286702,21.37496750718199,15.676546818583622,23.22381195413953,143.08669766051662,131.6252019333575,125.5932369478661,128.9708380984895,0
0.855224413576728,0.8944076328848864,1.7663089095235696,1.777617484589976,0.5373805308727975,0.6530320155381305,2.7448066016031367,2.7544543319452974,0.9534807464306013,0.656467908194095,0.7153573351681136,0.3549232950481703,0.865804976986834,0.21119957284017477,0.7157471559324184,0.7102800914910712,14.465595217520185,18.68399337860791,28.44552472470511,100.73288767785634,86.9879017701318,93.20676395798786,84.22865443323522,0
0.7959194580587894,0.8739825418499593,1.873265993580849,2.0664629662167373,0.37742189672412335,0.5992537718880261,2.5539178236446536,3.1811895439253233,1.7073695299937717,0.7672473400959963,2.0607092722921916,1.038618435363567,1.350065073508289,0.9111937929137106,0.7641553976548711,0.7980427698246207,42.726455005802535,35.41656454804072,66.43591392868068,152.08538894026051,147.3010387678936,142.21450298554214,77.20294568156034,0
1.0035708875932932,0.9844493468271605,1.131519120420516,1.4457916851578587,0.5844686350910615,0.6564931090255565,2.1069805847816023,2.452598002374738,0.6882726109964789,0.752849018885961,0.4947677163330655,0.8392043958805252,0.6139611862714575,0.6829889553630568,0.5939735853582016,0.5965575392210407,19.66421336512,14.836518313251606,64.57024612604765,124.18307443585553,65.65386722067873,140.06654700368253,135.71614040355433,0
0.8863258193556812,0.9635799012402025,1.4532100552533067,1.4803198970418285,0.4323163102480801,0.8779739771643532,2.3405072538190996,2.5987833996103,1.3741242814270929,0.2586402610096553,1.1367136500824186,0.5349394690486783,0.9895275100984633,0.5410978554837758,0.6590021504240301,0.674033386370576,37.75706216298835,8.342476203551783,41.96698527071097,137.0384641771243,139.01172892205346,156.5750312301602,110.79409722740475,0
0.9105990670150853,0.9589054388097882,1.523583961914501,1.5265613185463989,0.2700115437087235,0.20049900576048063,2.477696581748377,2.4893363823244097,0.3793152914683505,0.3949372361837082,0.41227723856825593,0.14585232231645023,0.48208975738812204,0.08470228509847712,0.6750648068890195,0.7175872455183518,14.400063032742255,13.599135678338678,12.093356589121113,112.32526716646488,108.98684662779932,137.19399452609989,126.03440559235891,0
0.8007629154224778,0.7329515901645264,1.3794071279702727,1.4098958888584232,0.41267358311278196,0.4246409187544967,2.3378412577591408,2.35786448977911,0.58275421943723,0.4929934694069308,0.4877041648714907,0.32457066676212953,0.5413354050665221,0.2720002497031327,0.5301372209016545,0.5260758538335392,15.833694372687082,9.494443429072453,33.59782800254395,133.17932370657584,127.32139644773049,126.228784002786,120.54136491792919,0
0.8790446168658137,1.157720138098313,1.7395234534461028,1.6921872565378047,0.6773598995707821,1.2277122491138053,2.6823771567330654,2.5867797121278975,1.7771650200328584,0.6019477648359289,1.1918105827884449,0.5870781423437486,1.2193034236736258,0.7328986845050982,0.6254783771300635,0.7253603820209155,45.64017574787571,7.41386367978429,36.27348555454837,146.18796344339785,132.853399964004,125.83314826775468,110.87724635324088,0
0.8951037151975351,0.8969306358731999,1.4371484038163806,1.4382805619943169,0.6477887402498558,0.7229384096600106,2.4081163464107767,2.463742185679078,0.7672333627322007,0.7571751495132397,0.45747755906376814,0.20264367955914378,0.6152608437730528,0.24400280433536253,0.6513845768432218,0.6649938581372008,11.210722477607634,12.425305802202946,17.532604182801443,122.00126143387448,124.80689029460851,111.85752012641598,107.91366014976798,0
0.9214116432476793,0.9462435426962988,1.5480708397294496,1.4545897603178704,0.6614271120919795,0.5367300231535008,2.5290893800045104,2.4243841189677604,0.7070615609262701,0.6223431486064487,0.41611089372583987,0.22785655993844978,0.41634374277640857,0.3235417096634553,0.579592473519468,0.615414243811373,9.522567225177474,10.780448184305866,20.159446365251714,128.90820761073806,125.71651434255298,129.0538689265361,119.32819234658487,0
1.0438877842664986,0.9893077847206571,1.5612323207635013,1.55452392871971,0.6179649894068946,0.4728434738863306,2.5400957686977925,2.5243390019384218,0.5171657902757361,0.7328580774796998,0.4332152682357368,0.30158959585001716,0.4702639216820984,0.4409107061499417,0.6812040663970608,0.7106489476781741,10.593722083423101,7.383521351889402,22.487034013299212,125.5250343352192,119.34944610206136,118.10292295225497,118.86025199534868,0
0.9912202432324086,0.9032321168442199,1.4628121805207739,1.4667764428857382,0.8509584041360128,0.6821553965015892,2.494753463844127,2.437084560743579,0.44987129382377794,1.1781623977436089,0.6444631909622275,0.4176111719717431,0.5594982598043134,0.3771123504722002,0.6495129049102654,0.6249408885896105,11.976799330904951,27.58066410144038,33.95902788957514,134.76771778820248,126.98535704460082,116.29701601226529,136.1541126814883,0
0.9462052684911489,0.9183884879699008,1.4981384997255471,1.5030951177445189,0.6738489748576747,0.6502881957939863,2.503026551828089,2.476009930435202,0.6454915417480906,0.8044972326828277,0.3753566360423019,0.17263197171241118,0.478399994127333,0.11620719866115503,0.603619419032426,0.6227156454271948,8.746539779975057,11.198590446621072,13.733309404231195,101.1794870655454,96.72136258872665,115.34395023614577,121.35688903604947,0
0.9009142079897989,0.8523593143864894,1.4818883070089224,1.4273066452545244,0.8077219453790454,0.4437794557929218,2.5317271679289783,2.352641294821277,0.32581962037407936,1.104752116017573,0.7917439903062692,0.25604052441302927,0.7631920901981624,0.22567100350858665,0.5523435116678534,0.5837933392361961,6.062325402247446,32.67436319836794,24.61938492327407,131.26170486815562,133.04146023679732,115.79321409171556,146.81760479562195,0
0.7293208862985493,0.6918537657417788,1.3435353690759586,1.3803164149729514,0.7718621316655955,0.7059465884012609,2.352235867562736,2.373708364827753,0.7831973925562231,0.81231863350276,0.3835284076661174,0.15223824063849803,0.5343562008234823,0.13972948981288003,0.5125816214125516,0.5120959297591409,11.555985687377007,15.495375740828852,13.863967915037373,120.27674812176443,116.75418420876633,107.40039952797508,106.93177556458653,0
0.6399133462400236,0.697410375517513,1.3983314135973668,0.9157524794803118,0.7208588841109421,1.3120632964288532,2.2407779382653397,1.9525992544654671,2.014334335413558,0.3110050131235185,1.460369523447112,1.1952216514121439,1.354665841600489,1.579712148622933,0.44731885743614913,0.6745454372720312,78.13563800011755,11.686135383018254,111.08207529211641,97.77611998056133,144.08617248135644,164.61072398181886,95.86151669928145,0
1.1643836816487598,0.8940857296967366,1.4013142470646165,2.2643538189347154,0.2678146770009301,0.15318086582844237,2.516192095200757,2.4952940608204908,1.287602757240225,1.5129140125020277,2.186699533206153,2.235894609698453,1.417624130801027,3.5248059962355227,0.7243495980252412,1.0796529182287435,12.860508156903594,38.523940093383786,118.35097648790786,154.9916255227891,163.34861959312357,139.21189486204665,124.03938976762167,0
0.7528136855052807,0.675044734024144,0.9836680859848262,1.8210749816773337,0.920882397027076,0.7052044994239267,1.9758976142277667,2.7854173407817058,0.5551704838709136,1.1588669810683812,0.5007502119398233,0.9814904447574817,0.5727281301954732,1.3170073756655125,0.4654395163329164,0.609498273028383,17.592526708972606,36.99917805602775,94.20202266549457,147.98159128470496,75.93049706405944,118.18739204017147,135.06646488620416,0
0.5170649971986652,0.918811519634857,1.0118283024127808,0.9960303471133344,0.8043139869878807,0.7562308940740855,1.8420594355472257,2.032265939231523,0.5674211076853055,1.335493881450126,1.1714276199058278,0.861918404736692,0.6570747253740432,0.7998916370234965,0.553338461183759,0.5348320054849318,8.500201263298049,36.939340121944234,71.16401208241327,111.91449474973268,127.09544341064667,103.54330497387281,90.50897959886717,0
0.7035427651525107,0.783830266836269,1.3605524874954256,1.404183408104378,0.7358945091255749,0.7138780449020757,2.3565200331112557,2.4060697542825045,0.7376920363656249,0.8161379316700819,0.37469049771631674,0.2758145127483801,0.42364763331906097,0.29864299010058637,0.5263873248925928,0.5679005430037584,15.368459959936045,9.723483810842781,25.53665656823486,123.1425944970371,117.18212571441522,114.9365817339467,101.68649703515064,0
0.8642660058070887,0.8958951338751733,1.4404560435263507,1.4279586621949953,0.5445709881093995,0.6369885520726767,2.425570112556106,2.427887698064185,0.7596040936356117,0.5591071009492842,0.4158764195481603,0.1877337083269608,0.4794735177348011,0.16419532132907,0.5884234111674914,0.5765671317331762,12.75209732904546,7.576939606807655,17.31038626438081,138.79310801197437,140.89091117498933,127.20298214180016,117.9306265089285,0
0.8146813439862234,0.8458344709067604,1.4557772121715447,1.460077208007433,0.603726003748461,0.6797896648674966,2.3927687454253257,2.4427630723136557,0.6721614314968352,0.7463286869999102,0.4016412785768906,0.3042668742239301,0.4837467092985437,0.2590570647396844,0.5159072251179756,0.5084616214338789,16.017537684926612,10.535228272718491,31.804377402701604,115.24729343881577,100.57079786111578,123.9805843475477,120.26485422234002,0
0.881282651419054,0.8772534853515572,1.485227498048494,1.522707161826502,0.5133205065702774,0.4419397018772853,2.4902899465792037,2.521167583104624,0.5768942122613702,0.5532455829383992,0.4333771940253017,0.13135011871719954,0.5093159075923698,0.0787333439940619,0.655269177476456,0.6749032106525571,11.060910139648524,11.729278150727664,10.195661616572554,127.74484770618344,128.46283612966906,117.99742745663437,117.51888124635047,0
0.9176961258341171,0.8887485511398789,1.4030699643900615,1.4182573470974444,0.6550130757208359,0.5538689719150319,2.429903900593104,2.3972005454469527,0.5718363171893703,0.8102022651169395,0.5455408359382877,0.19625797914014828,0.5866311331167818,0.10651997011432142,0.6251449834693366,0.6267112886230983,12.951944839354905,17.892617853254436,16.40794356600424,131.84798587472113,122.92590673989832,121.21390057842707,129.92645039396788,0
1.3610281095047634,1.3496395011208713,1.472420660371542,1.450700827291057,2.0190713068069455,2.0018053836898972,2.4628024778199102,2.4575953936408603,1.954892368581148,2.128064470206279,0.7530997788365644,0.22491425272916568,0.5539867716237025,0.12524551150983612,0.5297438534828541,0.5267860102455297,74.30438629823439,81.54247504763072,17.43717779163229,131.37569369176458,122.16986307037466,107.3231693530413,112.32700872534993,0
0.7791564803790465,0.7843136151904329,1.363871026556557,1.356493476204451,0.6904708489003869,0.6542955865984798,2.3914722872797523,2.330744397456854,0.6272803003601044,0.8187322739009951,0.42485243856471905,0.18399287684566154,0.3928665823722887,0.11462423878729128,0.546952318646409,0.5644729223034811,15.271903437032096,20.68745162283931,17.5878908402859,119.61611203340163,114.22621430210508,120.72620871968776,130.27745404104692,0
0.9014895757251232,0.9329375122957176,1.533071169117853,1.5268049775157195,0.4897841956621087,0.60061136858492,2.4861364682095646,2.512445456067682,0.62798445239435,0.6203412645619603,0.44512523775549023,0.2105173424212064,0.48326905939900155,0.10584542177406848,0.6179605096805155,0.6146862285250014,11.09859773206357,10.196502843838633,18.164068138388004,130.96787453076348,114.26330086413398,123.92225203080052,119.14075741226809,0
0.9174025624664907,0.949314409698221,1.306617554703464,1.439898927524438,0.6723497426965582,0.6248584208663504,2.2828235724018446,2.3598971042836503,0.6914135329948276,0.8120584049345313,0.5432821408083458,0.23562210126214894,0.6786846831116451,0.26532156401115375,0.47198926952433706,0.5314762829714536,13.584483146928289,16.09010514789907,20.918587548927498,83.8859458989879,77.9564876775219,124.6682866854165,121.96761315894096,0
0.9389280352396828,0.9362608356480611,1.5614199333491101,1.5880502718478609,0.643810796922904,0.6245535660049752,2.5539441108068863,2.5955063037917845,0.6974694363220734,0.7276865192560573,0.48653258382521036,0.163558943354964,0.5404615169798246,0.08833748126194822,0.749117136156866,0.7447934631591974,12.68068198734308,11.697316492186483,11.80170765269069,134.27810130836204,132.16186894031986,117.46114400383638,116.12719798481847,0
0.8840382298707372,0.8824735000421219,1.315684041682872,1.2886222117272335,0.658016189078847,0.5364971224633629,2.331640409116266,2.273983351790948,0.4025026286816952,0.9448612309119839,0.5483290116092848,0.19237056950245404,0.555919879421601,0.19745800403492608,0.5402687372977899,0.5595373192596106,7.313641139875618,18.91748846038898,19.23983395578718,127.47003629894186,141.51166539729763,121.61634742050408,137.49246380039887,0
0.8511714579914748,0.8679597300428192,1.383409691636203,1.413855433587936,0.8429501978846144,0.7988712364163378,2.4012196664167864,2.3993530100464837,0.8600152040207324,0.8587472244251263,0.3586136434087784,0.15182300345572913,0.37851651913318185,0.11700164095420203,0.5620725845432305,0.5907795732120386,23.184956090014268,24.52291490880235,13.48733817688298,120.21850839609667,111.39005285247985,127.10223736956313,124.07830596998384,0
0.9065973109466857,0.9300951826151341,1.505938516302577,1.5029282176686989,0.6932712786373723,0.7910744071048685,2.527351659229016,2.476781924292589,0.792214185565302,0.8594160337624775,0.4855340470767106,0.23616149903549724,0.5447908705531507,0.25965793306860335,0.6385229198979739,0.7292950170044962,20.216861473761888,17.20105294134457,18.663739957306216,132.2075222364784,127.81702681952639,118.90003443623472,124.07066232487139,0
0.9086379396429555,0.7831535690185829,1.4671815847965048,1.5811921610103357,0.5090861881657444,0.5681216452589692,2.439459497618484,2.586858183463444,0.6664650790001605,0.5460877302391998,0.41239547250753905,0.17888496150803296,0.4200650428552412,0.1733710828938058,0.6183511310641421,0.6033162819957923,9.478947739999773,7.67371599193284,16.075574788087735,130.97920327022587,118.72560802877143,123.9819934532818,119.78966730415954,0
0.8851309802415328,0.9123536006985363,1.4108838151033494,1.4508603474603967,0.3966888059929122,0.5390485053310897,2.367372458179223,2.4746305505725474,0.8155810616737973,0.33095388163712725,0.6096563617580897,0.27843255721331583,0.5362983711693559,0.21325177594533,0.6219167911332851,0.5868572953079778,14.8209360310846,10.574142414520473,23.550280038958487,136.45896405480687,138.16359868069546,138.30629471099124,116.40860674335971,0
0.9025421508476877,0.9140145264677236,1.48194738138988,1.5382987222352218,0.643377446052498,0.6755422795767535,2.4620234002046035,2.5368693621989036,0.7266190728936911,0.7183952793869073,0.39444967086260724,0.10029479823234543,0.4716530367634726,0.07966462085058683,0.7267768630698396,0.7482967046344011,17.86705899911582,14.223441485667504,7.5918646326771615,126.28002322948775,122.98399672890937,131.80243984177307,126.31722427232081,0
1.0655724864344376,0.9572479448189374,1.643669079727339,1.5921344864178721,0.7527065403932681,0.11149584624053022,2.712053224215177,2.4602720631493784,0.8318922254323627,1.655912561627691,1.8762127137632145,1.184187096470547,1.570993002217024,1.5189713565382403,0.8980326925648828,0.7746158420936818,20.905470326750372,49.80521091195852,75.50508198878524,173.75040172353357,172.94752047760267,127.18380428105753,155.9414872174124,0
0.8557445182544998,0.9884387990209075,1.39900837567389,1.3615675865656685,0.43374440860761654,0.6570974125601868,2.304846842045874,2.418801850709652,1.2755767565938585,0.32331727659328097,1.1934394348433572,0.7120632583823079,0.9272144682519781,0.7502719212107156,0.544301560096448,0.6145871806130893,31.627005891261966,14.635341924154655,58.661752851818825,114.58406848493532,118.62856431971088,159.04896654276794,102.34994528621021,0
0.8286613868089691,0.770381943560548,1.3680323463957473,1.3833259973326402,0.6442931100071249,0.6377363089505442,2.4009901640957376,2.352446342379236,0.6289354951036635,0.7639705190128142,0.36951254833171393,0.18773122237861944,0.41309652488595355,0.1284339409625511,0.5719375305409776,0.5775076949145997,13.430570873903616,15.380707747134403,15.97779911501333,128.34604340553554,118.85413508230619,121.21839997537077,127.09520894073515,0
0.8199504428761355,0.8269296860293601,1.492029410183056,1.5089111294353021,0.6872000732178601,0.6577684179222851,2.4950474828216715,2.5043361001570905,0.7083741045974586,0.7924225233943674,0.4690350695559391,0.24250801856840656,0.5109345119639974,0.14560332543089297,0.5771096468705005,0.5975180078666834,8.96783120995246,11.134832776887253,21.16593177998231,119.31538375831448,111.88218934326143,109.98037657277285,107.77093751965413,0
0.9237173630992864,0.963516830809156,1.4416468850605235,1.4454098424979365,0.4220292941237928,0.512375615088813,2.407197805533006,2.4420997111181837,0.5833684983925368,0.5353748270914968,0.44324286559088255,0.1786454283880584,0.4764909496074893,0.11924485663031889,0.6242455926348034,0.6112525335546841,7.821888311836489,12.299956011087263,15.34283133658078,136.59655663776374,132.10334036541764,125.20678865021358,117.5739272982152,0
0.7996916985668294,0.8158069337481848,1.3660826659728391,1.235783618406884,0.8562856432819477,0.6585296318960286,2.4142861425557025,2.1956251669861904,0.7362854603028993,0.8637056919991868,0.4369104043300087,0.2511259899654608,0.41655829332608485,0.334195937337403,0.4979436255151448,0.5296519556319332,15.65114146713032,28.397675394817917,27.397169184524856,111.48560218318555,125.68512303858748,117.89655487824672,128.40590656817295,0
0.9078688168991128,0.9090140805019746,1.4967512471235853,1.4982701107937544,0.5672713620701914,0.6558471201652718,2.4920910792637323,2.4862389313053015,0.7688954461822345,0.5762717441634972,0.44274681674299504,0.14561850690363995,0.4491178583127699,0.1276547710343224,0.6232500138905369,0.6089344800592413,18.97408272500843,10.196447431460115,12.994539898397084,132.82744597656125,128.1609717767276,132.9608068536505,124.42481887135897,0
1.1123169322582676,1.0194554506080646,1.6753540437732988,1.6772385549350894,0.27199295981269056,0.24169604537375378,2.6746197850974696,2.6860343053311966,0.5232874144281928,0.47357900595593516,0.5889270337591431,0.5270264637600719,0.5972708100226637,0.649795413398464,0.8895808874622224,0.8435237732895322,16.26883022494467,11.246512825128248,33.542517775299515,165.72205195442353,171.97511177967823,166.6156818635022,156.96730534366668,0
0.783028168245122,0.8071563092530903,1.4462948703857488,1.4197580694387524,0.41989250344898355,0.42495590978961406,2.448886955536332,2.4118457489122402,0.5351965759924429,0.4820600562911607,0.5193309699731917,0.2355694037228797,0.3657944083663979,0.15057226931203724,0.5789577379559973,0.5779437244618952,12.825167203230393,13.443231200468434,21.970535849337832,134.43837024586435,123.5745412571307,131.07186964508654,123.62000877992041,0
0.9394055004627591,0.8701022108547533,1.4598838853605514,1.2365651866211025,0.6730708300944945,0.8405304746152609,2.4873475583682287,2.186936871766836,0.9112654134162295,0.6667569883767138,0.31815216418715375,0.34354412774385207,0.41560504381910895,0.3645479189032964,0.679869524897114,0.38952147862225317,17.16767210687081,21.41241837170645,27.07047437084367,80.06099928129724,122.69666549028787,113.38163222058444,141.63614273083599,0
0.9355747314061515,0.8779298795625025,1.3988414379263707,1.3756953600825823,0.6905451760783082,0.6134221228171327,2.4114290442455815,2.3618761680822185,0.6269344370064641,0.7850569083783743,0.41483588860902826,0.26030046447660016,0.37911291951835907,0.2941586928431744,0.6281983411304728,0.6086627499716998,10.106796227079144,13.319880879542545,22.107109570735105,132.87738837353993,126.36362482664322,118.40023074954571,123.98452819984033,0
0.9801224144662147,1.5237248503533507,1.8984798794604016,2.152519592768909,1.400628219339787,0.9308912359433955,2.7585658707969425,3.0970541930492286,1.0945951711658817,1.5521145048194067,1.204695052157755,0.45969067126561247,2.3325690549679523,0.49885721649558673,0.38571486495024854,1.4287054261125887,37.01452299150261,40.108740855069456,35.36074129989006,158.37438588231888,133.03899340703168,172.8519638269398,90.92087476302551,0
0.9005591159515894,0.894422052438729,1.462140872661949,1.4633279851948293,0.6391779714600357,0.6421181452703142,2.4573688225258468,2.4676009563946786,0.7291393940683991,0.6851554096524145,0.44852191010400755,0.1250428100181575,0.462504337822332,0.08056175585615644,0.6207539154389038,0.6114088601192942,15.659550741556007,9.717945559979963,10.473663784013292,133.65399536514164,127.01015923011538,125.73460795182699,117.70807150207202,0
0.571700290960165,0.6614486104849399,1.3099041434418075,1.4979425121848295,0.7553466149950643,0.3140627444594143,2.343311699262282,2.444063766125774,0.28537352496807505,0.9556297902442774,0.7178724557825342,0.31274286086198544,0.789384992010428,0.4006360868163744,0.37613881069174476,0.6048413902254108,16.90338717838938,38.271118239306716,20.27575720196858,161.24875274131819,160.54348034792918,139.4561920625254,157.94107088092238,0
0.9712583495612983,0.9485702368830615,1.658858874464984,1.6830096577909517,0.5294595161521406,0.6115064668715783,2.634960598783265,2.6941327904509142,0.5160584313212114,0.7697066464870832,0.36843952250153494,0.30474453831531456,0.4427522600978661,0.25076291074195733,0.7558464031240371,0.7231558667412604,3.25165559304298,5.354615566114596,22.620230113725153,126.34754386152596,119.99988408065181,112.22746861306655,116.67522547140489,0
0.8960909644156,0.9577867792889079,1.5345091781793154,1.5235035171091353,0.4270501102132898,0.4798571904429183,2.459984130314876,2.4695809253451877,0.6021503139269762,0.5231573569674266,0.4788037445478471,0.20198721005191123,0.5247838237502939,0.16476084996034648,0.6099384402240781,0.6316759406189559,10.162530703706535,11.510658990507716,17.266003095242283,120.04036892461052,111.5051845638351,127.54478785753055,116.91523547301666,0
0.9769101498452333,0.9058747380356953,1.406326642473942,1.4136719283992059,0.5172730948256964,0.17018729198225885,2.4762133875469328,2.3030405987899782,0.6752758777672516,1.3497756109332386,1.5040924734373298,1.0235499520778544,1.1873096184608105,1.197444386830099,0.6942740670582128,0.6552319885118105,11.77897138327151,39.21650813777723,70.58137707789027,159.91415872079529,156.77721514170844,135.31342676310584,156.25249503336318,0
0.9579857164781688,0.9256087163721518,1.446994667610362,1.4712208821863089,0.6101462438805574,0.6286379992298959,2.4510815775557933,2.470297399424945,0.6096029539479955,0.7516552481570732,0.39277215054567366,0.1908566583849355,0.43797136706265866,0.12470775873969638,0.6672167611226875,0.6542668265161027,8.505836048829392,11.520785803644928,15.667045056137312,131.4236739753468,124.1257653033016,118.8748391791418,126.06265340180497,0
1.0071713977271761,0.9727643461089602,1.5250084645811912,1.6057152142443252,0.2752630863869763,0.39553262510451226,2.402406354198567,2.4179211524186353,0.6113675122705682,0.5412338457349719,0.7602911613555348,0.25047994002691515,0.8652490937039305,0.27435158255973197,0.7006915996824805,0.9176853537290826,14.061076792349233,28.0123094188765,12.11941311795119,159.08077348852063,177.402974159768,147.6163255389659,141.3759421036986,0
1.1128884369493584,1.0137109979181154,1.7427260258479582,1.7430008431332373,0.21575096099421653,0.12429702851097499,2.71790042364988,2.6662040549053208,0.4089035141858971,0.45420738856608855,0.6107486071561935,0.3521194884875932,0.5651291548262426,0.3059942173102666,0.9178779188547259,0.8852313545148033,11.83771937674062,15.827999954452284,20.62212186230934,177.2457076415284,174.08308063290391,167.18041763385625,154.89276470479288,0
0.8677524569928198,0.9120748728257364,1.5339847599979928,1.5078799905972777,0.6393901458746855,0.49149624825833726,2.4902553574913835,2.4333058867009956,0.5712823440177228,0.753416120379046,0.5104331051086655,0.23391402589563556,0.6013574207356777,0.12030908606663751,0.5325206719864571,0.6059690334917714,12.268590287769019,14.904859827309384,19.19346310982176,117.7713885415696,107.37423365449659,119.46308207110476,110.82239035786655,0
1.0027418233917715,1.0722185772305797,1.4671564337871341,1.451895366978923,0.06782973826245645,0.721945415503472,2.3753799334053936,2.559177546670663,1.6481694286905373,0.9412060455317577,1.8177915553455006,0.9157672320203908,1.6564533854741499,0.9703320835971486,0.7641327796912382,0.7350704421858,47.19191900257224,18.510794435020554,64.92000674255536,155.1345539946918,154.53959300026804,161.17744023545933,140.8545264956609,0
1.0310549829623596,0.9740457054021694,1.6012803037733778,1.360422692811307,0.8356377145960774,0.7024400858356407,2.523643661356753,2.3437784950745018,0.767897244178003,0.918420660111106,0.4222718357515362,0.5879830204315807,0.5697341248998539,0.827806494659979,0.6200069455935917,0.5852197795243868,15.148132932050393,20.59395847701417,52.680698990497994,106.28994090317101,128.55990774502598,130.7001097921521,128.05622673686534,0
0.5751454087801973,0.5941120702353102,1.0625201210326864,1.1124660085981333,1.0272415521796685,1.0892242143365976,2.042031872421539,2.1114549311692175,1.378036921041275,1.0964944796593172,0.87283013800388,0.3424943828220317,1.0599333852162993,0.1487313564070819,0.4462600124800555,0.4426472627900644,21.343049599881205,16.422527093785394,37.088472075694455,74.13529675018493,84.53328297532059,70.73355735525001,60.27030179438448,0
0.8852641483004828,0.8694801566900159,1.4635315776831976,1.5326398753315758,0.9646769975283255,0.8859364952414523,2.4764201302214537,2.5358860778622776,1.2383805606921245,1.3460723789793647,1.276859603934321,0.41222879146654856,1.6586518233608865,0.2356372955568552,0.5982948552553591,0.575962387731839,32.71306326020743,36.16803740675961,40.25249029161223,126.8247539081328,117.4075824686201,118.00567548103763,109.0331295279423,0
0.8863382141830575,0.8316809014506141,1.32922373506393,1.3149970693795532,0.7330765999149214,0.563414251886732,2.374705300578242,2.2747744019303653,0.49102912005796023,0.9581175409482305,0.578823279650164,0.1777283840467852,0.6173701204923702,0.08944994461492004,0.5592239460281145,0.5794141651329892,7.130649924781944,25.457026440831207,16.007078628424505,120.3353509679891,121.38165917603355,117.21973921972376,139.6746521379122,0
0.8911817204277604,0.8973331882012301,1.4789471078474563,1.4803373902391659,0.5893655127583505,0.638426459629935,2.4749934682884,2.48043488310362,0.6805548922632796,0.6907704965453151,0.4043695682602504,0.16470771887940375,0.545821823878629,0.2071121442532263,0.6890190640076826,0.6928637813361944,11.513530660086838,8.742679505461851,12.798143739655291,137.99918210718673,136.7264836116122,119.05201224878122,113.24662410589943,0
0.9802784436473417,0.8348634920085366,1.358314170512461,1.3179489183601227,0.5607378282729383,0.3296823036378803,2.3691004567740013,2.271619057264671,0.36662805130276205,0.7197630291395383,0.5187655323775668,0.1934957150942626,0.5681804201883276,0.12992808565118807,0.5635795804055864,0.5450385526062451,12.145977752169717,12.107813439648599,14.558340761350085,92.34191522823718,84.79614040714819,112.27545376498755,133.34586714874337,0
0.8282550980038823,0.8630090089810072,1.5713978402250546,1.5680596233726827,0.43973965804036064,0.5285876906004465,2.5456231015547117,2.512468479002677,0.6011626261732745,0.5373137690474502,0.4220256538349433,0.19061463643235202,0.45061957099031014,0.08906194338831594,0.6109066326229711,0.6106304488714136,10.873136629914137,7.619776844380047,16.661933871461542,113.9766858616308,109.29297472127362,125.70723507147328,119.54038309775585,0
1.0435211044412436,1.5666867590377318,1.69419200713724,1.6709406200158194,1.5631363762935153,1.8157800555751122,2.663352115160313,2.5513144197551276,1.456868020766832,1.9589303406833871,0.7294162796199056,0.3824263478556504,0.24991759949686806,0.5022391603928114,0.2809591825480169,0.3768344538952809,45.79511045141191,52.043954236481504,25.77311275374568,104.34815721696562,115.47910795375273,109.30514539725436,86.99384418322474,0
0.8282945492999979,0.9153823783505868,1.388350690842455,1.4618088288837308,0.11717731564361525,0.8885428009895636,2.237442640082873,2.61092360769168,1.7107933692561568,0.7387131875877107,1.806990013618747,0.7828433572388939,1.6196573540040977,0.8390900586529473,0.6386331661996126,0.5979122014758205,58.43691149014456,22.577309171652747,56.75553357303262,159.91893567232438,152.87093426913734,151.4646492031988,119.70416385851978,0
0.9075662099713544,0.9010075050086099,1.2028442593083604,1.6716110152058983,0.7884971045014364,0.6703206274702463,2.1940549511855654,2.6093866120302898,0.7226494857972611,0.8772770320656275,0.39317843208486436,0.5792146591583187,0.5535508253042858,0.9680893193961557,0.5334543349052915,0.644779335167333,13.753197540951202,13.929167324920682,53.81492249431163,125.83686332358322,95.04946505774598,124.73997374676533,113.59402624717481,0
1.2387930479460847,1.2111849832289652,1.680858231795234,1.6988817270671817,1.0817887755612265,1.1239078087080865,2.6035865339167077,2.6129033872730436,1.0421493539564815,1.206806181823924,0.4938225220637816,0.24383085319041128,0.24331081455648754,0.13665753449570103,0.5625176813655894,0.5630356206048018,25.167609811053023,26.215901647063546,16.97055092345488,124.62600738499106,115.00923505836658,117.18513451854919,125.43271199438578,0
0.7439681701479647,0.7366800519263572,1.1793586878559565,1.3758455623152483,1.7156743754626342,1.7544166891964936,2.1396760149901417,2.3859557478480955,1.6565883804824488,1.8368048705563882,0.5472509096423734,0.5883012899984115,0.22306338987836408,0.8243124688382808,0.33451993275110786,0.22682377698295408,158.6243964382451,161.14367187931904,54.6793536454819,144.45281353548853,119.74171051296459,132.80811020485478,132.6496862433837,1
1.0512625584772732,0.8501781581439039,1.372540060409277,1.5115797250942047,2.001379978046173,1.8513909261366295,2.344858398052002,2.4783411123352503,1.7706760622459405,2.1470100954608955,0.7202893591562155,0.5804547479525236,0.6159209566823007,0.819353631763161,0.3767502113003339,0.3144407484853496,152.82737159161954,145.7145474754373,51.53883803030709,132.13021382778732,114.68609358360422,142.4738240544432,147.47099691345244,1
1.3751205225788963,1.5183977959152866,1.5087586202925887,0.7260875720607244,2.2752633807729152,2.31770975415503,2.4325491193919966,1.6092658772790978,2.3198509383949446,2.2983838663900786,0.53670695593258,0.956624044262796,0.3229650232753355,1.5146060290015229,0.4457864233893417,1.0399316654689994,133.32379533552808,137.5992162523405,80.23794552359298,47.11285473745854,104.19857928145908,159.80935903840466,158.63285884189335,1
1.0140012744910298,1.0732710518995008,1.2109129182296274,1.2666612158498072,1.984399023823166,1.9988945727035061,2.218007578568937,2.2387357377744563,1.9967458332513681,2.012417957112369,0.5821008152569661,0.43580920400830764,0.28629514175583615,0.5623455698974352,0.4374143792104079,0.4067500077139086,144.88383764879833,148.11413117052086,42.186093472005,132.23133130119666,122.46305215760546,144.95879049745193,141.08417885972827,1
1.080450098544723,1.080355475988237,1.2375874030101652,1.3074530885180173,2.0472255417861835,1.9798361669113214,2.2597267301886332,2.258475532926889,1.978654946187164,2.071822174111956,0.6011045494924523,0.5074833889445413,0.2475872452424971,0.6426759651449037,0.5251920034525512,0.38551359957739145,146.07355507969928,145.8070899919878,43.99845720072056,130.81734017245105,117.7517219586307,140.33406879851924,141.6894006999445,1
1.0244123434450465,0.9922011059564031,1.2464513907221972,1.3763100059169966,1.9935430218202157,1.9225832437491834,2.2571932946055573,2.3340481629107512,1.9098173593853172,2.0315574479841216,0.5707950696827944,0.5091937767272453,0.25897582318034695,0.6641576276678613,0.43652479697604024,0.29460359964243615,145.4357603094602,147.92654150509554,43.79541379498497,130.57587517557988,114.93197231772454,139.31999605556985,142.76012798615335,1
0.9533295344154313,0.9692502700641297,1.4527418937239036,1.441203756906369,1.9373376678529026,1.9717014690470271,2.437871478577291,2.4414657088801683,1.8843904747798126,2.0474824457841647,0.3869669149692567,0.3276199130921789,0.21367011744468206,0.3223489801231259,0.249019215600458,0.284225394870589,169.16349999620465,164.2459556306866,27.878847097130212,143.02549878360233,139.37137091556332,163.93364662614033,158.71776301509797,1
1.0093679883772844,0.945739706747833,1.4162655936606319,1.422336707779637,1.943378470624594,1.921148213044672,2.3975879593560934,2.3896949456386056,1.8833422545267076,2.014921487582017,0.4325050321948191,0.3548303985559712,0.3169503628113544,0.3869278824765447,0.2635868009752782,0.2953749076603713,157.70567400401714,148.3523549564948,30.78189711160116,141.00680505129273,130.00018403704848,158.4913115666555,161.54412225579773,1
0.9205926110879842,0.8900034136599195,1.4063968390360462,1.348374760001293,1.9007843935081388,1.8859449896286806,2.361012098426566,2.30948819755723,1.9059993977937937,1.9110103936379612,0.5885288922866249,0.45166930377755005,0.31749285419871326,0.6758241866843359,0.332735464890552,0.3624689343262309,154.31942926338658,153.52838562074703,39.63924852769774,117.1042233923292,116.97176184871701,134.1657048960847,143.67899573775642,1
0.996517461662462,0.9563229076840194,1.3896589890499287,1.3803290917919357,1.959531591710249,1.9506425755729564,2.3631774012115803,2.3566881230478045,1.9713432124877495,1.9921141236507374,0.6448117307514757,0.4661837597078148,0.5232507923201425,0.7141079964383501,0.34759111383380803,0.3693738474643809,151.98625958239876,150.9202950852496,39.53121425939266,126.41715409851605,123.77133589605268,142.6713055623452,154.89405584048268,1
0.9559329629490462,0.8635312977711098,1.3348984746000607,1.3801825021833392,1.9157220059219309,1.8710224249268261,2.298480747268029,2.3523274086875365,1.8819536016718652,1.9552540597832822,0.6528245015173126,0.4883260403323224,0.5140000069439047,0.7058777039868953,0.3469499495033987,0.3669194589143197,152.27864912578175,149.3598174542331,42.57401079850749,122.18851861585327,115.44538409588606,137.30607470285253,146.62876065081093,1
0.9385316263405704,0.866148787424768,1.349580991466912,1.364706294103735,1.9074593942687408,1.8755356802859833,2.3181492022003005,2.3568263184663105,1.8954050326110474,1.933632890350117,0.6326694756595002,0.4315953019852426,0.48337405952510154,0.6631258933517185,0.3410451690044152,0.32625143067238294,154.8406287038146,153.1911143975885,37.58254174430035,130.60859845772788,128.65111450224356,138.85432018584277,149.2531699523392,1
0.9529246103011288,0.9384365440806381,1.4564906456545301,1.4442872718761681,1.9325131012580596,1.90806419341668,2.4322218943229648,2.4220470803113825,1.9318305958926798,1.9857214855741543,0.7199577627182754,0.5069364274196295,0.7407973323172589,0.7458666660004653,0.3589719129006689,0.3635518644785943,147.3219478597517,153.84536561934001,40.384917362569574,129.39875956406044,121.87429356143824,149.08608769127247,151.75039122328351,1
0.9298953582489786,0.9226046428861413,1.3694418283086425,1.361826167773718,1.933947562619114,1.9067658928370175,2.364511450594937,2.3359264960289607,1.9185353225535522,1.986961815999332,0.6471226615313033,0.46213241896512214,0.5906814002372738,0.692560905928397,0.3573718981309814,0.3542666252752122,157.25892404104417,160.14970386577514,39.55956676557504,131.529607358414,127.08192480210788,153.71929862298032,156.23811909025676,1
0.6468417499429286,0.6233480209754334,1.310532548971282,1.3377946235328486,0.44037186327238526,0.450214667403972,2.2696665728349785,2.289353748370057,0.6032129911254349,0.5047449527906908,0.7611623869308283,0.6189498505632738,0.4711234802314097,0.7195899015352127,0.4688662392418127,0.4825100558950678,35.137340458223655,37.87558853254149,54.43417813918815,98.58367693172406,97.64366156983262,103.1502819093554,90.82020512996884,1
0.6953331438413028,0.6866616860477812,1.0963032017125347,1.3716712720441628,0.5546481001846616,0.6039931403331253,2.072371021874841,2.2953929473689145,0.7685020344348114,0.5681741553868759,0.7677705564211338,0.7157248209020757,0.4907145211472991,0.8494725217061603,0.41027820707547835,0.437914107454643,36.80635758205736,37.07713648921785,52.134181048735755,92.85527298267888,66.68617110335276,110.36234984960888,93.87635089123589,1
0.6912477856336158,0.6661840219060604,1.0934009607326323,1.4894443627605907,0.5688923827848852,0.6768541809053831,2.0655310240268667,2.407988169034455,0.8676567886502232,0.5526576770148912,0.8081703797093078,0.7411247017836519,0.5274798061036057,0.99018384220294,0.43021575039306864,0.45829401011183185,37.22091177576884,34.27411376562501,58.97202020333774,108.88066649533094,71.60432927146684,109.90901949334628,90.8455152972113,1
0.714780152570886,0.6677410726696061,1.4099321550126767,1.439514554034409,0.7259830461884659,0.6400041272684338,2.376982738431653,2.415675670527571,0.8450322262751805,0.6605894323924901,0.7349064033267617,0.47001914046346177,0.4529833377838598,0.6781222368446792,0.48443358785255286,0.48328335657009336,27.86253450484497,31.666819430434675,41.1171624769213,127.60277181593695,126.88814247952268,104.06048957497445,87.55838140547137,1
0.681654991118793,0.7396650520757798,1.5141442436716135,1.5070626421250777,1.6876476541697825,1.629622617574997,2.513293756855123,2.493160981840336,1.7011117185542908,1.6777992161818627,0.7576910849330019,0.4128718154533032,0.3086597161411283,0.26080105521554037,0.3324547831886628,0.22730644895235627,149.25405181441505,151.1995362514373,28.9656497946656,166.2928113068172,139.8292485355645,100.55082885555916,86.97031896028734,1
1.0471287471678,0.9220528117014046,1.4862097325481043,1.4406397847128127,1.9603949019090718,1.8594043853593307,2.347053673426006,2.2815998057699165,1.871877936855508,1.9874638013769637,0.5719464918500443,0.18546082432481312,0.46008271227804065,0.17016541993545287,0.4148352924650541,0.4548917385193517,139.49864800508587,134.22474365723988,14.43995384566941,115.07073276985767,110.65937762196863,140.24835751574963,146.29242916263675,1
1.0471287471678,0.9220528117014046,1.4862097325481043,1.4406397847128127,1.9603949019090718,1.8594043853593307,2.347053673426006,2.2815998057699165,1.871877936855508,1.9874638013769637,0.5719464918500443,0.18546082432481312,0.46008271227804065,0.17016541993545287,0.4148352924650541,0.4548917385193517,139.49864800508587,134.22474365723988,14.43995384566941,115.07073276985767,110.65937762196863,140.24835751574963,146.29242916263675,1
1.0455660333729904,0.9079197428670098,1.4908975301943874,1.4591260295116433,1.9667563744541445,1.8606749451971065,2.391436939947017,2.3153097891314327,1.8493576143136934,2.031306893231992,0.6813538689426263,0.24099029432611271,0.5761312673172274,0.21372226081212775,0.35457086500760193,0.4524422371657717,144.51397790187173,135.41889201820192,19.348906590659418,129.2377480914525,127.20068146665677,142.55331450078384,141.73007855622242,1
0.9761312611528624,0.9925838964659798,1.40287375622133,1.3329312856996816,1.8985907827190136,1.9125332928921417,2.2794181272710317,2.2013565638657617,1.9026608186253913,1.9427201611840228,0.5000297642267767,0.17284533528547766,0.27260488073054345,0.14376603745929978,0.40208861035716387,0.4295583003310455,135.75058823709358,133.4916472382046,13.571796379219405,112.2205738124723,121.19734163083709,144.544183128832,143.42501195394235,1
0.7019283957261521,0.6613109422542147,1.3170851562181218,1.3264673149575938,1.2054120096941394,1.2188225992022883,2.289647625749925,2.3213281514839057,1.2836223849054975,1.3531807235153888,0.8266577894269665,0.36663511130218995,1.377595899521274,0.603359059426742,0.46343213745026784,0.44253844569093886,60.63049744826099,56.676524352307354,28.645279111046637,119.98444447701132,115.32351880364186,107.70071254432236,112.51838563761574,1
0.6786273666138131,0.6449633155028692,1.335745134846359,1.3130034872911667,1.1734908319163109,1.1363649889254603,2.312913669896089,2.301850271005663,1.2272263771207654,1.2815880503900852,0.7582040123744452,0.34474369465666355,1.265908934730605,0.6355784806927115,0.45410315330558026,0.4532280134430483,50.93560063138309,48.197263370337296,29.97526577514962,132.3685768211033,127.60256935677636,106.79837208983857,105.63512217298559,1
0.7234613467896334,0.7235036204246292,1.5327322734599604,1.510513345611563,1.7022317972736496,1.7315889755465905,2.5112428510156537,2.524363882162686,1.7096618712834906,1.7374496212485242,0.5276476983672188,0.21039257409778514,0.10769656645341413,0.26993602372922276,0.1278880389169234,0.13695773923467341,154.85942984153652,151.31020089269646,14.78837109421957,162.60801611808756,142.46806320725733,103.09985991127323,110.89624684800137,1
1.036492736135224,0.9377038446975322,1.4997447576472371,1.4916697262271303,1.9475654651360155,1.9274963896431923,2.476870769808112,2.5030749667833394,1.9380890001545685,1.987638567434013,0.698688566907605,0.22501397105126938,0.40335084511773234,0.3639829730676762,0.24046571329302122,0.3071205982928491,143.7171481435809,134.41063642386635,16.185630270005586,161.77309041029972,147.05239427666268,128.96112305633352,134.92197231061604,1
0.6020714869063636,0.8271892131840018,1.3787338964826876,1.353027928664872,1.603939824998135,1.761001514602375,2.3086859155695145,2.2036906994360423,2.057505557668013,1.8167343027923688,1.5520853437757274,1.1217035183709256,1.5276302474752284,1.8468027487646226,0.3723226120809638,0.7895304139699338,136.07979566633682,139.86059736671504,79.679533654428,145.8160596363445,148.78641507028078,145.46400505447906,107.8212477405682,1
0.7369929622405426,0.8626208249833184,1.4710027689919776,1.383503921315393,1.5835356677683243,1.776356204999976,2.4264488527119865,2.2358366481367877,2.0991197950886735,1.527877006393273,1.304341162745198,1.0729841909436102,0.9785274141651678,1.695541720594249,0.15657117158171213,0.8101878876053246,139.91202646779433,177.87803261788213,74.34644184547892,157.07108862245366,159.45833853558545,165.66720544127546,111.0798258391888,1
0.7166526609531024,0.6804639129013844,1.200410644117089,1.1733481823396508,1.6952853136723292,1.6879222325753822,2.137052609985165,2.160035514389753,1.6949002489532639,1.7008914564621078,0.4407952373039704,0.4377204336009272,0.1303146461472164,0.6800119270729118,0.3642376130782533,0.3601344947194714,162.42064571882736,168.16901774555785,37.008781616280224,107.89789541592602,108.40145267632968,107.95243320840721,135.6903123680824,1
0.8002179110647423,0.7428811259208911,1.2065157863297247,1.2166648541414613,1.7783523927016363,1.748029816095087,2.1508076900114115,2.1942768560427828,1.7623659248950507,1.7835044907651547,0.4231977422974351,0.48282643558505617,0.18459617644856266,0.7048909524514334,0.3640312472609826,0.33594887211233826,155.34662798888922,161.1435598020367,41.198946491291245,114.95094304538897,108.4909478988637,131.43524467011682,144.7744861854722,1
0.7511797864839159,0.7872990177910653,1.3922925262871004,1.3133387897719202,1.758890561694118,1.7546091475034127,2.3081188133124955,2.236753775014375,1.771071874352299,1.7793097100949296,0.6072929096187913,0.3368816266575123,0.30572703699058607,0.401101943401714,0.4321091152818418,0.34064739667178956,141.79290056537772,149.3757792304524,27.753651660368313,108.9413632336534,118.25940316497461,124.02532270638714,124.47987929288898,1
0.8469468026616338,0.837338215340056,1.4242794083722545,1.4478611636565573,1.8632202425571869,1.8016387638975533,2.454013324799135,2.40096012139148,1.8922170321836111,1.792475492538343,0.5586695242927351,0.24099390035443913,0.16834733291912818,0.3973980169747044,0.22419696683712861,0.2810420073451939,160.3214648938024,159.6210383712692,18.140932455296127,152.5772491530994,147.19190614476292,121.85986837015012,130.34847120539567,1
1.1493313872642574,1.1737738615298692,1.6866074409355463,1.649705212943699,2.1518136699607644,2.1676996071304253,2.6906086635216067,2.5941804251266105,2.2092335869519797,2.1883166924907975,0.7691832837010386,0.2578124668277064,0.7001833058601766,0.44388289574751977,0.29231054444178056,0.45307154868491917,162.95932452088562,160.62041925223704,16.261727001623605,158.13745900214485,147.81330459412638,154.45442271090866,150.4782021476544,1
0.9366805931913836,0.8644318659098175,1.3841282391779826,1.3179262154493765,1.879695451547275,1.8368479909677158,2.2580950050185193,2.243823094303153,1.8454233756495197,1.92064995290908,0.5664516533832747,0.48286860359817924,0.4794074760680796,0.77746068171784,0.45314897360695483,0.3929660846473952,154.63453233470122,144.95993871437904,42.955721383390475,117.8297835919693,115.16740150169494,153.9735895937871,157.39912066638334,1
0.849258556416325,0.8454764951831407,1.2990828394004588,1.269757290706239,1.836143020939393,1.8530263212555071,2.2399885261290398,2.2597897098961455,1.8975021803996825,1.820381621814048,0.5512255564539218,0.4590660905022657,0.27131706612701806,0.7617594772101055,0.39548306379680404,0.3501847486203068,169.8318958896073,168.50653681821996,43.20743335245904,123.48343975406543,117.1238083379128,129.11085431727048,161.02499768463758,1
0.9417205502199975,0.9787191485302085,1.3445350224679367,1.3060653045317974,1.9271059133981945,1.9706557904592075,2.2955269601967765,2.2871898969044304,1.9780525301118517,1.9762595108580165,0.5120380078509956,0.4396624319941293,0.562286787217044,0.6978290186989623,0.4188632629039766,0.4041313877473872,163.83996911772215,163.69819733915853,38.748353850604154,128.19603326147922,125.238709818555,168.41212076978192,165.44954447594435,1
0.853945805981354,0.8635261764941919,1.188697369859694,1.227884297220534,1.8405153718201914,1.8770151726749227,2.145007861949322,2.2056048766083323,1.9015969150300496,1.8449353920192775,0.4439651905032398,0.46781200807261825,0.3233178078483202,0.750342520570597,0.39962603451367246,0.41439572881139347,163.28291792859383,172.2062323658759,47.089434754975905,133.08707143801806,128.26500804516,151.13103389276486,161.6795698470334,1
0.37820606628409703,0.4920461199030461,1.1991026824292883,1.1053342845266114,1.2498946448130819,1.2853605720031238,2.177608431728608,2.061612007399552,1.4138036812476868,1.3763103830861747,1.0506665591300646,0.6087314674759342,1.0166886895117817,0.6891435094912256,0.12456178281531506,0.2078112813659773,108.785382428197,99.49398289399123,44.203690062379906,78.31980722694223,109.16914518965643,81.29950043924754,52.16925339445292,1
0.877674562728783,0.7461211040770779,1.1164153380815576,0.9997658693755325,1.6339497096850255,1.5793013710473986,2.1012766658666293,1.9339069017716966,1.4637504805415613,1.8083777991165746,0.8722251980643616,0.6164829476837643,0.42541050172741995,0.7339750188163033,0.4866647500288005,0.5732993712213437,124.26111743317355,115.66613280086713,42.841413155167736,67.48448767614292,85.07265860330543,108.4762947861204,105.47969644270925,1
1.5379891315255403,1.8447422389656187,1.2634083633514153,1.4380593554441627,2.4494297645715304,2.7228606471555157,2.2476622985069774,2.428141397308366,2.6974203370365424,2.503326950000681,0.7096989445365008,0.49217824998305815,0.4144694830795533,0.6783387796199167,0.6785454758294166,0.7059916499238577,143.43414309172226,146.2817404605437,53.26772905010276,141.42180412425782,121.38333867935259,155.92744660133218,148.02887260274034,1
1.3819585451480798,1.407516682487837,1.4581787537938495,1.4079225153912298,2.2698411726090546,2.3139999900426873,2.4249304067072757,2.401434590960966,2.2954490450258356,2.329383996539928,0.7251546544529184,0.4525729909594367,0.4077053967719786,0.6881393287243546,0.4639932896370831,0.5279938988033183,140.43338798821807,139.6834314188137,45.6813076497204,135.21620685667142,130.82683479902505,149.01802531229865,148.73363767611232,1
1.392979056196288,1.6398541672564566,1.7719728434670476,1.8007810023181614,2.073144377178731,2.223619338892081,2.6945366235054022,2.70528580086281,2.279747790233645,2.1626930049454898,1.018078959907218,0.5648799468034486,1.146837208079665,0.8310530617169224,0.376271015454544,0.4901342992285441,98.6505011790106,96.23961559957428,43.41336427381052,125.26326303160783,125.52709415176766,148.98045078859994,134.95161424956402,1
0.8242334696911914,0.7422879601413908,0.9604057282175693,0.6804148291214339,1.7700466110180666,1.7733652352216387,1.710060174365476,1.5743653268717366,1.7146795048430885,1.8530504041844507,0.43778130822932604,0.5247716169560068,0.22098275045370058,0.44519172094015486,0.7961598409634453,0.7123100576429096,154.78963385028536,151.58171117540516,16.692798958528407,26.615485052290325,34.93419173101836,111.63497222740857,142.54869040024124,1
0.8112860748218058,0.7535054590277789,1.3972510225390955,1.3912833073850572,1.772166402918948,1.7552729606332433,2.276308770892681,2.2717100084117328,1.735241593043384,1.8247391487195352,0.49604495896013967,0.11850623727512472,0.3185470559055866,0.18521832091379845,0.4075558207458297,0.5085801411842418,152.82874557453366,146.3357541586573,10.699713240782712,124.11194533211594,134.91672846325847,123.8614431708445,139.90467574098682,1
1.1733551665741615,0.7070883482139219,1.4249253429809416,1.3812681167819323,2.0532865947722043,1.6102628803266428,2.405375362017242,2.292526637049912,1.5782118786155455,2.167740803904896,1.0168102339718326,0.4431406703267983,1.019123789419035,0.6245591326885859,0.3772033559134679,0.2738709753441102,119.83486300514183,126.78561458713583,41.78232182538986,125.97998923986562,118.63038455996488,122.11971777329687,143.42970042543453,1
1.0370068445537495,0.9206128999609513,1.3852189763384142,1.379173669886523,1.8754710207299148,1.7753846305418384,2.327414387606689,2.3159286273649005,1.8088990088379804,1.9070905344546498,0.7496910418370968,0.4161992775726507,0.6780953265419364,0.6438738922913746,0.3470730093321079,0.2979613318217448,116.80264280871641,120.49769595252187,39.67859462344693,121.5224595841194,117.49094694759064,135.58078166541966,145.62123540834781,1
0.6990015391854992,0.7190590823347855,1.060887016843457,1.0102365117428767,1.6296386629355906,1.674443057935443,2.0066767482161425,2.0154311133805067,1.7902479269963425,1.580214205159225,0.5785730864124418,0.5064735352135102,0.3782755227264758,0.796088178120282,0.391742039813782,0.39994380070649127,146.64289833767248,132.22585099253524,51.42743735604613,158.49889062294463,170.23098598314317,160.244303697997,135.61655422063302,1
0.6453670013791554,0.8598650393788306,1.0496090479391171,1.0505279590569756,1.6268149611658378,1.842394614732169,2.0134750506736223,1.9680732462535493,1.9466168908710446,1.6013646942222561,0.6546565246107369,0.44817379517568284,0.8276620590453542,0.7481684794719052,0.3873125495089302,0.6011426946498214,153.0724108349091,140.7079363025121,45.422979104049475,151.5919245161,165.64212262856051,158.72737359546917,146.2927206302614,1
0.7735013471519226,0.9239003396451518,1.657301939729191,1.041258653596949,1.729720813043291,1.9367611864285623,2.5152680704417723,2.0285747419693965,2.111836892517308,1.699838561962054,0.8511005336183753,0.9678564710242031,1.0325369298422544,1.5368111609224568,0.5602229402009287,0.5931486926031527,160.76423688514095,147.68492415057136,83.31600442742206,120.46170380544069,153.160484300928,174.56873840235855,144.87232963700868,1
0.81183676235438,0.8620442350903403,1.5266520385486848,0.9548682716456546,1.7978419952893827,1.8497574188790753,2.430526195419318,1.922567196915719,1.9547092835921687,1.7726659296996936,0.5845386305092263,0.8134307818312088,0.7977207894678798,1.3692619131871737,0.5055171057291599,0.5667793968869002,161.50601730739209,157.76443634070458,80.00085274046616,115.3586074932352,148.80596386516515,170.8344062412479,159.58580369213018,1
0.887938765561395,0.744064696480155,1.4021050094173135,1.1078981188661754,1.8852303405208484,1.7397913511450915,2.347623648901002,2.0933857722336398,1.6916939628327656,2.0434223169593992,0.7488408861201454,0.4695254414649988,0.712651488175569,0.7791752561431027,0.4214144725573389,0.38667638092116907,150.46003789959437,163.7787622007848,48.687897940690476,103.36734520114224,130.61734893378525,144.78010336612797,159.72960107537259,1
0.8661574657821136,0.7723676955023885,1.267355952615778,1.4608527356771581,1.8748431210712226,1.7540936028579648,2.2367524464279716,2.389357716197034,1.7071252625200228,2.011617392413636,0.6742923181480601,0.5700568210120004,0.673462013528773,0.8954883400009938,0.4433967342432917,0.4579209699958751,146.94039767563257,164.99180340630448,58.34032339176169,132.73250641066141,120.48211262702004,144.18595330256562,161.44989933445908,1
1.035399314764678,1.0501434878520233,1.5541980169242708,1.6434700867804792,1.980543767774848,2.0007919534689287,2.4969600865755597,2.555488278463926,2.0501762182205003,1.9718025942580624,0.445925515493949,0.40411901689774327,0.41547657939336213,0.5388290472437842,0.30784005764998057,0.33821824900940767,144.46042353534574,145.0109992441095,30.06322387381697,128.78645879292014,122.46184325363112,155.52433122101786,165.63501256116254,1
0.9452537392641052,1.3223085368605456,1.5548779048660644,1.5273800745971393,1.8035331355277524,2.1031435097018965,2.452703238474065,2.492223913420158,2.111141727926727,1.8526086099428665,0.7609426099433655,0.41767633982314906,0.8870206498170318,0.5803920594058366,0.26046163234616354,0.3599678921537321,117.69400984541086,130.73751560884253,29.658925554544744,116.49595278352301,124.47553907520789,156.75215230616155,160.6205764722935,1
0.9640658886446194,1.066614494126063,1.5189591007273475,1.526689332167896,1.9155348882508092,1.9936176022678005,2.460630271662381,2.4739329687568095,1.9967646085144326,1.955114174804881,0.5535816369076207,0.40687990541516067,0.5643928464831136,0.5665009964778747,0.300138702435964,0.30050744002418656,141.3660972821915,149.9910904886345,30.94196171508504,124.74191709424663,124.98750741048575,160.47431898488355,170.4646680808384,1
0.8554161524942245,1.0268245746661342,1.31396799891419,1.4090954001762144,1.8179314869945453,2.079003823940903,2.24884892657042,2.467033463799409,2.603118720718006,1.9461630881134233,1.9790824346504599,0.9121929932731032,1.5985432736991338,0.9790347356803877,0.3489638776464652,0.345141180220745,156.1052407476408,138.80363435513527,65.569056364104,152.94493495725314,147.5217821062317,139.28686841469326,100.40455674548298,1
0.827553813092476,1.0298985329273773,1.4432501468816397,1.524413574484331,1.7684066372173308,2.1194246544087814,2.3575346788743663,2.6222444907243236,2.6589882466285055,2.0049058210688555,2.213394528356533,0.8780721000533216,1.8979486183278094,0.891222543123604,0.32011903353064564,0.3303624472263671,153.20609308778214,137.04871870736488,59.315106340976236,160.972028742236,157.60957098058998,138.38144575059476,95.8786593805532,1
1.1092532475234589,0.6960894569709475,1.5188459864887665,1.6605458375156743,1.9220492214693194,1.6438323512852928,2.4814850660304755,2.711142683957924,1.7996351094250478,2.5871116374043592,2.129288408221634,0.8135347942036248,1.9904573089481281,0.8293518195348812,0.6756737693816486,0.19009137208989832,131.2440391792323,121.17514861308518,52.662626182828554,170.2649757969425,165.52596402168763,90.92750439565802,148.11970868076344,1
0.3906871145947603,0.4574801140492957,1.0615501290127727,1.3923256610061263,0.9955404742221532,1.2374528211480558,2.071544151285227,2.34892153490299,1.1788719420339273,1.123129085868925,0.5261326887029981,0.3336819793014281,0.37028740996339576,0.615605788404729,0.05143581380627465,0.19596794147566804,79.29258719487565,55.195927342389396,29.21016913730473,153.59056948650152,142.94749618849303,115.79081555859804,116.88456725964704,1
1.3976402132608703,1.2512881293463811,1.336551714909634,1.7407423371355286,1.9538166038455276,1.7269479631341764,2.4242974463057743,2.4280820809415937,1.507026656128577,2.32581591620342,1.2332926186689803,1.0702823636105898,1.068590931312983,1.6182137917646053,0.7555945685712827,0.35465027797457055,82.45054720459477,110.91706688196838,76.55973070471971,143.28536152962099,123.65268744487882,140.63267378997514,152.1856950692796,1
1.539024448400551,1.2062451969983703,1.4033733480837565,1.582637810112311,2.0478681625354374,2.035521266124448,2.453514833408674,2.472737369607874,2.0117004988077682,2.1110086522653755,0.5497258883494311,0.4568887773596105,0.6336740402042969,0.9920580823288001,0.7451565750718847,0.3941098430786661,124.20163131750391,98.99059867255744,34.068062116698066,124.92540780616547,129.06360954356037,147.3192410259962,160.2940150325588,1
0.8178406827183702,0.9575791108320383,1.2053080385213006,1.75239014097139,1.380521885567712,0.3117847024980925,2.2414744244035507,2.5316240469343367,0.39484838719323956,1.8534069512621067,1.4517418289394353,1.316506138808999,1.6668791402467142,1.970788934169438,0.7512807678705938,0.8500711686435,2.2195659996007047,79.4738905686259,95.55274787002762,171.5676296187765,152.63255039441964,135.79594207746675,143.18642747605477,1
0.6684578544989592,0.7762543680303233,1.0964198884980982,1.2269862278771027,1.597192354312737,1.7972135291657851,1.9178681099828305,2.2596308983297577,1.7199485613912033,1.6788429459343326,0.32473548222328275,0.37510719282871674,0.32248404951092213,0.6397296038635527,0.5083546725114725,0.5007066322939813,143.4473126489697,163.90440442191598,39.67491520060712,155.5969656275912,145.00134945289918,159.87258519722326,150.68588693102282,1
0.8946966106586645,0.7815065386249868,1.3743076477744702,1.361408976592678,1.8351150663317675,1.8061576273233746,2.3462080277152513,2.3602807173265914,1.7802025356720568,1.8917722272751611,0.6611841470870606,0.23396812336729866,0.3265885734853461,0.25881181292426375,0.3271285360158795,0.3361108789035196,153.270855732076,143.31927135937156,18.70734720370782,158.58600446222212,132.97295935305377,107.39668143841244,122.32136571997393,1
0.7382135395696257,0.6915639063378344,1.2974006287160547,1.3427218157330798,1.7346461265229791,1.6886424169287677,2.2698591364548966,2.289072479976825,1.7006829528328018,1.7591229356601772,0.6495185402516689,0.4209330892986607,0.33563983025845395,0.5035275553934901,0.2939040093789782,0.350924409270307,152.64623218904896,150.8689187715494,34.151666341666164,108.4561848069562,106.27241543941075,114.32143518026454,125.0925409331592,1
0.564045657743102,0.8692902678784576,1.1288864481533478,1.130701347205776,1.101347961871176,1.5482668567262177,2.0177552084395356,2.165772663419262,1.7060999346054113,1.1378273954642981,0.9074118260671109,0.5837750214031789,1.1855776821207336,0.39978590022394783,0.26072223924781074,0.3210910408069777,86.55491796817813,55.23637476867066,47.48115639759808,63.9181395585175,66.24368003436064,143.07096905596083,105.6331665552566,1
0.8230195171278831,0.8509429586517565,1.23935599311118,1.1290242382260904,1.285763084705738,1.3015567165284463,2.0894598317352147,2.0817183632080987,1.4461127017137039,1.3158952132317023,0.7889718412727814,0.5167186333470457,0.9854373871413242,0.5661810361232721,0.14724622574672944,0.35558460034299233,75.25089510406607,64.05820967677197,43.94626759231866,78.81296979060076,74.15305939098758,144.66161749790538,132.63410300318557,1
1.025422415489601,0.7168145223930394,1.3558907161315141,1.507079776632219,2.0052054201953737,1.6975212544832954,2.3486636758157795,2.3039304563747693,1.9418561206459761,2.4386932271924247,1.8198617097879222,1.2465780375534519,1.9192334759874001,1.882063550150645,0.5607405334745307,0.702806210481018,136.20336878510486,140.51779071104818,88.56140207921445,162.18133537219848,163.366274138252,116.9068096629453,150.69890930724608,1
1.076840232755694,0.6998006469579393,1.3350104027179401,1.714519695711388,2.0027834632617343,1.6908395707360417,2.3199127835698676,2.4045415085775623,1.8670702593550683,2.349609189288452,1.5213522881640213,1.4009305829240077,1.609900921870764,2.2167279780638918,0.5868984874428637,0.7776867943190122,158.48663446395128,130.6545950310405,94.62499578165496,165.51825658640274,161.26038587269943,132.83488494056036,148.76045085160527,1
1.1049359354826895,0.7985088467396037,1.3779381449756323,1.637861140550546,2.095112158422618,1.7832505132905228,2.362833295332579,2.4206479470050386,1.89666402909494,2.5090754019913346,1.6338804454384364,1.372825291656307,1.5619072203186595,2.0971489937175924,0.5855891185890341,0.6445102379192318,155.00983172901098,145.8587586202508,91.75856994376271,161.39768560287155,159.21843690715068,123.76378543019261,152.76641467781008,1
1.1262491684705065,0.7864062697620234,1.2854611544856682,1.653467634820432,2.113995750665249,1.7642515707227127,2.2645543440657425,2.3854380317612396,1.9676189949881857,2.5438950908402274,1.7788852990165074,1.4328092444631098,1.9121854734333668,2.1869610125672185,0.6485136119367533,0.832813464429829,141.2528180005985,143.16853563828255,98.50222652306903,168.8118692758996,162.76912125954513,127.49355542039544,151.68083821683882,1
1.3883843886948932,1.1924258831306418,1.6229370640775889,1.5196841006828217,2.16637725046112,2.056054585338301,2.554829630178623,2.46978788362026,2.1139457696255035,2.1384698709465377,0.5167711941634399,0.493031344660175,0.37398706099988105,0.7882836240126919,0.3264839642617608,0.3418529310887113,128.88363686076997,124.69028920161439,36.1453186769056,133.2140760496173,129.5173838934584,151.567652074717,159.28529286092154,1
0.9077125481020686,0.8213097362216955,1.3937442616151203,1.105328782268215,1.8835537618574922,1.8115525166814292,2.366819694443266,2.0889767965517785,1.899257554631432,1.8187951726971534,0.3122584804233178,0.5009450746536532,0.23190814825464892,0.7691972351575334,0.40656512780136284,0.4142261829603852,174.4152327783915,166.78188208505313,48.008080769251166,135.72341944427447,151.1735979935841,160.26846684723472,170.4623425660998,1
0.9040807579570531,0.8529182203964122,1.2478563307712078,1.247234652921402,1.908361866158485,1.8291116595978563,2.2437504627226588,2.1988802937923873,1.8313483398480133,1.9291721548727148,0.3280064820929918,0.45381286687514866,0.26433185726844455,0.747829815620802,0.38234186421743865,0.43529643659604156,171.1012856573775,178.62299828315443,47.0997433527434,141.437653161823,138.49560598961074,170.11235603042167,157.86214973541644,1
1.3598021242774492,0.6953091323139821,1.189154516926193,1.8930165307155664,2.318729378020359,1.608266161363926,2.2128727140387183,2.6448276295633066,1.7398078692727679,2.735343096464456,1.7288616042511291,1.3202784980179827,2.1644797500858464,1.97834759765671,0.7023965869873253,0.891392246690328,128.70258909031006,136.82579314061869,90.61331101856152,158.6485649152223,136.35994571338628,139.9754174061393,152.55619688980744,1
1.3579040320850932,0.8609422942629789,1.275338466907496,1.668406535461528,2.3294813050607903,1.7992401101812374,2.2927292250335656,2.433254716577283,1.9590420787512057,2.7474614952832868,1.7990897831736592,1.1486610385679,2.238392181142438,1.7491534705139677,0.6604152999063947,0.8803459753674918,138.45865207396704,142.3268213230876,86.21488503011118,149.12794560750362,136.9400260734878,149.4494674608784,157.36474081423154,1
1.0317300813750094,0.9776132112101497,1.538555072420404,1.6585131566363973,2.0761058203343152,1.8733481474452907,2.5656590885079646,2.3976346607234946,2.090817874955797,2.420430729352296,1.9234722157605204,0.8945412951890395,2.170617703874106,0.7268447262866036,0.36615658325599626,0.9898572097185488,129.8047331609806,147.24668933105798,67.99165379879679,139.86884112447575,106.23591087690797,142.45141299685298,143.8240438876858,1
0.8562382447860634,0.6825545433564846,1.5150945252556034,1.6091407051956965,1.8572257431419097,0.6201825695753479,2.4958093292641146,2.43403656095201,0.9364082815851851,1.8745632994905914,1.4275690122211044,0.510428478454471,1.611353235855645,0.5427895833899725,0.5211408917387277,0.8325500509107574,35.832288447150525,168.70281097221414,39.16408488257,129.02119664048345,123.77403164700772,156.74244290687875,122.36875192422761,1
0.9114806344537296,0.9145730363834705,1.1649018732981389,1.1482870208836387,1.8702477012550198,1.8945977070108664,2.1352968523786418,2.1323740803504028,1.9102901493291986,1.8714011647166404,0.4612963894427783,0.4286496363948462,0.18964821878590865,0.6557722432865706,0.38831083629384006,0.4043907664363633,152.25838932486894,148.33754658477767,50.02417333533904,133.59581690151228,135.20416622249564,143.34251745296618,141.22583704224945,1
0.8721651721494719,0.9531919601078599,1.4924875212576496,1.4465967069676489,1.782196562160885,1.9033681657145272,2.4100755308509836,2.4219053018106176,1.9568217579081044,1.81420938533607,0.7366170461847077,0.4788900641245575,0.7343307829939136,0.8043400005347037,0.34673661051586074,0.34285362945729825,142.46305814632353,143.872262794988,39.2294107539095,129.7846808934938,135.61620572862822,150.83342385285982,142.90577170078475,1
0.8730810852136985,0.7579513585352325,1.3033760511375847,1.3427181775464836,1.8261324442117894,1.7857226891247968,2.255537121798786,2.35193064293907,1.7849497313483182,1.853168821467205,0.5559870529312348,0.3728276948133408,0.2775279321669038,0.7165382228262684,0.31405467993318853,0.2840321685810087,160.37676821541942,154.33042072805696,33.294212030706916,116.15146011002679,112.97723572944483,132.0366792600716,141.96787732262666,1
0.8861133261685362,0.8179761596161813,1.3412410556301113,1.3726311050183915,1.8642162576730088,1.8153947133815795,2.2962823331873325,2.2078297676205394,1.8735911238527276,1.9207807921743922,0.8679012840812416,0.5903055219644114,1.0173860277568048,0.7168737253138383,0.3379250690564597,0.6635018280973481,166.97941213740137,153.06325916521473,44.27688052410158,105.37143975331995,99.63602473842569,145.323631004705,146.19331985786354,1
0.6647972969800842,0.6154580462624536,1.28941155201597,1.3716610312859954,1.2486156784840046,1.6430308219094258,2.2180052391537575,2.4063390753156884,1.7944573241753679,1.5943563053419174,1.5758118765874263,0.4353578683901103,1.7015557652726112,0.5054877902802613,0.5824639280690758,0.14080669559515657,136.76063976076284,77.12730810562898,33.26584322883529,155.24222975484062,147.47430035831334,96.85826170908695,129.31332761158572,1
0.9071668695173738,0.8978281417783739,1.2828407849891428,1.3254576160845635,1.8911847899457626,1.9108002442782046,2.2403143910747896,2.3217470473379156,1.920508839732808,1.913227040491607,0.4714563775023489,0.36744314108481224,0.33666730836159503,0.5503130197133045,0.37690550624649416,0.33995647770904247,164.62683986441283,167.35390216119544,34.732149275308124,132.1860883056246,123.65547259181297,150.61174616602545,162.98979480696647,1
1.1058747732823009,1.050921239719571,1.3516622984023408,1.3967518802930279,1.975615674547051,1.9729838931720554,2.3091083588319172,2.4137322387426976,1.9126527747763442,2.0872955198907563,0.7388881402554992,0.40807275716963365,0.6044935061646595,0.6125082172107952,0.4335212986453055,0.3757972140059657,124.5590444914264,131.97081502937667,36.723080248025525,146.37239136984226,140.1881356337866,138.14236144537313,147.4656246994143,1
0.6474592496724509,0.619692635471106,1.200410933647595,1.3258803468543257,1.4630025670444362,1.5764971511498815,2.1709196632925116,2.34204654784352,1.5875193298119747,1.5615187479260044,0.8661368534544857,0.33244985344952865,0.697103897262054,0.47673267900579375,0.3219357859332929,0.24917147191556685,124.43400208241155,99.58543338120211,29.789256522503834,151.64890824373023,172.88600396851967,112.31403996263646,115.21426001542089,1
0.7632630463819194,0.7672536939693694,1.1090925027971013,1.2754583359243303,1.7256252642377734,1.7844392691795194,2.0557407748683425,2.277730708256402,1.7677625836737534,1.7496077415673152,0.3085147688085774,0.4790532487330623,0.1361331272145213,0.8086494448534659,0.36891510030011754,0.3611031517228551,176.07984136825382,177.7270658979888,51.15682615764119,127.50699706541171,123.7293675978794,144.73762666899287,154.99794107814873,1
0.849538005359158,0.9551745215248053,1.2791456802565029,1.2272469047229122,1.835809367275274,1.9607255316497045,2.21634708455531,2.2249697883626776,2.053584509006539,1.8209662260885588,0.7217859081663328,0.5437854219171789,0.6119242717203908,0.942231390724598,0.42964319962417225,0.4312590474268692,156.34002810244382,160.79922297157245,48.82996414501457,117.55946436528312,119.32648311974775,148.93036382875076,152.57088644339765,1
0.9077428621405728,0.7468874924030073,1.3280001287348449,1.27549090875089,1.907948370410615,1.725339895196909,2.3189499081272986,2.2183372839935,1.7204971870251644,1.9410593341937814,0.5531581873420521,0.42250349073758964,0.43814815688330466,0.6243374157301561,0.34392338095689257,0.32662996972121167,160.5166260852215,152.17079881351725,45.28723133301692,120.60843932237832,117.09087338431661,145.08883912151688,147.60516480518328,1
0.7929198332600965,0.8011459709263724,1.3331076239928268,1.301702971507098,1.7815585770602116,1.7923449524448498,2.3160109787619416,2.2735810398523477,1.8417108506726534,1.7639786395669321,0.5976353693842158,0.4970572452465877,0.2974657950592108,0.653107594744013,0.2671952811089669,0.31079551841141456,159.04923684649586,155.45683391186355,46.48147394714413,120.85301446556942,106.07056093557476,132.78320888381086,141.34919513308836,1
1.0346669990726296,1.003364837902022,0.8855618793934652,1.0475050846154093,1.087669983189273,1.0649354920469334,1.8521940493429379,1.9719631955469996,1.0808722553788237,1.1509798609908,0.5735372257340157,0.2967487821555767,0.4197484180064751,0.2379487373492483,0.6513645436972145,0.740363071755683,35.662374025011104,41.86775295664281,30.176584774796197,162.4110826501909,148.79797163928072,121.88299831499694,124.84074328342226,1
1.1572952877840488,1.3781289056195787,1.615381597650371,1.5496197053984093,1.987767460645488,2.203977270987468,2.5927798888162483,2.544259076454489,2.1522624149920495,2.117382487948342,0.823749552669987,0.2959429065533395,0.7544173461394157,0.28162335426634433,0.22119309591070946,0.5109111362800328,113.72864519253415,119.70251022998829,21.2089321435163,155.4544767730775,146.4137900655314,135.24429392189796,150.555712947415,1
0.8030546129647046,0.8567244632462787,1.4059689179401422,1.3848922968491157,1.799141977557792,1.8296244767612775,2.3633980060839153,2.343582248197404,1.861214284305356,1.8259421412493833,0.5837623924496185,0.25773552891932033,0.6368313909061919,0.45499852199496693,0.38564233743203613,0.29970509221229563,152.62041781715803,160.3806596586682,23.142920433614684,132.97038275375266,126.04701471181701,152.4177356737222,162.44998926989823,1
0.9230475924181603,0.987599831353363,1.32954256228378,1.2868644978826715,1.88236335207554,2.027238819111473,2.288807262645217,2.250742533874383,2.040420033434612,1.9190627811331193,0.6005249837086286,0.2188316784392111,0.5242268665707838,0.38633026402290743,0.31437549586219427,0.5344775375187409,168.31837907439086,165.48621883436127,18.792861241879244,153.16918445565213,145.31457705079353,149.92990206586947,168.8980352427436,1
0.5886778538437493,0.5247644368185655,1.1559940940787374,1.1709404561607426,1.5993468485968632,1.504155855656193,2.1454129517446945,2.1247927453169675,1.5258620004472716,1.5953063868136899,0.3807811206303403,0.4599597060839763,0.2126550715298652,0.740863945784967,0.28413257164878297,0.29777931832696786,170.5154716881477,166.7538695070895,52.88774512230635,117.83826900297257,118.01717350051652,122.91543013469054,138.11388897434537,1
0.965818131338075,0.8022073848147,1.3483030904810598,1.2023213595608244,1.9091767159463833,1.794446623986834,2.2675481909805786,2.1610564930785165,1.787537094858022,1.9522578859921615,0.5558038220610303,0.4268211749980535,0.44741386065244143,0.689921994812949,0.3786235506350576,0.37983985196021314,150.48853345643343,145.61228648574578,43.86954912897693,132.37961445264548,140.08188749244377,135.3322519591533,150.74037958819258,1
0.9490450063358062,0.9101998829036609,1.4258627709626943,1.2800441524974833,1.9135605577316968,1.8689782923181137,2.3191064419380396,2.201465955004527,1.9131894200347663,1.9069499644793892,0.5217142703704298,0.4056571442995646,0.3288985843080729,0.5617362835286898,0.4224202283611065,0.3974334247024643,139.99506642807438,148.32513940630352,34.94640302827879,113.91712406826093,117.23499728467232,141.0057861302878,149.70089257277237,1
0.7606809409050804,1.3167121342193904,0.3783465428167698,0.3533770556022099,1.7013432080051158,2.185757337557142,1.355372875880797,1.3695442248011511,2.3250926593983583,1.7296099277333732,0.9657855396896271,0.5020528667644737,1.4903088960306223,0.3321394140052895,0.6707280677266526,0.943300977054658,130.61109834881432,147.55155853931188,41.0334511345402,27.531738835782303,28.82391416301931,165.32701285759015,165.78231432649437,1
0.7702447002971624,0.49034954610062054,1.5983631589130174,1.794639501910301,1.773025088555805,1.4428167576112363,2.3621346142829998,2.469415130612692,1.5753012974635168,1.7886134595000862,1.0075474458509472,0.20159642720964455,0.9148355098328799,0.5337939506496812,0.689388854474565,0.7037700966045083,118.90557403891589,159.4726625330855,13.247382027822455,79.33967993756234,83.84123004068987,101.84351151532874,140.0921113518655,1
0.7862986780297314,0.7971556928621677,1.126592209330303,1.0510066024625349,1.7827344696896885,1.7874457245341369,2.103063584407777,2.039043466184722,1.7737275050131802,1.8300749747272458,0.4561945755691768,0.4313763848891124,0.3745315769688058,0.5700206194624847,0.3959596890025979,0.41521995909081955,172.1350616078436,158.77213619523437,45.98370382392761,92.19391258073458,103.17714179497527,149.94955074297414,140.97838074499657,1
0.900923606193984,0.9050625051613814,1.5819504909708388,1.5430465108276255,1.9099152412352987,1.8910976536368707,2.4603623721977237,2.4312024360949693,1.8943461597843465,1.9429754291003367,0.48697162233883867,0.21363117639041218,0.3239545860172555,0.14889558868038605,0.5398871070134528,0.498261285894875,159.95539901994684,161.16232357866812,19.824086979768214,149.3820710742515,141.27163334353693,137.89479148933984,155.79862803885024,1
0.638070088088285,0.6101293795179809,0.9863033015701373,0.941451467019787,1.3571981859956763,1.4918696512470835,1.8568412771548106,1.9050316830488734,1.5365413526877523,1.4848684704102202,0.7986101068564578,0.5808206023643128,1.2337985420062316,0.7997016773363474,0.6582196144914972,0.5038002073119092,118.63392477486418,98.77760761668344,41.34392043836547,74.1909373668957,77.90217531227903,131.3426209681848,139.9108768918939,1
0.9228432047331248,1.204326262018461,1.4534392361927038,1.4264214053947004,1.8968389887901067,2.1267510411919264,2.236168606329221,2.3229844805981887,2.2013992215394995,1.9280129312119658,0.8071062082859733,0.4077339484090179,1.1072647877992448,0.35038873064565124,0.6824218324226227,0.45881864411337187,141.30111021337197,159.47046761940666,28.97062978919856,84.67764365014811,79.43350539967409,168.64570304763637,162.31210944914883,1
0.7019628830997708,0.6444127432064004,1.4312135398253691,1.1192064707491785,1.6233744931593481,1.5820442975924327,2.317043182181241,2.0715834465487935,1.6459320337275845,1.6771268785642053,0.7492829806095139,0.5145715098096704,1.0379952872241665,0.8676209553824753,0.48233293474170963,0.43767874331257745,129.71009800205383,130.0843829949806,56.592442871147156,98.64204140922722,121.95197470119419,146.24714039999972,136.21082539547245,1
0.8294429145043487,0.7691714605846398,1.551540986655206,1.4244032282518164,1.736837992172073,1.7944512100013317,2.4939688935355164,2.461020384601457,1.8785643007450687,1.7494492368966912,0.7998981196053979,0.2773661730856128,0.8416831625943653,0.44876091371646387,0.1519102057705368,0.20664809272494875,154.43936978683303,126.08085376195508,20.95067487622015,150.1540486097071,150.61009959773128,137.89798350431533,129.01548506533067,1
0.8207366077147733,0.9332367469966865,1.4529109868719658,1.197474609905806,1.787663319843214,1.9269932530852778,2.327335339779572,2.155897884782089,1.9813595628242793,1.8087344409716137,0.6087891124244916,0.5053367895069878,0.7944616258974874,0.8288658110195065,0.5244967685599184,0.5098312654495347,158.17170795594154,160.79815495235286,50.21090893999667,108.12029455766407,123.39736009149566,170.85733109908176,164.08513651350293,1
2.278430245972698,2.145616168071509,1.378304927835264,1.4298835275995878,2.8739219691185296,2.82554979500416,2.349039732096286,2.41796794182056,2.8265182366833175,2.898346988503693,0.4230193033152481,0.4230213990282035,0.3751075843958469,0.8117137053100604,1.035232034293067,1.0665010756338547,117.82333254152717,112.27150542918524,32.22708011344342,134.69738336551376,127.71282797013325,168.28580726648116,167.3004720493445,1
0.771540433206996,0.7683017162096486,1.3211735155634685,1.5169504020208922,1.7962652305592146,1.7351652415195744,2.325223148940011,2.4095116218353994,1.7140301969908682,1.8873448635069623,0.6029035815842341,0.5858517450246621,0.5491390034676291,0.8573714152645153,0.30268435757346074,0.4871432208199394,176.1757169579516,166.36032306240065,50.297284264669706,146.1108754021353,131.38486072796897,154.15171279776925,142.30839517381938,1
0.9915260715853143,0.8022623173388165,1.325363599167891,1.4117764225818392,2.0063734405174225,1.7794478749520521,2.313662285324847,2.28132916379651,1.74901648278827,2.0920036954913623,0.6622454350605663,0.5123365251314722,0.6076706025908418,0.8410537838037421,0.405490435722447,0.5835404413015313,164.10104981216875,168.61199842053009,42.29362881603011,93.76006374312287,98.30900140412383,139.99963279903886,148.23784632466356,1
0.872542860046282,0.712025513417763,1.2798323528538103,1.3604990910460695,1.9119188726751646,1.678737202887857,2.305120084879358,2.20251859680376,1.6832216911496893,2.078296106143844,1.0278363635121057,0.5835270199974146,0.986440711442578,0.7527751862052072,0.35164086061573624,0.5063492157185259,175.33625612698924,156.7902832104873,59.20646027929205,128.27963550673988,124.21656141543087,150.1386331815289,136.93618740748195,1
0.4289578864493679,0.4434846922449211,1.3448979368240388,1.4508580119415428,1.400947911596406,1.4375911323224866,2.2818976999692935,2.3638570109169033,1.4900208010432625,1.428521268996926,0.6210856146488026,0.36770538342825015,0.5199656596844221,0.5069145104442723,0.42303428936723775,0.40955445402705515,161.63102421629242,157.30274881745805,33.79885279653626,133.85044274744268,115.7559230248391,79.06536282242537,118.74907810382487,1
1.2721631360436505,1.2067510008733104,1.2792517085075545,1.475367017743647,2.1708964317970136,2.1182155746758355,2.211426071900114,2.389595155700851,2.088905575659851,2.226995136721521,0.5352679008112544,0.5317958403613137,0.3987311659333027,0.6914564590141028,0.49679110647318536,0.406664772698189,137.69853909574698,139.45079509272992,64.92494929852138,147.3086800631896,118.1895323161622,153.5185636344708,157.2592243324712,1
0.4583425962201585,0.4352817331088625,1.3620617008390996,1.3205419916853778,1.3966576196565499,1.3787379471376207,2.276285127881215,2.2649643236762325,1.4069575308653175,1.405424928757262,0.782661435136762,0.28644281258795795,0.6573673929681991,0.3750140472412919,0.5220532556310258,0.18820663704151455,112.34212967647905,131.78800851053705,25.41236690626205,143.65440202200415,150.1257705077711,74.3417452914302,63.61550254644511,1
0.807698615945779,0.7321472597729841,1.387026869830128,0.9178162015189529,1.8218133828219396,1.718861391699942,2.3272617368198873,1.8939497636769256,1.7283219384005735,1.848984904313355,0.5047315505840164,0.678446725690211,0.3657982621082301,0.8813298064330254,0.45223742688443364,0.4271465493625523,162.67640735446696,163.43373931749238,63.69324156819299,57.716185215483385,98.25558329400617,149.0697071813742,144.04018626804,1
1.5006801412986297,1.5665193347042317,1.3555333980872712,1.2562368389359495,2.1042889721698583,2.024656555796564,2.3559576621452982,2.156863658499526,2.224935156753808,1.9194205066411691,0.33763293444179654,0.5541671258001156,0.253155605948903,0.9517190679196005,0.919587674676503,0.8834855624381079,88.92271458999164,101.96691850460842,46.67293047813487,162.5136024874936,167.0237296848955,153.65367235373705,166.48886810543308,1
0.7396270308842484,0.9917319850287775,1.510418686899054,1.3453660582056488,1.7074625027978265,1.8418641522520707,2.220198939313297,2.1901335289612067,1.7292272033499703,1.8401085161856001,0.6597846167140451,0.5040933755469762,0.18520758047456,0.6433001654209854,0.9189331383628928,0.8467213496277674,155.0951364432669,166.74793143462492,43.85082890801595,135.02284408760954,146.41138293014026,105.78461845989905,113.28891146953421,1
0.7876595749890405,0.8207620769104729,1.306301602141181,1.283474393862915,1.712426165289089,1.7297541595081485,2.1159051415830334,2.1231967556738063,1.7327251013349236,1.729793854895494,0.6079625868571878,0.2203479775726646,0.19064021366573436,0.23528188542408351,0.8030557655112058,0.7688690132980546,153.91339346118227,154.4592117499262,21.170212912725585,125.55781833985753,132.30487084353499,111.46212789962085,92.75595225370937,1
0.5375178325289319,0.5197829936939017,1.4417851731550737,1.397318956619727,1.5503682602908375,1.4962968718424663,2.292579045947823,2.2065856625183566,1.5440937547192675,1.5288234047441653,0.621931782597529,0.1629045513268872,0.23096655950712558,0.1620042619029148,0.5961725025825526,0.5134719095623277,142.40611918465396,136.54909880401263,14.401367199599143,117.51867211312786,130.28003147843316,101.5169648751504,74.01059131149378,1
0.9116756120489911,0.7939617610529708,1.142654774115913,1.1118369194300448,1.9139464030007716,1.779975789615537,2.1036682635661443,2.032907695100346,1.7270835582195343,2.0449111540264795,0.7160258688768799,0.4979902034003325,0.6466974041546651,0.6857045120244987,0.4681619719086138,0.5089502904992524,159.06765652654678,154.07656128749656,51.022682172346244,72.84420866202369,81.5318537182654,146.73956061964313,140.98427296261465,1
1.252764810259962,0.9734118186102872,1.2871922504012865,1.9516819511438421,2.329378075805087,1.862524988742758,2.368295321271105,2.610576241119814,1.9322490731091093,2.6714357647847855,1.532479805600475,1.1268635643343672,1.7396001960495375,1.8153847081985457,0.534161582864659,1.0358054424417564,145.55105969423715,162.20193160465158,89.15877973558952,139.92057086900945,113.77569847701047,157.04031020569644,158.57252235111758,1
1.0460704131741452,0.698788584788205,1.8609360705117037,1.7712572661469244,1.9148047526643326,1.764495245152765,2.8119005056638433,2.769665421061012,2.191954988427931,2.201414425869832,1.9521480394014679,0.8652894767491562,1.820697672630082,0.9329077827288557,0.2094579176210522,0.370189178170138,154.25571653470922,121.74852781540326,51.080264488017974,165.63503931914607,166.05217351681085,117.14127997620263,124.36830946877899,1
0.9096084732222811,0.9423783574482151,1.4322311596594026,1.4134254309986722,1.890043212107364,1.963928767366962,2.3804794298399075,2.4184915128801987,2.0790251698191473,1.827972733311172,0.5916995509387682,0.41019442079424606,0.4995366777396561,0.5453524204850909,0.3647051159788904,0.33657996077975944,168.52059499550217,176.86542013334505,37.26220368056798,136.58729828118055,136.78710213008634,153.51640597737324,169.59468199752493,1
0.8364541753481695,0.7550926496638044,1.3429442601635344,1.2865267582503523,1.7895759948821122,1.71614683244464,2.3234554733253474,2.252350826278877,1.7411411867171784,1.8255257024673868,0.7526781573368093,0.3372735113555456,0.5342160380411365,0.5227107069047812,0.27059252183140725,0.28021031554432907,134.5987826924906,127.09402391508934,31.374049102983403,143.49286916676823,142.90872778449236,127.29934540462047,121.24459466615129,1
0.8289723476878955,0.8618270257666706,1.3026424419479112,1.3570265090266016,1.7873781323074442,1.907793103044678,2.209974439444196,2.3584747921416023,1.9546320457586772,1.80073430507384,0.6507394262360319,0.5410699835287509,0.4951140595801209,1.0157581866104795,0.4111265918680647,0.4063392652836015,164.86141091504663,161.91992823531854,53.09244389145078,138.94777322261032,141.07318097111502,141.6209440100028,154.3845689647754,1
0.7062432821454342,0.7750269981198882,0.9942574200380518,1.1038661972591417,1.6745769638390882,1.7796863566035477,1.9303206824115533,2.0558059658583208,1.8015750475151802,1.698324365186678,0.47754589165339245,0.45097237019128533,0.4635702269015372,0.7628816693359664,0.43025133618760414,0.4699261139813304,156.22462622483022,150.27679729970546,43.18774163037197,142.17954640074615,152.46954052811174,160.81511695968584,148.1312401723336,1
0.8115949631509264,0.8614082097897429,0.9935064712796984,1.1444970651813977,1.7403373261823578,1.9003457845016,1.8919558588029208,2.189675183220561,1.9182831936059137,1.749218573938559,0.375822971366945,0.4725461208768269,0.3130743126570459,0.7601305171286774,0.44373182259505256,0.4199894950733114,177.0201521277843,168.10735880395316,48.922882111239076,107.37927619377389,109.47059490971985,151.80963226440124,169.3596318177324,1
0.7080069622488864,0.6425375026870056,1.4623673248726583,1.4049650204356274,1.6422099431332111,1.6178597443916545,2.4210733245226743,2.3870827263182304,1.7227539656811879,1.6987884924924477,0.774228117753593,0.4741152349865938,0.5164685689953735,0.47452803761712425,0.4039803367467907,0.38383817776748275,159.29180576181076,167.40595787998734,31.73132944571276,105.31783434654886,111.27377204697073,114.302464053477,107.96788020826959,1
0.6430502202558849,0.8341061234100254,1.2759609727045984,1.5180244805608794,1.6439906278452465,1.8271598405186735,2.2270041562173035,2.4500330421292933,1.8400929897365774,1.6591853451550813,0.5678375868720993,0.48152628895068844,0.3969111825768852,0.8629638484444347,0.33958134739754536,0.36309681183570314,153.8237322450325,156.80925884672615,46.90469879920771,122.21359666413157,113.26348575169683,132.69253755001077,126.9910504347305,1
0.9189384501685804,0.8571339224590971,1.365391398389718,1.1576163626322336,1.913383673880675,1.829242167846511,2.338492825442987,2.1209762873019673,1.8353087740623346,1.9362517527885204,0.561832379757015,0.39912410342431326,0.3226393301478979,0.5642985993612857,0.34100965891503354,0.3636563805232955,153.17473720674158,151.12760705887425,44.963114175315106,115.35819408650364,131.79316783195839,140.85641226737317,139.9526445620976,1
0.8779849880681596,0.78283469794799,1.1781679738459463,1.2467990324545277,1.8820912695863812,1.7638928232243887,2.114704582341365,2.078485042388031,1.774715950809605,1.9302660275228514,0.7203339234243161,0.46415955038733625,0.5656560028650345,0.6172245885418238,0.48151255984578656,0.5931581914960155,154.36015229675118,149.493193039169,45.979504037997096,80.56623158045521,83.90942211968671,135.98131074231614,134.52447514193352,1
0.9115802648038652,0.8879258024047376,1.3667823612660546,1.027798195037061,1.914841314185831,1.858317834485907,2.291952786774291,1.993882715673723,1.8804366342258556,1.960845782944452,0.7198973126645307,0.504468592523329,0.6461629934377218,0.72476360026464,0.49011663082484747,0.46586566230610404,147.20092624196178,151.6368532279776,48.18000502515692,75.5465164357876,109.46189403432555,148.94734578669582,142.6850576897937,1
0.7542784833499077,0.6393869888526372,1.410428854056027,1.3588007908732807,1.3727756060841587,1.3380524564663796,2.3795172527415027,2.3299799804805392,1.435161549071268,1.472319431668742,0.8353509447794696,0.5165437716252325,1.3020687913536981,0.6992172331855427,0.41795251205356454,0.41114569529081585,74.94901594383204,80.24506377498213,42.79666644796773,131.0996628244803,131.20660558039958,101.04442137403426,121.26541878243272,1
0.9594820500426142,0.7859392419740163,1.2216018363945569,1.2623899186727925,1.9453506279969994,1.6961086542186543,2.2233829486089163,2.22032762278471,1.6691169313761038,2.107329034069369,0.8563414335748675,0.5850954271081249,1.083889214477487,0.795380238120551,0.5312197009621908,0.37501270175671586,136.12948420741662,150.1535755160449,52.518500233628096,119.60302907610027,111.71317869124226,140.34016196370786,166.47305765077053,1
1.0916367102790803,0.8968296097868386,1.2328280378555,1.6992056940121287,1.9740711023495945,1.826753472777171,2.2110931121318322,2.5317103821223044,1.7254305820762317,2.1985217114871642,0.8008305824716888,0.9552426399109339,0.7652290837138411,1.4985912862930475,0.5089164327624315,0.42783670583020883,142.27251674343958,129.58328033946773,72.97091696487804,162.3808367598497,148.9541282302232,145.5925166226421,153.69773943403806,1
1.238599807856452,1.3434839309035234,0.6701396767722696,0.709914067526957,2.2371863530143004,2.27960880124445,1.5552658415835474,1.5184196083745236,2.29431285496556,2.2410090760884933,0.5376365783982595,0.532259654382535,0.27206877386226125,0.5148234341041262,0.9776327353509161,1.0310282102404114,152.53305737596787,155.10262931555576,30.375765574102648,41.679955521322555,38.05437737958833,152.40017198947686,150.1065276781825,1
0.7582177962009254,1.1419637474226012,1.4548042609392198,1.4061284218519152,1.7088331712747935,2.048764559159087,2.4328901006554045,2.4174397359841766,2.0350541263997544,1.7770981478769639,0.9176813567028056,0.2483570274168669,0.7959199290249193,0.3493557634220004,0.13361155840578554,0.5334783188576493,128.26198480569943,127.0278899414745,19.177924275437643,157.35757368845205,140.75256245833492,129.27267152717835,107.8508313251102,1
0.933231516455243,0.8665358700556898,1.363801531508837,1.3300935834860679,1.951251691160698,1.842023335328249,2.3782552934810255,2.2916485488205605,1.7953008163508706,2.0226239576696345,0.41150770374733875,0.21816261410881627,0.3040853155725438,0.16010583624100203,0.34334652665821946,0.3405729773325953,170.54802474115567,176.0205025781387,19.026887329035336,134.27409775911107,132.26296554906645,159.73075290369275,158.0729137069956,1
0.881885245802748,0.9426731514628357,1.2001304521307607,1.2538772774496687,1.8488455546319775,1.9774711133310723,2.1365259783246837,2.2728287638880995,2.066460664439319,1.8094122908371642,0.6654166126138523,0.5526548375141475,0.4319966090440923,0.758788177986887,0.3965908929484358,0.4044652927874716,166.09138250322272,175.51310477864325,53.873276889728004,124.44442382831176,126.33601032748106,135.60483534086222,163.76744603551776,1
0.8475768555736709,0.9597564143884639,1.2473693527450485,1.1916912626694178,1.8196303621777312,1.9128705147775458,2.2268339648437974,2.1528868756837847,1.9639811850924127,1.868823200748395,0.6826040445156826,0.5767160976164979,1.0077340027782504,0.6591123052697245,0.45963301709181725,0.5568547392781577,150.15799825685477,158.38549946177457,44.57758765627014,100.2989400079621,117.67078198056683,163.80576615565968,165.17821037064348,1
0.9882682912441496,0.8266123550081438,1.5488825279126914,1.3525008395554399,1.9318653931093097,1.7922546641516501,2.5585611132033312,2.1874503756352226,2.3663398966971014,2.4762466641872702,2.25563600324562,1.4350613572712811,2.3603944716593035,1.9965605426814843,0.5896687855358701,0.6645443366013617,143.46738321255347,132.2764544346564,93.95349045409465,153.44241117527864,157.3888511972367,127.00574151998472,147.1829350014896,1
0.7548513456716336,0.8768225328679903,1.623841884239884,0.934836409105623,1.6581829825610195,1.954126027536918,2.448861185866159,1.9924919647579633,2.2283832618361914,1.5663567346645828,1.0741376458981566,1.0306572669267833,1.0032532728921286,1.4616197587197677,0.5963964087984697,0.5460617142989619,169.93200938129087,143.31470735110582,97.12571005470528,126.15127822217417,168.28556065355897,149.52489353058994,145.3018981920987,1
0.9528615936294238,0.9064861313350702,1.3060789833747264,1.4035788425638276,1.9468140611914235,1.8699051387071226,2.3032584643769556,2.304424976213499,1.8277020448967114,2.087614526845481,0.7186841373481138,0.5362815746830629,0.6887719064589486,0.8605882414229583,0.3845416474808352,0.43406939442714665,167.24191236496685,152.45341710163783,45.543678537665556,135.11021652481884,131.56419148769913,155.2334546896918,154.99721870846898,1
0.8119744206830203,0.611210884930795,1.2560383835055893,1.241070894983638,1.767985854955483,1.4953857749860795,2.2732286139353386,2.197250888432935,1.5144605467101409,1.890611384144638,0.8138935101789411,0.4087156699846347,1.1735828466179263,0.6333791529328123,0.42906159107302794,0.3366112200888164,126.84424175879079,134.4386392553362,36.90674384503524,127.55141200169166,128.09011839808915,146.0611415756238,156.23614923712435,1
1.0124304585374428,0.7516873375551189,1.4979749860254308,1.3342597716381728,2.0059621903288387,1.728427592667247,2.477115036204577,2.255956941797706,1.7258842988488081,2.0683344079939068,0.7479426785545393,0.5436189928304326,0.6960695180572679,0.8238620967152503,0.3383589490215628,0.37332962170822453,160.7210173350869,150.44940797219365,54.43646772939794,117.80130937429946,115.42948851350233,129.28696949417565,143.7756200568257,1
1.0483868953573623,1.2273847705376553,1.6905564893398015,1.523604793916032,1.36426148347352,1.52993912782628,2.5917390123886697,2.4336933837695556,1.6475640672511513,1.540849308110218,0.9845349515688415,0.6191245145068818,1.5995197296927617,0.8634623618505796,0.548888177672966,0.573975259676297,55.10724224845127,49.00992169417961,46.74564090591184,97.74716790348941,100.42428860689539,122.66897512402632,114.6219070394198,1
0.844890508346234,0.8307350594679819,1.3487450658816589,1.367813756140076,1.7667422233373837,1.7564333966869912,2.2973466455130245,2.3304134557414717,1.7473506771171143,1.8158171376212136,0.6322218427766052,0.4062417954743633,0.39124808852319837,0.6066014088127346,0.2764929933041199,0.25630528859150287,135.5913062576701,136.44884444839374,37.415379769002506,136.32166515929816,129.93094901861986,139.89057490623236,137.0936602262304,1
1.0401509965700642,0.8670471258110876,1.312603069869134,0.9413692324871855,1.671111078609694,1.7610853113459275,2.27925946208963,1.9109249818716667,1.5788279868722719,1.9498106760217775,0.7300326231835941,0.40683373398106093,0.9378470332199216,0.6116034440445947,0.2722968510601223,0.43704949622003453,127.70755823899115,102.69820405321157,58.79797822591577,97.66126259693006,145.7630861794374,151.4204788064728,159.71832652280898,1
0.8145923982836883,0.7310294312794685,1.6403487064725806,1.679580378454215,1.8001976429216509,1.7279793984057017,2.520917957286701,2.573168296906588,1.6802436246824113,1.8720332326154137,0.49525720458116684,0.1467912862543157,0.3241097656882786,0.1503850237294075,0.5138249081688363,0.6190595594288966,168.65899658508172,168.36243374247462,10.997114048135167,137.47812910651135,139.3667563082633,132.98815977665953,148.15287956404862,1
0.7728197570265996,0.6815618103636739,1.2479825393305297,1.4656333283623122,1.7823074124044072,1.6605306470192027,2.196571858209251,2.3808622508462176,1.6471395570870648,1.8257319913828503,0.4635742129382807,0.4653889945937723,0.37087877743739395,0.7239404037381347,0.4430493979325128,0.46839294334372616,167.96305036015264,165.17357213315208,47.25350426907336,146.87883919585488,134.08242398963932,141.49831862256798,147.05188279400596,1
0.9304318371288512,0.9689182563511194,1.172429953723503,1.3129116187432517,1.8847463359657162,1.9476038323332545,2.152574542363836,2.307516021820843,1.86973482479863,1.9778506604513157,0.4298885779905739,0.5044323051395129,0.18054447630112805,0.650020416102545,0.39058086591932706,0.332144847934115,154.98232587685104,151.80570872292898,51.40714942932205,135.55378530021704,114.18483056832883,149.90468303999754,149.250370435074,1
1.0958656846651165,0.8588166125206281,1.786941027798226,1.7718403921162982,2.0373573189141454,1.5509924630221599,2.7477671880282055,2.733313410711216,1.5033217871447966,2.197701589260328,1.1524225762575784,0.48526451025868556,1.2868608042247682,0.6007248594213189,0.7354173021746389,0.5450814426763674,79.54200187669032,125.45106701740288,26.055879634112866,131.00676554764843,124.84882599019767,109.07067490682213,140.20405564862568,1
1.320263759716689,1.380728770045174,1.395074035727288,1.3549157602770194,2.1598336463942918,2.1864135834985343,2.3432960967819727,2.322751798543574,2.248608525534212,2.1505510688327973,0.7925299698940229,0.4042537847753564,0.533083652808379,0.46974799805033307,0.3919202087071372,0.4673943097097764,122.12552530928473,122.24423112244982,37.51569608262662,122.03811637918346,88.68354179690283,142.54698861464445,141.6351787013522,1
1.2248898081001411,1.296500627365213,1.4489315520238337,1.4099554934338956,2.0968733136670172,2.1142417577855084,2.4365555129441474,2.3684101818823162,2.198140271041809,2.0696681146275493,0.797960414251871,0.4184511465875782,0.5412502003786451,0.48548385802017735,0.367021809974584,0.40393101953562055,123.93559191883054,124.75321276884391,37.796681264457085,113.82142096367681,104.13456058685654,141.86072010793924,139.78853682162145,1
1.1787544107293315,0.7349381446346892,1.1020232867172886,1.138603623146618,2.144705046430743,1.6968044872069412,2.0787977571291267,1.989391568705579,1.7764234967550179,2.371998067381515,1.4147159978573103,0.45824569164625595,1.6503539981829187,0.42265521424108454,0.5431928420088297,0.6266535983945203,148.0983787024316,142.10664269093354,36.884306913054935,175.42240771207454,166.42858880800836,146.34064926685494,156.47067761869152,1
0.5490119959439874,0.9969395455909369,1.6616793248978174,1.1462061723785224,1.4353025446485899,2.0030164609375776,2.5065066678795085,2.1454691081886006,2.2359005859299805,1.4630921513729251,1.2145532821031184,0.9986851630406491,1.5881768452215386,1.5225264617339067,0.6205398934635311,0.6302858121442861,153.79899536108093,122.92593527881324,81.70831859481821,133.10738939554648,160.71233692388589,173.63052195378825,133.98628882979241,1
0.6698722167983246,0.6958135300634417,1.1909783509243765,1.085935374575552,1.5050255463841344,1.5476290272344635,2.140014964289589,2.0911281791023124,1.6288243762150334,1.5792237016912458,0.7868048149117266,0.49784261627944465,1.162076070758496,0.6716107941292934,0.3787332105520682,0.4131951339298563,119.75991779755536,121.28631396891711,47.896927902591074,91.36110562164538,102.83848677158,148.2796657039321,131.0090987166689,1
0.6059346917669569,0.6233806601297776,1.33533690218971,1.3169490839436584,1.4198988049853438,1.5795241020730209,2.2929366805431908,2.332708423714671,1.6254627943415123,1.5327618988680767,0.832957927915327,0.3712437241805443,1.2109047565679316,0.6135887864913119,0.350370037596485,0.3691986205357058,117.85167985405793,104.07207027062081,33.99225155645164,141.47650962368823,146.97658655223097,130.25015371442532,119.50398658080708,1
1.0366943807175049,0.5329852503328316,1.15429522978189,1.4805559363565424,1.9985420128036646,1.4591965736199402,2.173501578749424,2.4040236492238334,1.429478793190733,2.1407709804099233,0.844022248143623,0.5299465294565449,1.2625441649149611,0.7262756347146172,0.4835365238572965,0.4172873428359433,128.30787475961236,148.22083522648947,76.41593658730542,154.9638282736736,113.57508609972726,135.08750948021017,170.56836982733964,1
0.6284699970681946,0.7779015283652879,1.2217457384548176,1.4177925702826943,1.5639617376403123,1.7087336680716367,2.170982046744776,2.3929332627892825,1.6935426734575612,1.659272101873005,0.63336420635543,0.5734859284025944,0.9457658730089875,0.8828044841924174,0.37662284156356896,0.31406914796687024,136.49802852430167,125.84634366835486,55.657849273062446,134.50631198751077,119.15930656111618,148.9131639195913,125.65199070428672,1
0.8406072202038565,0.8625301720951983,1.391165008490242,1.2293138289028462,1.8296137271916024,1.8717434535867632,2.3001106606381625,2.219626744756525,1.9463323477740027,1.7971820292892011,0.6226255473430776,0.4777284822910709,0.3572261330893953,0.7117641918300264,0.4385398856447245,0.3670276274267528,157.55464869835885,159.65829987733218,46.92230579635299,130.02491600191615,134.2132783705196,127.35908963210716,143.1519603631766,1
0.8060426094170883,0.8603721260115195,1.4243361203174008,1.302609549378938,1.7598837621438772,1.8130954245752107,2.3600858870453547,2.2752212492725445,1.8852707926300878,1.7878205201264232,0.7721814335964383,0.4117881552450082,0.8447735998411563,0.6247596958514742,0.3677345224961061,0.3397271308191414,134.65802413812725,139.48009681208842,37.300856562656236,133.16351055186797,137.23764356945708,140.62629870954322,147.57408190402265,1
0.8326248763179817,0.7810345961461719,1.321086657007023,1.2913121110541568,1.8708799800761702,1.7662603212146988,2.3457488032201157,2.1773205417380432,1.9121572695395017,2.17352528251254,1.5767623902599766,0.8997518631455873,1.217688985709613,1.284822981836593,0.3183297388549549,0.46967596700199143,158.83257423700934,158.32433431298452,69.37904471959085,151.45334426135403,170.3638951688521,117.53472827534729,130.7919474658997,1
0.9432454009521444,0.8481459381034813,1.3913095494972383,1.3390897710340577,1.9974746262413487,1.820462232420834,2.427901399395735,2.233567064431362,2.028923503663626,2.3305868937121827,1.6959564587943117,0.9144833455541485,1.5113788960781955,1.2684941901311544,0.38752255152486925,0.4787631153265683,157.02728452715272,154.57148314043556,67.32627828282556,153.53467552083893,168.5297922084796,134.52648815038887,133.08782344318584,1
0.9013431591085479,0.8789182053159671,1.224723639389671,1.2070599082972284,1.8927983925098595,1.8793715527300154,2.2007584536221705,2.2009380050111607,1.8479454530868307,1.9552948647526205,0.4377593005652575,0.4528526253765506,0.30418486266349776,0.6652405480756808,0.3760234500716716,0.3950663495442777,169.02150004688326,172.673529333257,46.444596310361696,126.62178297421147,128.33796548714304,150.58243462261146,152.17708526268586,1
0.8651669019102933,0.7848795819869577,1.3753785020586358,1.3591649468235325,1.8501118871544593,1.7882471030518328,2.342206734971636,2.3280675052478252,1.777994933237592,1.904461554454213,0.6306519889795239,0.48015681942785454,0.42483908378716617,0.7286248179984315,0.31303234811097913,0.3417946283430845,158.48055331843656,155.3641934443328,43.46691708112059,134.40087607210035,128.41586632353238,137.81817442187338,138.7130102701468,1
0.7466849196244453,0.7735602745984539,1.0828900744834087,0.8052021868957626,1.759380308623083,1.7322416395824802,1.7890396138980238,1.5683926605078267,1.7505185651288713,1.8228932347188027,0.6689993024886249,0.7505240908153781,0.651894173204852,0.716393881849939,0.7605994298388407,0.6947644068407246,145.90785501784453,148.69974776537666,72.54115413110772,82.7380424322945,150.64339522581358,145.2889826974814,151.34888165483204,1
0.676031854460557,0.7318790484511859,0.9030715113153802,0.9218191205877094,1.6820818710569756,1.6956303375395572,1.9073657187749757,1.8708241712054163,1.704979381098188,1.7365648423889628,0.6482201540553556,0.5078209637060884,0.6302080445487119,0.6178795843059457,0.44272253122917565,0.46451123090467245,137.35108236700486,144.21506171668682,48.34230787976071,113.75383168992472,144.00631741412923,134.32446102423904,147.84494973579703,1
1.0567538344362457,0.8843468703041569,1.5046274582634387,1.3841344312836965,1.8904755359033185,1.713978258151276,2.4039465267765476,2.251832042149339,1.7250089165579103,1.9443938593192198,0.8684289251701962,0.47567018131184546,0.630650992434776,0.6541175633275057,0.2988226081572602,0.3079317922236833,110.87018619210758,117.08039965191072,41.41640894082522,121.77413846816368,116.9392334460287,123.13073644591314,132.95817398301074,1
0.8774237222280846,0.8463326401514872,1.453936163020455,1.4984468504895516,0.2928752460930959,1.9225137661538878,2.3191001928532615,2.592157193853149,2.456696877518052,1.1754365951840096,2.4561243692541748,1.0075924703440324,2.6055091749999253,1.2314511878776484,0.7615376312780614,0.3041733055236926,142.83768852673583,40.18425768638969,71.07751195839681,154.23038512334415,155.07879712415954,106.15447242311704,122.13584888050036,1
0.9309947053160886,0.9291204557630129,1.604229120819894,1.6306669392373072,1.919130751639603,1.9175331483605351,2.5502988755807894,2.580409964526508,1.8874570426868613,1.96605851173565,0.4624127821436796,0.23368279182482593,0.16858120541991195,0.16851999310480292,0.32212963249251336,0.32376418446835525,162.62319285859664,161.94039818220347,18.331521119509155,135.71655475712603,127.83363372153308,142.96369484677257,151.03248295934634,1
0.8774356229336465,0.8300496288045351,1.0988294994784318,1.5794965307603048,1.7012844482489855,1.4586140211465752,2.0872296340837613,2.3764770322267887,1.599504493160559,1.9467674291430683,1.2388126298931286,0.8582874000658354,2.018347040161893,1.475362753846084,0.5520813528896534,0.9579621590470295,93.26243643030412,117.707690390024,79.11134376098757,126.4399067126726,114.28074943545145,151.371063148228,156.1777852069844,1
0.9368183628031802,1.1691597449328703,1.206825225045644,1.220259123502415,1.8720839810200565,2.088259134447348,2.184351452142952,2.2132832913351437,2.187949954819991,1.7962758430298873,0.5554405266082684,0.43711435192076475,0.4613824853895614,0.6303736796213052,0.36641405736558336,0.5021270767610616,143.35870646223623,150.63376859852823,43.905428190519594,127.19905950272243,120.35748062295738,153.48442385355236,147.04807637040307,1
0.5919345449441991,0.6653573171358242,1.1618120818419653,1.241121179543861,1.6177719678442886,1.6028083282408678,2.1207766189745016,1.9941664368084955,1.7242486128911232,1.673633347018379,1.1008526110047823,0.4782562750200546,1.050387504017263,0.6200878651838777,0.3843300128287156,0.7612668812516207,121.97587659967023,137.94645432396044,32.18620531045609,82.44217718255224,81.16310267731755,118.38376552347351,102.03276855431645,1
0.8591169049483162,0.6598916488613282,1.0693349672200254,1.161286142544367,1.915883130524587,1.5607338480526065,2.1152452348635546,2.0802332117156626,1.549878544204427,1.9546324164019484,0.586605121172026,0.42542555425224987,0.6282972047516648,0.6191504156929047,0.4597142745637615,0.3577214571657795,159.2189481405932,172.2547444830745,49.11582070806742,93.19069543000761,91.28959741855445,148.98496790174718,148.4628379685703,1
1.2905749131361952,0.9577834719073098,1.4533852631230575,1.5457060530612245,2.246710894731719,1.904992292994568,2.458758229800785,2.3447989872171577,1.8747246907401152,2.5689186162321342,1.268655272779531,0.9587512880271659,1.2368318472657827,1.440964971544905,0.4663913500496731,0.5365934352573051,162.44952261591294,142.84866911775114,69.49855673789519,128.37897254706874,125.21034540514158,161.36319326474242,155.3006586457223,1
0.7835622862389036,0.8558735752742738,1.1575761615774938,1.2466116618469503,1.7437747548846312,1.906763122325381,2.0745793770941354,2.294784062680266,2.222896103020409,1.9277204058740247,1.654255055669195,0.8587575784232498,1.326878303558768,0.9018910475756786,0.4240792650673177,0.3396395487149572,151.31109854567237,146.45841147297244,70.35859642093976,158.26283552802997,162.77942245594866,123.59754740735006,114.89508019954573,1
0.7375618037571727,0.6212812841077708,1.5629047696259792,1.5497500924992234,1.5961284067719876,1.6213883776465103,2.2362326925633087,2.2095329244641255,1.669640018147351,1.6308716994751755,0.7734990636646046,0.2564327914402545,0.6958882489204012,0.12650473084216612,0.5414273545130468,0.7514152737065165,137.869996486192,117.24499247764294,22.248971501550308,121.9035748077621,111.3739670392124,117.65234769606943,123.39009302707646,1
1.9111689089748696,0.38057507449176226,1.2758222652938314,1.2299307795202208,2.460503748320223,1.2990487259180536,2.2269766506368724,2.174558506853269,1.3580827305262206,2.549007558822678,1.1155740811602446,0.5378072929204069,2.1630969727003744,0.8433120476846157,0.7869855203464564,0.38395277157285373,135.7177835307892,109.25620230049738,48.14135289103893,124.50493916900852,121.22919516670359,155.82973705819936,171.22969815205852,1
1.051111063281036,0.7637645957170772,1.298843457682519,1.293664421555614,1.781005404709513,1.5266346645828845,2.2064037584214815,2.2174894160684055,1.601785091192941,1.8693228492237877,0.9458531266522627,0.5656649467994797,1.7237963331833974,0.8628807854802955,0.40817180293398203,0.6776025538511391,110.8461421075456,117.92634674185433,48.630286748683396,120.14087748844629,115.23287472537167,164.44685610525977,154.31890390183685,1
0.6552953621980542,0.6506207802262588,1.0564087972756675,1.0641093026190687,1.6513848062289969,1.6517074164249559,2.023411291865512,2.0392373331637574,1.7374841872511697,1.5868822143650436,0.5187076711053564,0.3990427727758046,0.20173105023514992,0.6587874911551423,0.3592409479151034,0.35766461419625806,161.1186630297601,162.55965238771117,44.76184394140707,102.6335889152277,106.19087052911922,114.39371485912176,132.07555809135516,1
