left_shoulder_left_wrist,right_shoulder_right_wrist,left_hip_left_ankle,right_hip_right_ankle,left_hip_left_wrist,right_hip_right_wrist,left_shoulder_left_ankle,right_shoulder_right_ankle,left_hip_right_wrist,right_hip_left_wrist,left_elbow_right_elbow,left_knee_right_knee,left_wrist_right_wrist,left_ankle_right_ankle,left_hip_avg_left_wrist_left_ankle,right_hip_avg_right_wrist_right_ankle,right_elbow_right_shoulder_right_hip,left_elbow_left_shoulder_left_hip,right_knee_mid_hip_left_knee,right_hip_right_knee_right_ankle,left_hip_left_knee_left_ankle,right_wrist_right_elbow_right_shoulder,left_wrist_left_elbow_left_shoulder,pose
0.8883202529994827,0.9407139421902148,1.2970553581122917,1.3117002746673763,1.8914326573545666,1.9024823993320183,2.291937192543133,2.2763430699181737,1.948857900913285,1.9009728186075379,0.5316294806747244,0.15575960932069619,0.6843433871935454,0.17156039739523987,0.3437391128633628,0.33583172948662693,163.12017458833748,161.65090242447445,14.921083932726056,150.04188343313214,149.60276065015188,170.40288029581666,163.10769351499002,0
0.9108764415477949,0.9720717534645154,1.3238415388232696,1.3226534710356748,1.9143077249519949,1.9374355347758778,2.3139507357730262,2.2934940079494432,1.9675141411917891,1.943297096639906,0.5258366683494781,0.1280128667644497,0.686910460461684,0.1402612050277559,0.35292561583039506,0.3293493273270288,162.9419481815105,162.58593744946683,11.673554804286159,142.89307739300165,135.67557334627185,173.86651311091168,170.9425548748583,0
0.8960229357632344,0.911912004496114,1.1873406348301496,1.2136117031104061,1.885515815509351,1.8963113308786104,2.190155952638605,2.204344125507427,1.9127378840086875,1.9289997799053782,0.5110062248442924,0.14590968219213363,0.6957473433050457,0.12948887014627242,0.36184017086348075,0.35855404576545796,165.76522614735833,162.10663204146894,14.685738207417032,148.89494846228956,145.85628709980682,174.16827174496726,171.28128547111865,0
0.9383414930404552,0.882934791474806,1.2188928798254444,1.2355920570391314,1.9271591536285033,1.8741701801572208,2.211434582579668,2.2300083818728575,1.8553779601995384,2.0069236889091795,0.5521117841801676,0.16951930798062118,0.7063401083130587,0.1678891934559832,0.3873478443529053,0.33480445918621976,165.17981535389376,163.3793138357189,16.122896333297213,142.2564098757578,140.17252062030437,168.74546245645377,172.1640616933986,0
1.0118063039291685,0.8815047252933127,1.0318616334984574,1.194731207908045,2.009199587056742,1.862955130711932,2.0291458192976126,2.1900312746745243,1.8594990295960092,2.0781539364329733,0.5761153019674405,0.33895199526289965,0.7513700422821583,0.3185279156220273,0.5309464854187835,0.345188568849898,159.38824128507406,166.9998957675844,33.437959956344386,139.66074146846097,110.79653897691232,165.97263602962818,175.38034497465648,0
1.0787226966264922,0.840950215887802,1.2015151057679128,1.1589088180557172,2.0479327807182304,1.8123149727357202,2.1633604022317052,2.1189481798203107,1.7875728782422449,2.181989506079172,0.7714877851516829,0.27597783092771133,0.8871951787792898,0.20546085011765786,0.46668401080271055,0.3838428318233296,158.94676115117318,155.6170063264377,23.092056643723645,120.7336303884629,119.53133053590523,152.4635363163901,172.2296754021754,0
1.092956009882514,0.8994485006845576,1.3348421943514233,1.3568040862789834,2.0586970987597786,1.8936902027180913,2.3230167411116573,2.336361763403727,1.84307860659438,2.196956327550438,0.6552342825638923,0.4472890640000086,0.787107979112376,0.8030953108521387,0.4049846474416886,0.34865114095865124,158.13847399447903,158.94202238359057,36.103229102759705,127.27779634617794,138.97877869821556,165.93197802110666,172.3129658687849,0
1.1506444501412754,0.9083720484116652,1.4448938852642232,1.3313405632205413,2.0852012262428534,1.9380091862829723,2.403570443273836,2.3632205250381113,1.8587110540338994,2.2901906596502917,0.719854269466691,0.38739220551893255,0.8838441228530816,0.4272793230549759,0.44771133063546753,0.33627387138809745,164.8553117713513,155.49359970259073,29.782636861853497,144.4753611282885,144.26738652150962,167.24259977587502,171.41855663308138,0
1.0908765139932532,0.8257517884815165,1.2498805439633038,1.1828041725783245,2.084759324653145,1.7759657879204382,2.2837682548863176,2.121671488847244,2.044178947019649,2.4033883272080554,1.6592761250322186,0.6778340083251541,1.9208290928143699,0.8013206296053834,0.45342641469800826,0.5121781653131866,143.5924809556237,150.40813210099364,57.17503905892315,154.8497202370497,159.5826757163409,147.3116783968033,164.06507847595896,0
1.2030263384945985,0.8594845997932848,0.9935877826587217,1.091532927898431,2.264939334267784,1.7816755985929484,2.007200383584691,1.8988160922432908,1.9391143466832583,2.5354233711560386,1.465707568185775,1.046327851020732,1.6443695493823625,0.7021035891048913,0.7115899774003316,0.7219493123471473,143.83822621334454,172.387233270925,91.98259503197274,158.78581768588975,88.76294928737707,148.70614444361945,170.22707395070867,0
0.9114402903871576,0.5405218027304519,1.0902662029092642,1.6441447128786346,0.12351411100545928,0.9941963765623314,2.0322732297657713,2.669314757128757,1.5077353867120424,0.6411980017943101,1.4473254179576078,0.6961701770425666,1.420405747574038,1.0750755601040984,0.5054546429881887,0.5517908048323273,59.225623139076774,16.723355449740097,41.34173288570709,157.55394197198768,114.1743475442896,122.36846976326855,132.78395722391178,0
0.7889891959220358,0.6196026657119607,0.60364116815989,1.6893942867060994,1.6927504593879845,1.6352310749080516,1.4345172374157156,2.7043559476431804,1.5871557678895425,1.858133973031529,0.7623563079156284,0.6385597978900389,0.7168296653325439,1.3993218618763361,0.7712417201446619,0.2443164444400344,160.21302181336517,144.64522793887645,32.13759461032759,164.47939740417272,98.94863704928028,124.20078219470994,169.06627229900423,0
0.9958118067089832,0.8755331657981154,1.5918265338738564,1.7293987189703324,0.16078363907272802,1.8231948837904157,2.47913253358937,2.8426283199181315,2.2570150505689006,0.7444750856948265,2.0210429248230173,0.5610144968300164,2.3444201327216443,0.6504448874985163,0.8491186520226714,0.46229217443314685,116.50684699078377,30.77383328543184,33.971200418334135,160.46241237984117,145.81738999511597,140.43584214137383,124.76737734013945,0
0.9659108139488016,0.8229212405968378,0.8018470467399841,0.8058833420668557,1.989734836316428,1.8016889883399823,1.8226538548408118,1.7415183762095747,1.9033752344104862,2.2663158106813843,1.2067781522825167,0.9636346883478352,1.2266362852464627,0.8075985356031266,0.6090081321901262,0.5632473116470392,164.3623184549408,165.68887783531213,71.01562859086694,94.37365939251546,110.96775497244666,149.33196797056385,171.50262951060495,0
1.143699199279259,0.8115466934566579,1.0114813886505944,1.08339706065202,2.163428944163012,1.733345801858888,1.9833088515950867,1.9383119020494266,1.9861735917981636,2.4250166998744658,1.4307917263029881,0.9510002285701451,1.7506351491224124,0.6009515119162818,0.643478466705266,0.6384712433484909,140.76671068285265,157.3669294945134,69.83318478216209,148.31854231300775,111.85532938398163,147.88642379676392,174.0672636546727,0
2.5622285378192258,2.793708871499423,4.214137021840404,4.246643747410099,2.6493088562125595,2.7317291191013564,4.600111334715157,4.847973528706846,3.907174339154999,1.9107638556929858,2.1073754460723904,1.3861957345527987,1.7540739605726081,1.1456014460767445,3.264830722119446,3.2459698241066524,70.44911164746603,79.57758609136576,23.278600722149257,172.31477192816402,171.7186854669308,153.20990911574603,149.29491222709038,0
0.8414329820275255,0.26732489828437583,2.1482683327242666,2.0795813422994693,0.7249664315123612,1.0083833969685636,3.0897537618193582,2.969795008695022,0.7413428997299162,1.2606359243438165,1.2231031452137615,0.7481618900593137,0.5294864700246703,0.5970809845223554,1.0413101968992058,0.7531778640972723,30.21646011282759,47.98052915363339,28.804907999918733,163.3511547210724,165.76194332079154,40.208395054838405,124.09614289134892,0
0.33085567575946,0.3250805863259965,2.8194436325920704,2.712947629308576,1.0421101964896116,1.1503491128027274,3.7820329385558367,3.7138843348805284,1.3625816854276647,0.9680038135060205,0.5819660429681888,0.46215123309267214,0.5632887021969184,0.32888030149476927,0.9991700451576333,0.902405999949044,57.25701970285155,52.12863076217942,12.909898112896153,176.78738585409542,170.748782423901,88.71479469168924,87.16304506235761,0
1.2542245651163813,1.2743196079050685,1.2300335445555044,1.2522842497441538,2.2555986460937585,2.2371880953847896,2.2322161351597822,2.2195217813915518,2.04249999578476,2.491757161205204,0.5335010733439846,0.3482367129415833,0.4693482684842637,0.3929184576390669,0.5999521055353383,0.5968515392098679,168.9053615515469,161.64675431114497,34.64876142800009,145.9379892467941,149.03806266778543,170.7671200796798,170.77146900398932,0
0.8523568440936162,0.8675209116483197,0.8509104759857934,1.0875587732553125,1.645896479793899,1.5728114643567133,1.8025733978884602,1.9401922491443124,1.6861584627049602,1.555214167792833,0.19961882049874827,0.5431892681959447,0.15365300653579278,0.7957893920265863,0.6314220289487719,0.8295646932341888,119.2152282720576,131.61973803600478,27.260693162187398,109.57878332939777,87.44920112220295,169.07144461364962,165.00044628968854,0
1.1790580378306241,0.9591471813249272,1.5731914617915967,1.5583449461959689,2.108000108001677,1.9449235521960822,2.4991537299607294,2.4929731115097202,1.911882263619812,2.2610944131374415,0.7460864492848887,0.31258300776234005,0.8027740773263,0.3359784638003324,0.3362101008211755,0.3565167477428957,167.30408388183037,154.72536298768526,22.66260878267855,146.17151994907965,149.81954876335578,160.40000873625573,172.19688655590463,0
1.0918398937983742,0.8871165554144709,1.1651968810717448,1.2596603945805491,2.1550972900998993,1.8039570509224176,2.2214307629890833,2.202076790940459,1.734143744482727,2.2457602481006185,0.5673158140801661,0.36121888541383324,0.48253665143100605,0.3610104868075832,0.5105696193857768,0.2993203104957285,158.31289365440284,166.0074347969983,35.20562230406626,118.59647631175936,117.93764267273701,170.06278422564617,158.44167225270147,0
0.7968199778200946,0.953225123947329,1.2945005137044283,1.453336411381646,1.7277634572174394,1.985692175126753,2.189159752231704,2.5082490913894455,2.288226384000492,1.8184046682941697,1.3375718354517048,0.6869816046957972,1.3763480949133728,0.9144383547670031,0.5107519129591573,0.2980769457768731,151.07610647064695,138.7851610263206,56.36506663415357,174.0765982605841,166.6802050964383,153.20133378824733,133.33046386001743,0
1.0103168205160407,0.7258202174504319,1.3249559931436488,1.3549333308507054,1.0041378337040703,0.8350000718038695,1.779897504105891,1.6785592103044717,0.8782455941448067,1.1567045825251119,0.9695258773332767,1.4251070735975009,1.690336847049857,2.5865635177889903,0.24524636064416264,0.5275175421393408,37.31292043454317,46.57970632324068,123.77666550642708,97.21846051483504,151.36601774998945,140.74726180815617,147.31212550810903,0
0.8272135246665762,1.2454001589766923,1.394671855594397,1.335416046788998,1.778912949509522,2.0843591745890135,2.0613618013900927,1.9047578375682745,2.424605879142936,2.210309715434484,2.114097175034182,0.48372258258443696,2.114491053840353,0.6535016767407431,0.9596647880205406,1.3374811364881014,113.35425473857747,159.02595168017854,26.10142765235108,166.49761480876148,148.65991424192825,138.90354949459478,120.53313044752805,0
0.8171843794049753,1.15261078820409,1.9632557222400253,1.9901561355411257,1.752623618425329,2.017209731313022,2.5064025012034974,2.430304023214136,2.3276884588449462,2.0925596949898817,1.8391061239687774,0.6509050902296498,1.816806721642661,0.7510579878980052,1.1726509943051413,1.5755872422323214,113.71934663217186,159.34995848644883,17.864110387901444,170.74044113919993,169.3791123888738,134.5114986308212,132.80982445318247,0
0.8670188413017627,1.2358562224359255,3.1524370813785283,2.9587496967361693,1.757147114736526,1.9535387391962857,3.820468918990795,3.429641225389235,2.064819889307639,2.0051755658096773,1.5133972415038917,0.30935267508362724,1.5450444410490485,0.5251865894170736,1.6037497731032133,1.9583208760361368,101.03475973734068,131.03218361326526,8.327091499969319,167.3533442650385,176.8611987201978,124.32903876727829,160.1381337788429,0
1.0159309425174823,0.9714413853658328,2.482897924437402,2.442802138944978,1.9888172043320445,1.9809468564425021,2.5255179969208,2.478468386656879,2.0330678344733277,1.9563294532290803,0.417833778551812,0.3003544999802536,0.15691120081162582,0.14275535618299467,1.7775060491464643,1.7257955394580426,153.70628721548806,158.77816269941871,12.752867489765753,167.38071151444723,163.14555945472702,127.27255857637856,156.05159515919038,0
0.3773575455573842,0.3867620933114078,0.6400960579704066,0.8338739586352844,0.9065496436685361,0.8268707573530666,1.2692344902517865,1.1598648415810136,0.9088504122897723,0.8744937512797435,0.4092822331371785,0.3327494061559514,0.24445574355725191,0.45002458831614156,0.6041536492542745,0.7343411844175136,44.85594581110765,33.63628816724279,22.48973266226127,122.61034626994638,114.58947167265492,143.87172797830345,111.86262933408074,0
0.6759271620508674,0.7544834779715865,1.4260395918944777,1.360950671346514,1.6506241261547614,1.6162660942530314,2.0727187169467274,2.0781594334500744,1.643051252030577,1.6914713917707704,0.5109389474798542,0.3693954354166366,0.7288324671216435,0.16154757009059323,0.8890645037452174,0.9370655427726009,129.1331536402887,149.3920026240034,32.21795583245198,157.84387784605153,156.9034253993752,172.47399874173524,156.6866926795677,0
0.6555792739264945,0.6930885626717618,1.1982382589258493,1.2964841944904655,1.6362620799591712,1.6048064733381904,2.1206774439451896,2.200720834452891,1.6546042458660117,1.6808627317369855,0.5248852503163814,0.291174021060875,0.7199111675204278,0.5111147230572786,0.4551422348479083,0.6530165299643051,132.536494950604,158.2175464539163,25.259116732701884,162.70583822843875,167.00138328869426,167.10601770945095,161.6679247635259,0
0.6554863313624357,0.6055487117364972,1.257019067327843,1.2678522886714558,1.6394306760001631,1.5873531036661201,2.067199698910328,2.1795690932937015,1.6269468130786289,1.6702659351723954,0.6088539460066424,0.3131258973126083,0.6986260383049643,0.30054991416876253,0.6473830703339647,0.5187190449347036,145.1363683273371,155.6715071329983,21.04449297863343,179.41738422098206,172.79158623607842,153.41999322917212,160.24918336778924,0
0.7407191060955632,0.7603514622504076,1.202844195614577,1.1592386474662262,1.6919167933027301,1.7818383536597264,2.14801799181291,2.1596617667503666,1.8394380485420008,1.6975713382581754,0.6351441861838066,0.17167120277843362,0.7316227128464416,0.1217344523205541,0.31134118233530544,0.3811184397589361,156.85822423297785,142.19796398906684,14.83647085297291,163.5359167666552,154.80320695172492,163.27038372659868,144.22660429269692,0
0.7736189683389256,0.7782681527285442,1.0089847629048694,0.9523014839235253,1.740115327546872,1.789086786653641,1.9844330321402892,1.9756815658821072,1.8181440491203849,1.7726110060455906,0.5630232312664657,0.19325798549420412,0.7167233768142333,0.15290979884777228,0.3905540375217464,0.42213174298721584,164.45949584124637,158.53056493407664,19.230954702769697,177.46770752510707,164.69993304650455,173.05815549528918,162.8975421086499,0
0.7496312481533799,0.7319238505250737,1.061654943091344,1.0146027884911242,1.7142818170581284,1.7289711411896869,2.0304922691268534,2.0389855612928702,1.7611123756401525,1.7420488332782886,0.5601292057645261,0.2139129438685328,0.7051414235112795,0.1871703697526288,0.39734191173402605,0.37398991689930655,152.6673364326988,150.14031987936553,18.495710400781785,149.72492470903305,156.023859537777,167.1376597421202,152.7258882911264,0
0.78626916696836,0.7347895728849214,1.2518963171194852,1.163463339931327,1.7503154995338588,1.74478393128189,1.9522968571511494,1.9647415461394262,1.7584522747488938,1.7868505735803413,0.46690505321213877,0.37460103594156946,0.52690076922253,0.24400146231704745,0.6947016425661974,0.6734123559858404,153.0051879755687,160.59434354345018,38.46255411767562,89.19415990684759,98.79504979672585,140.93804985457865,173.85157006463524,0
0.7996453818837671,0.7843960252447844,1.0190933155061457,0.9862324652250702,1.7928988660666825,1.7479772094723909,2.0115501527672546,1.9824165952551593,1.7072781042308962,1.8047555544489653,0.18564376503860736,0.5070990086549835,0.3378927318343029,0.14687368103106663,0.38902976355563645,0.46530347864528326,162.67514899326,169.52361680308223,38.604838310369324,147.17390299396448,122.04093216571292,162.42685194944963,164.24649403344193,0
0.7196441328995355,0.7216567645266193,0.9547486367746066,0.9171645732789531,1.7061088052594353,1.7052381768919698,1.9537179449800302,1.9176978981480328,1.7381717900384315,1.7193010289170714,0.4578428392147828,0.3367010644981967,0.5099523329336119,0.21433429569623388,0.4032239616059699,0.40264376953948383,161.77886778672902,152.79801188379832,25.36245133979505,129.67761199219095,121.13389517971167,169.028335733361,158.33238885120076,0
0.8766702085418004,0.8110720614818555,1.1892278552331912,1.0138196433795779,1.8794898918217602,1.7861576544332847,2.1054070529070503,1.9421135731751649,1.761865846718655,1.9015037855976147,0.23779990706552512,0.24417442763504132,0.2578265007188829,0.214467413611434,0.584324667975237,0.5565503225368214,159.9488025212107,171.54555488821023,22.09322505272845,88.13634608529954,95.39149224311159,133.1178698554612,173.7495141164326,0
1.1320941898631205,1.2082673977101133,0.8150942877177034,0.6049906736690696,2.143637048164411,2.187223186019564,1.1136460476109211,1.039621765497981,2.3024501582118098,2.0532080167107707,0.47565996296276314,0.402131889998139,0.5034886374341343,0.3451468554637536,1.2694278028468888,1.2254763115120588,179.7865261520615,172.2998575646818,51.0401450330055,76.74956629396625,93.26525464629266,156.36956130340744,167.44724418258807,0
0.8097246905362692,0.9827843308685005,1.1164998258727865,1.503296171459716,0.7569568394908047,1.1537715216089333,2.016485898550085,1.8616341588681378,1.3002938160090276,1.1038018709463164,1.3131323469370744,1.1547475740110187,1.3873125425799246,1.2325239927325615,0.2124389450019974,0.8846636570008327,48.383685035545106,53.4723057142443,86.38824569717204,143.35831110708767,85.23575886096107,129.83051453304665,107.60832441640639,0
0.6697790667444647,0.6737526078207965,1.2768534032471477,1.1875954927980552,1.6527040118433571,1.696480797832356,2.2568061204058547,2.1693450323888763,1.891222716366207,1.689958265767369,1.0629016998834766,0.5001010515263231,0.9250998296387432,0.49263116040513233,0.24368835575485404,0.4166363921239241,165.04093653261882,158.22320111335281,34.256677909611305,114.3057939384681,119.49461121701493,160.67560206139584,119.19102033942302,0
0.6385723261130126,0.5877891613234215,1.3283526952272027,1.3214431422211907,1.5171096144016945,1.5376611775877893,2.2357283101322887,2.22514458230998,1.6145773893625763,1.4934112488974087,0.43845186047398627,0.2520970606216632,0.3596495559125099,0.3302579443038027,0.1911982303178704,0.31732670549398656,126.91970665153576,126.29275591784035,19.0537095195351,133.60249587443207,136.77275925970466,138.37230700452824,144.1985846362857,0
0.7214681473404175,0.6072914464307936,1.032826784087336,1.0554778044163893,1.6504843674367173,1.6520065878010117,1.783276989509543,1.7452884116087528,1.810574647377324,1.5717759079448819,0.7391491327033385,0.566334279925941,0.4304548537580694,0.3917765468010391,0.7429473769192424,0.8044695835234418,164.68036451215582,161.83951334873328,46.92690786364603,107.05144519335965,83.88149220344364,149.88894644632094,121.56792538034603,0
0.9308355752195121,1.1184321681710845,1.6869365758968369,1.9391608860362686,1.6867808419327617,2.2052947622111194,1.648525821634891,2.4634029116680187,2.476298307454062,1.9598972571327016,1.9715191661288463,0.5189609855227338,2.063941656096631,0.27698290216026566,1.5337643465467425,1.3912777511055847,144.61458803755232,107.14179063520082,21.250411697701793,149.80190485952284,155.51826468115664,137.29040269472588,121.95457752189172,0
0.842496151727135,0.7848347754309427,0.8603342168303619,0.8728851004446847,1.8376769533535586,1.7312789237433197,1.7619978966955037,1.7197085928225968,1.9208937140327238,1.8430904148580238,1.023317743276145,0.6398469924963409,0.5462320256853527,0.7321844443391569,0.6903272743889527,0.6333351713081279,158.01773864621,142.76994405831763,75.18897949040417,166.9501262295427,176.81311359504002,131.2489603473979,125.17849078626683,0
0.909294831559011,0.9451079541017929,1.0348750624864291,0.9855717995739967,1.9020991459756451,1.9138603251214814,2.0416803245693766,1.9715701275786013,1.907428034276225,1.9948368886972787,0.4850423703342728,0.4272302033128027,0.5421443432430304,0.34919154458297474,0.450361355238555,0.5050143349713015,154.91474963167434,161.98131845107267,35.30817926093385,152.4863710392934,146.82362853316872,167.04342468156847,173.5664851161634,0
0.8301228325144516,0.8937735226277889,1.0076341546213108,1.0331333614226874,1.8628824337092906,1.8333563958747285,2.0464435153695124,1.9770425342804612,1.8837128434536596,2.0387592386182365,0.9502404056790656,0.7221967276505429,0.9082298451577585,0.5877678974821666,0.4331206272770549,0.4754996229264502,150.2817779371735,162.6440647022695,55.96357872189576,127.92350113879392,132.73495324874926,153.24399274865436,154.23525753430738,0
0.9589929408863855,0.8524787936007855,1.2159349676778068,1.3030240029784768,1.9655751734938904,1.8275067959776905,2.2421422029425555,2.279066378399874,1.8701171420204739,2.196861399212248,1.1505730905732787,0.4693157798951294,1.142861134100178,0.550782480903066,0.4126947420763134,0.2874690695647573,155.96231549230166,147.6989206369998,39.696463163776606,163.44472185302772,168.4793011406868,143.29332201806284,148.03300785991965,0
0.863732709910983,0.677729899703225,1.140252789636028,1.0340947827898772,1.6737389910307034,1.5845204986361694,1.2822767854445591,1.4311708422367264,1.571965454572908,1.7264761688519568,0.520503876762692,0.47825062725969086,0.36528484043445103,0.4079869626568995,1.2696500089138842,1.084046594103534,102.13758800188603,105.7683081705239,47.2513240546935,97.3707369825271,133.14595598302034,107.13998738140108,131.96681611820372,0
0.7291630483999112,0.6527604705089235,0.898893711303794,0.8311740969349012,1.4861383028471895,1.4043957318724496,1.5311146721004725,1.2358194844781125,1.482001492269377,1.4218786959287542,0.2852503077053826,0.41636205655098363,0.18022457931259536,0.36182432461635566,0.9167883822376899,0.9839383902218142,97.46231191509837,97.69437148026147,54.19135459055643,101.01391800740903,120.36180560553812,145.4304881412682,126.28824733288799,0
1.048786732268335,1.1360234114482002,2.2394958067781854,1.7734776671314567,1.6653138706391324,1.8836488654837567,2.057936545599394,1.6913427170980304,1.881980094004499,1.7395803385683755,0.8556314390861579,0.42940795083177286,0.48723181162488644,0.7899285101273231,1.883262783794145,1.7199543637475065,104.07969058941664,92.45555686128625,24.24224902653842,176.42493568787637,166.58812292789088,130.78248445640995,130.50884118364567,0
2.293624617437338,2.1432350893638734,3.2321283813903943,1.466054223650241,3.055668184744279,2.9109384620946157,2.369696391401226,2.4705863384904294,2.6727165107346966,3.5157351142515014,1.239396221079994,2.942938560776588,1.2785515993879162,5.009152999363434,3.1138016297456943,1.3483286543562545,121.0864884849979,136.7505665715341,155.08509460235234,99.40367268821599,164.44093243698086,134.43488316309174,165.68834708444498,0
0.7476094164343573,0.9123975867239217,1.7023219800740643,1.7074409584309813,1.5800456716151297,1.8003773358784814,2.166715866419591,2.1243025887837343,1.8925223304340228,1.586694776055601,0.6993830610590382,0.2652266547116516,0.9169215990178696,0.30603254471206526,1.2532926775700992,1.2933700563747557,129.9890528184989,112.89102787261523,17.112421291330747,160.62931770759877,157.1962371413271,155.9516726287638,150.5219688854009,0
0.8853977362283102,1.0244386626798523,1.3976119804470684,1.321501521480703,1.8229124285008567,2.050038712012686,2.3618978164862083,2.335866265483122,2.0777623161875427,1.8932311930538195,0.6990818508613263,0.2482457156234638,0.8823853842360937,0.3568739772174703,0.23661883000966263,0.45769469030393445,158.3247742809813,154.40655422887215,20.608304295713456,154.2129147998004,150.03104903458734,158.96993791227672,159.7857036072757,0
0.9013871664828879,0.991866843657983,1.53399673664553,1.5706993339323034,1.9183619254502011,1.9480489030175725,2.570805103495451,2.4927743464364336,2.1596482326946793,1.7742091230647343,0.6845007540954707,0.36730454496119813,0.8198288416208342,0.539704874547142,0.22255140706188123,0.3742076930087858,168.40506560871768,158.84024039313715,25.611082386348244,154.66033326153283,154.19968897158552,159.72805578923425,156.27664433901444,0
0.9266998044552157,1.0272704765284846,1.6172411581436696,1.564752639713669,1.8861634507398493,2.0028892542162753,2.614781323023469,2.551877983498044,2.057530243305741,1.898906613624631,0.7048696213643004,0.2825255015820491,0.8395065383870981,0.4455137696554421,0.17933995721724488,0.3534669711968018,148.40133429262164,151.9826436647559,19.330964485109405,157.71608363120745,151.75093891560707,150.68613472529856,164.59995586223462,0
1.132948700393813,1.1812592591638886,1.714791865537458,1.6466074086893194,1.4130643460316012,1.3402272854112967,2.2112339381401096,2.316465149617236,1.3044895533142922,1.455593722588265,0.25240403021157654,0.4261195247286765,0.18111077777841628,0.20273304992884045,1.37194161723969,1.3094704397328996,64.51614780736496,78.05737415524588,27.26432686223368,158.32498344598775,130.3299991793812,159.31982427306497,164.1576027796888,0
0.6346236259530461,0.9454612749205308,0.9604946404059795,0.9168809021881721,1.582371028906106,1.9642643852891806,1.912381305748175,1.961906133315811,2.223837491112039,1.6409914047910181,1.1411092087811678,0.6958319634362963,1.3090042724296558,0.5247023433195153,0.34548548216386926,0.5463413871288738,155.68288171535337,149.53686973525464,62.98114249528773,144.37976959732958,167.88966841542864,166.58776738234695,140.39700359550272,0
0.6248898422403875,1.0280739722675403,0.938061531523536,1.0019547823793251,1.5549104622469594,2.0485095410514513,1.8551234888747583,2.051389291711481,2.33414535332151,1.6138815436603178,1.2054450954020148,0.7235218093550003,1.4455237432943984,0.7467134141664774,0.4211777798470049,0.5550354102655862,155.1398258928952,143.3068280968219,62.167450911639,165.22022787858864,173.52433493566275,167.67736065133633,137.56856453743887,0
0.6585812428791689,0.8757001609933377,1.080090474749545,1.011901267454762,1.5831490808756028,1.9157598259820923,2.0145806016189245,2.0649969415221907,2.120604146570205,1.697284019309257,1.1036809727471926,0.7054334707709831,1.2380202219461371,0.5394431254495184,0.3717279795861365,0.45233851657738045,167.81541110650477,141.35241886453346,61.047252038580886,150.0548905965898,166.81757255775992,163.10821987611814,139.9936843646465,0
0.792474287238312,0.7830955011103161,0.994279589020375,0.9752126593018382,1.7612723046683543,1.724717196076622,1.938092012141808,1.9434127339884832,1.7368658068030323,1.8090990092374895,0.5545045994719057,0.35768377329139694,0.84182696954274,0.11328507224811357,0.4644546193272887,0.41745441570543923,150.39181716564966,160.25742441319608,30.880478758916446,93.40657412702221,98.84504472148362,165.9630868652885,162.0976989752517,0
0.7709932313318145,0.7628909704237561,0.9221182969879334,1.0005418694971044,1.7587050919955853,1.6605323462916015,1.8867783457994218,1.9461334230630223,1.6858303635287795,1.787707963263389,0.49938339519976926,0.3201539550397882,0.8268611725051351,0.1707698897449864,0.4791433729410785,0.372884815710351,148.26975993712793,160.11254135286146,28.00041928389782,102.162323775975,96.99337371033612,163.27432054584693,162.54238305556456,0
0.7784650691421786,0.8108662702969276,0.9261295561273308,0.9984265383538279,1.754396174111775,1.6937336209381575,1.8678162895032309,1.9422578348234623,1.7164227694934662,1.7628398469952617,0.550307017444454,0.4697055024127888,0.7822383987742717,0.32033381634021996,0.4918372061541544,0.3855049242704173,147.8360469549788,152.9928089187946,39.86083299810436,103.69758198390855,90.35119950017943,157.15416591214384,156.61684324063592,0
1.0324783496195689,0.8697205804277552,1.249674734730852,1.2894504094790364,1.9790092795542347,1.849873230862503,2.155028490587101,2.218846839681652,1.859089292171346,2.099571309643682,0.8361675631239534,0.29290264550440614,0.8642662796934205,0.2214777101460128,0.4601580044487345,0.4077742105994279,164.5620754323737,147.16683716559538,25.10500834765882,133.25642363319213,125.36181779942038,161.3859049258972,163.7109357553165,0
0.7345998363328188,0.7419003004373449,1.261340768407484,1.26259733242718,1.734555117064124,1.7191205098401754,2.2364298212103546,2.2113806745573297,1.7526309643696967,1.7373594370652203,0.34724241970749403,0.199339244919337,0.35855288948381153,0.09279821676745868,0.30670289692329483,0.30951503513372924,169.6066385245671,163.71552571394656,17.42336680046589,128.56968020980804,116.77649973581164,164.20638745740513,170.82242378241253,0
0.7946540175496217,0.9280376933307364,1.2889334647343056,1.2063280898062536,1.7519591146984046,1.9707833746432115,2.211631026954581,2.236447000310433,2.0229229435916736,1.7517478062130936,0.6065520962014724,0.2525455712638946,0.5961419012901973,0.23766349962008917,0.3648071849065416,0.4370247608534314,172.35440575675247,164.7074345484942,23.75231725483796,136.16258614253334,141.90911516849323,155.6051806644943,164.31769531537338,0
0.8907629391397663,1.09264173276271,1.2337847365085182,1.0710598958653357,1.8087545709636952,2.147038825826639,2.160918260271428,2.037306011329714,2.1034113391418257,1.9119031132206403,0.5633958469719675,0.2309782170618198,0.7711591068571468,0.3894729377274632,0.32226193238926903,0.6835431837869608,168.52561522606032,158.65777132313502,22.921680773245207,143.34272310676943,143.49413951820932,171.6146601492501,167.7742643819393,0
0.7258092697747799,0.6714513038735465,1.0399080910441314,1.0695673108353685,1.7603945757885544,1.628287458998885,2.0620350121005533,2.011486976841682,1.6393001487472596,1.8934160582022534,0.6327697774181932,0.48171480358171404,0.6689162018338217,0.4883219689399101,0.42210618242411363,0.3593789213863981,158.01272430665207,170.30841221376392,45.132585182728405,171.66289293672523,162.66312468544413,150.29378859806684,172.8856163203119,0
0.9335493604839517,0.9571943355700916,1.2774044964279543,1.2543510177367843,1.898121818263049,1.9360265098896823,2.2815488757140177,2.240667055540125,1.9490391008262946,1.967737020410276,0.5250705045576811,0.2574255827701468,0.7820177259155983,0.24503532218559643,0.37342875836974787,0.4056327806582137,159.75969412795257,156.99829172387612,20.358994689922326,138.3525273447103,113.59460531187588,168.26808449518953,174.10644931408766,0
0.7440831338683206,0.8576452837140246,1.2249321333618814,1.30159723788055,1.7641169129379166,1.8019572666490666,1.8037464760138469,2.065647473589692,1.909980998999006,1.8360482726669036,1.0221060121940844,0.32931962400838155,0.9674675996536853,0.533641103513225,0.8758350603844052,0.5809582718254087,135.43484164883333,176.4115005909185,23.335008087236258,76.81910807026149,63.64473750922499,135.19260269170454,160.64616572074834,0
1.0024318947197364,0.9321296067159952,1.4355645783954734,1.0821077381568551,1.959431207675547,1.9324436957991333,2.341775284483362,2.096329732024971,1.9646271895788956,1.9674677970638887,0.3981670115129036,0.7459343427147433,0.4768384554840343,0.8550728438746451,0.40614034050421044,0.4416770040467757,159.39749572627073,162.227328611342,51.43395439441106,67.49637293540238,100.33057673551194,172.98192964973552,177.9347560128461,0
1.0932114954034646,1.0506445061773408,1.5964217590817658,1.5599030690646196,1.7051647400761178,1.6552332906804146,2.5432226929690036,2.5322236523980215,1.6827910409730082,1.760862822619023,0.7017257612155828,0.18698732315243688,0.6768129257183026,0.3469884431114897,0.8887998442259428,0.6975754823483662,101.07611455607618,98.68009282545198,14.636662294941983,171.03364709080364,169.28910670377715,156.70792595423097,154.3070043175902,0
0.8094803203716799,0.7838559047819813,0.9331633109496665,0.9617653310568893,1.7561540869970342,1.8251966968046274,1.8424106520355592,1.9591659362156246,2.0017963371550542,1.8309253717325984,1.0974369075709838,0.943370760092173,0.8251978046445879,0.7910524977865991,0.4766075090923067,0.5008295565077677,156.35678691894623,166.03318080791138,71.18785963629132,104.85438939008165,138.17623347640253,145.69764481261768,139.83234284399913,0
1.072495116782292,0.748212474004307,1.4192104567080563,1.5049383389990991,2.0932965619731583,1.6818529056341947,2.4364682989128474,2.4666262374180232,1.8765106220510435,2.0043582034289877,0.8175529598691554,0.39011320567203833,0.8611191630168669,0.6005721791420269,0.35855664654034564,0.34359734280975285,138.9548341320442,160.48873462373484,29.115840170848944,126.52078383769913,115.72056677149064,131.50250462965397,167.4026150048448,0
1.074641150314314,0.9542381704645433,1.3917771547372446,1.3843313138644397,1.8426679909194308,1.742571110545304,2.3021006795019527,2.3004801476914536,1.7681451881146952,1.8562890378263341,0.48009595112051817,0.23568616935675285,0.33464695070656375,0.21350344835501867,0.2299488080520003,0.19280863020871225,111.68512601881683,113.97109678033641,18.402718647889863,103.14155557488584,107.6180969502693,143.77091622126278,147.86126336617735,0
0.9105681872554092,0.8515558727968897,1.3443482118374588,1.3547977517019114,1.7990446118788912,1.7957340850645735,2.269080988313927,2.30777145913716,1.803286719381725,1.8246655103283917,0.4372056830072472,0.2873731398583163,0.27470394244435004,0.30286336041233114,0.2755796941847947,0.25833168654963623,132.2918308107829,131.02912961893458,21.71117298966235,147.44563287556082,146.9718556899312,132.4095523867324,159.18681829763642,0
0.43002757414094206,0.20671831633510737,1.5340821213601636,1.3524259751750132,1.430932359387171,1.160843786650237,2.5359755305018306,2.311531271474384,1.1695764298679538,1.4222196946379022,0.5661432571722386,0.5256944969892173,0.2998576762431501,0.7842082088620176,0.3914692476333534,0.11239470875981854,168.67518467446897,173.19659642019545,42.853011744425054,153.32499752958705,176.49714009815173,97.55586618097287,37.65322108098601,0
0.7793109187675152,0.7593108485513828,1.2691034901471103,1.3706713777853343,1.7558126972911905,1.7491128792558757,2.2221254390892153,2.3510367289722294,1.9127626744986213,1.8469509897700525,1.2656848671509522,0.6603922500414819,0.7881344862718951,0.6165047631258931,0.33743171651793485,0.22902378879878946,150.84137629061377,172.93520450538023,49.10964557467529,150.62828464627978,159.70150575456412,121.99137542969613,124.91188401095806,0
0.8629922343517533,0.79165806482151,0.6832946415486894,0.7315847644313096,1.8604013907943617,1.7621127428043386,1.6661130890950244,1.7183123898050094,1.7324160357684555,1.9756042370086127,0.5426763637771331,0.2512591142561942,0.7438404478674927,0.20329427001369352,0.612932582992356,0.5205144041539643,153.8485343634246,169.85770076100482,17.62220408094128,69.89462403058084,60.176522793928825,170.95235529343813,170.41961819656848,0
0.8413038412405,0.937267743952708,1.3763659754965962,1.406674112454205,1.8371425095915312,1.870093315268009,2.3814764709321454,2.406381622855887,1.9008367663773076,1.8525594915887738,0.4247531016697424,0.22573665899874415,0.5083679517078661,0.18070311395995986,0.2444791389433616,0.3258835989335191,150.2873755595439,161.72096860323668,18.517141754283692,168.3426296810743,173.50255004440476,174.27074260689056,167.1734800706451,0
0.7067192484495507,0.7502006893214587,1.5119385522841553,1.374146763000166,1.6646894206546734,1.6943472212080986,2.0502753587538556,1.992653737052544,1.7203756056213149,1.6914461260698217,0.5405779668275726,0.2225108320921251,0.5422548075466199,0.20484883107145652,1.0433527405656147,1.0008762524478536,132.6034645695257,135.27071025623306,16.820085214429454,159.30772138248062,140.25723686848247,148.8019946635723,143.9392252070192,0
1.141298933401588,0.9272877744055722,1.452319508949018,1.2355370826622432,1.9724781256631219,1.9287036184998791,2.430865804453318,2.1905370775142217,2.2613929597885027,2.2674132158562115,1.6912131126783458,0.8541335179086398,2.0664740871506067,1.1806075837445762,0.5820736097709812,0.5497228527734197,157.6618386562721,123.39552041474158,61.91779153395171,158.4672015810248,170.06732575985927,157.3373784304318,156.83676038235262,0
0.7786077232395668,0.74637382356892,1.3540627288539475,1.3432308181691173,1.7697855313939381,1.7439695188276811,2.3454875808373945,2.3508667452930014,1.7562819758318284,1.8630010386103748,0.660464827023356,0.23671478998769416,0.7347869251552374,0.16052917232085942,0.2390152075645585,0.22063503782936683,149.2555837792383,161.30149667272764,19.81455514341479,176.11633346154133,173.74848621361986,149.2845555337349,165.21042296301198,0
0.9137385858165042,0.8952844621205565,1.2614186778316685,1.3388539592581885,1.8896948282670214,1.8479641133894258,2.2513525824236305,2.3214785956636863,1.8919585625655029,1.8783582741540443,0.4343990785557905,0.41899717017718335,0.3101455850226579,0.5099693990128547,0.32777081543591063,0.30870067337246154,141.0949528822705,142.65159890272363,30.53298472494252,118.92264728535524,123.2114484781569,137.26015924902867,149.54487774334518,0
0.7452924304179831,0.7284314219240332,0.9625464209178689,0.796688490740245,1.6606232995399048,1.6312850587032623,1.8659416508423288,1.7489536116845892,1.6607653375799274,1.652898923858548,0.4331322389292506,0.279667292224696,0.440066887661815,0.37929750022048725,0.6842645505317403,0.5749259509788568,135.4398984632128,129.02303010379438,4.485971436447269,106.91212936673628,116.36866592674814,166.3304794430418,147.66349485032197,0
0.6889713685214928,0.9805575701691748,1.3018857487979754,1.3033167432477246,1.6641709546553178,1.6412508205183964,2.3009867893644516,2.2655667079247523,1.7684785617074492,1.7281213505759758,0.8236787204442262,0.3001429029535773,1.1177630032947619,0.23689971071597096,0.3728945789119187,0.6338136362352267,110.34180088576649,153.19090938538693,18.766730412937658,157.14903992987178,163.88184702926276,173.90068458255652,157.15098414955122,0
0.7696321285315064,0.7500524068076685,1.6019042450766305,1.5565680800748203,1.7039413811062665,1.6982448954631997,2.1500926156938553,2.1412158932107794,1.7423158918048507,1.718919854098839,0.5573734856727076,0.21666372279486054,0.5728640245815692,0.14037232334203256,1.093009531489039,1.0730144958959589,131.00782649117178,134.33826001583722,16.40836195741016,167.22012382751439,149.54885378582674,149.07411773635775,146.91688165091907,0
0.7683706909557944,1.1807083683522632,1.294519807111324,1.0829669711954304,1.76931496481372,2.151784979537587,2.1659222537466136,2.0807889429970152,2.5171869402708396,1.7884939877956592,1.4400248445273287,0.8660323193437858,1.5639882280554793,0.8747291496657025,0.5459793347225504,0.5433351351862011,145.49598547034591,167.44562009295097,80.90819734219322,117.70009920077699,149.4874136423289,155.40046539710826,152.36488597307468,0
0.9754228573344474,1.0083580455357783,2.0209988264966654,1.9629371307308798,1.9153804139182715,1.942717301129568,2.4235976489712074,2.434027140594359,1.9761073993089076,1.9458626894348603,0.5475914929207137,0.18183086254116118,0.6317464610992819,0.17630772590522292,1.4000589057281143,1.3910588093203116,133.86082756974926,138.1457257148451,10.25507548174491,155.61662516192322,153.17093695391367,153.8137669712147,150.72164825838226,0
0.9643907255043294,0.9765669263055768,1.1093659990497757,1.0342754646055685,1.9559683114962905,1.9783671775284695,2.0407910549787545,2.0350175818192664,2.0744666950410795,1.8944445753561376,0.5173247475194249,0.39139032720143424,0.6416600845566953,0.5029866085092052,0.6003314041744496,0.4912720341247815,172.11087478851942,163.48827601968432,50.29756731344021,109.43291065307584,145.2672557530864,162.34420326595702,170.41868819864848,0
0.8596067342955661,1.0391628532662762,1.4893420157984991,1.3970354327321686,1.634707550692377,1.795015746290501,2.4616081965639336,2.3449309823948767,1.76157139396183,1.7358568766130233,0.5567661657566869,0.20501851482606642,0.6378610155483847,0.21754257293403623,0.16179248389583403,0.2594233761622216,120.32911207492559,123.46610126197375,16.058145230816613,165.85679580983296,157.46130823227557,171.07564093763708,157.4510944996186,0
0.8724779986453342,0.8567321649122014,1.3818356051068799,1.0865807676891968,1.2395114216147374,0.7177109355892765,1.2486301616366273,1.9578847538420503,0.49978012476882394,1.52910530873318,0.8513078737324842,1.6696138789142712,0.8729423321838085,2.440326529315287,1.2979396245260553,0.47198804964144386,34.650011073740934,74.75702380905776,134.98985208482176,155.8784303780746,114.54559138731975,150.30310190091893,176.22113311694665,0
0.8199275361018692,1.039597172347937,1.3165627136864075,1.3062965090698233,1.7925113345953607,2.081980664900226,2.2165286809085454,2.3485373182520286,2.2751030094017275,1.846322114721677,1.2538228842381496,0.5885631460914611,1.2169596059995431,0.7361971847869457,0.48103724411899734,0.40263639511770477,155.2000341241569,162.24874577563952,49.96890098383276,137.82230402183532,135.11692793776308,137.97627677736565,154.18228888466072,0
0.7413519026126804,0.6459133315220497,1.4807723610601249,1.5001742803329197,1.7485382067418183,1.6186812906596582,2.483999366643486,2.448568369746029,1.6132106425623296,1.8134066169877887,0.6647819190124845,0.11039538423672261,0.6927771115228377,0.12185649048082775,0.24401746703879632,0.2905781040220766,141.56409274584655,148.53333597748244,6.684401374688047,173.58809280318727,176.18507658273703,138.14445027745555,149.26433649889148,0
0.4958886190069915,0.4881965640844098,1.2532066969451965,1.3072924348815669,1.029839626930099,1.2044205073870498,2.302875256138597,2.2623138437855954,1.3513275718574949,1.1650780341688103,1.0067260987730071,0.4859961512784579,0.6633768085866905,0.4708660409992188,0.2727927192442114,0.28244221902269556,72.3087436739582,141.8462043230919,40.03074260850142,174.9991321579561,164.24402766186608,111.15154751050082,90.84687312569494,0
0.7326349158546563,0.9352100143941371,0.9258419318414604,1.0557129384419008,1.622012758568533,1.7506252886548512,1.8772009895431034,1.9911146145062646,1.710521163666102,1.715594605977004,0.5831254989024194,0.5678399153424067,0.6749005758473433,0.636180172493651,0.37063979396731256,0.37110691285344666,134.5984047613609,134.02502815308702,52.102273474047394,95.21877291253135,78.49198856737834,159.6981466566576,165.6842004993821,0
0.938623879433059,1.1811365148204802,1.433119150764301,1.537327697850497,1.5202437099578234,1.9530946530320272,2.0758581339559012,2.5049829986481114,2.51446110862804,2.0627111353929664,2.291181848460954,0.8125879554339022,3.0438335150392914,0.9977547973528735,1.1111179504156106,0.21971135201085998,115.13195658097652,98.81437247650771,49.13117391619064,171.58823225637886,170.55031497989128,164.54629224630173,157.84522735918884,0
0.9199354467313947,0.7713683663730891,1.0074171810545869,1.126143613502477,1.9412453964347267,1.7144455418593432,2.026047544324091,2.0667636853245925,1.7774120540685268,2.153984835629812,0.965380580056327,0.6961027580057163,1.1133502873320138,0.46581400663153993,0.49035244123886895,0.35442069698377765,154.05368242924231,159.4325699472672,52.45185696053957,130.39994748036256,140.65751284442644,165.00326794619332,165.2100757753047,0
0.6948030957971265,0.8572552774062788,0.7687738948358451,0.8100514306070355,1.6707380477384597,1.6135495409148963,1.6876434353045144,1.6696322061736155,1.6159071579163777,1.65128088109988,0.3330390174616839,0.40758241513367527,0.48613345985871115,0.38304484349381107,0.5323095918653589,0.4321348379350854,125.9880022094917,143.36927902724767,41.302703283389825,90.4432406948254,88.38596566274214,173.31172882042495,164.0561974238949,0
0.9676690964182132,1.316476854958737,2.2996118281244513,1.3453221845379382,0.7314350604786133,1.6829052691946131,2.936902151638954,2.3344729681857976,2.1303341339182142,1.29113044678031,1.781553228808948,1.0786243194601426,2.5991071560795715,2.1541453734468323,1.3821310959735043,0.3516453806754859,85.27752610847087,39.01063831670753,44.07130570075396,110.37879119834608,137.4705329077844,143.27780148628338,136.8012451588744,0
0.4879273586895362,0.6868351741764263,1.4949054326406617,1.286895162372453,1.509646978149994,0.9080519641347132,2.526768785900136,2.1933052398281196,1.4272312878378757,1.6051099985345374,1.657345446729842,0.8913483153978103,1.5769907525281892,1.2387164073719248,0.13482122489788964,0.6125756651561314,61.10867637992959,150.4393434958827,66.17359690555979,169.12739056148388,167.6451683127169,159.27850215804696,75.16247161226377,0
0.9536555942612732,0.5314581977939642,0.9204313656908647,1.363280037381165,0.7901625573298734,1.0256795821619196,1.893866606368615,2.2928539458956587,1.1761572198527404,0.7645796170764765,0.6268071576056955,0.5447258585339517,0.8453187598867735,1.0308226162687955,0.3653790432680714,0.6160806689925824,64.70175902496257,40.51262923521831,49.88883174034979,148.23447601555432,169.4278432720875,147.32545917191993,155.33203329456478,0
0.6632116495211817,1.2048335279572173,1.3849512442915057,1.632526254093132,1.0361347479500165,1.5183852071128767,2.4155863662919614,2.5669507436318106,2.1833807975280566,1.6764891677403753,2.2691115678165263,0.7697527020216222,2.882188776684585,1.0351970306750233,0.46697185943360864,1.0288932911141637,75.64369400948819,70.91404928621967,54.230997406300745,164.21411098105173,150.08242702861435,152.35498045933343,157.35904157389606,0
0.8847848812984374,0.7855386807534827,1.4155334959790573,1.4543547212931962,1.7834628847401375,1.7525551857634711,2.2586639532474027,2.2191895366849237,1.7860608579112016,1.7867808220776518,0.47589339547372095,0.26232437225641975,0.5270498091479088,0.28273577315807463,0.37975525571187585,0.5849183204275947,146.60490630632634,138.344311392397,20.963234841463272,94.62301560765137,104.9887875960143,161.83554637311104,165.92386566490163,0
1.0650503001190577,0.8580476615196276,1.3714772302493088,1.5544389569500792,2.1469448248748,1.7958532585092821,2.4051540213663904,2.2466066436479997,1.8897141435284592,2.5529662527188837,1.7102958771004526,0.7980953655365572,1.5615316859602455,1.061710492941395,0.4926496009048167,0.7709865536052923,145.24714532150324,162.15201635805036,47.50156503219109,173.982731629691,174.29372145485664,117.97002791505957,154.74389111414592,0
1.1167257742270336,0.9402805186805469,1.5504054610191056,1.5506658707046923,2.058160629184374,1.9525065953846512,2.5141492919168975,2.5653154845068884,1.9219352605244366,2.221968671947135,0.7664609779664427,0.42427508764582583,0.8954965070731722,0.21794332451246673,0.4021757001001728,0.3485243646933729,155.7088765431059,155.82465109897603,27.537740467815564,150.64176233340638,122.39041981318974,159.29700655153766,167.48516572342774,0
1.0084106523829937,0.8680104082977712,1.091700290985779,0.9997162141008759,2.0207393399553055,1.8662615496531239,2.093118791171709,1.9108691324564084,2.0059473425025396,2.4007565566688727,1.6401302323883666,0.9934285193054793,1.4330439363147056,0.8954738515313019,0.4991360127933047,0.5647355176188057,163.80752134406626,156.65983707197125,70.55234573166845,131.60902694851146,110.78620543935918,127.44230573302801,150.13311092780242,0
0.8527025962144196,0.8419430865016906,1.1387295824169705,0.9672320566162074,1.8313572208381126,1.8034243866437112,1.8809237466740965,1.73425411252201,1.8152191891803542,1.9267895234728134,0.5692657708955449,0.19160433986788136,0.7839316562452148,0.09950145614944485,0.7988528677116606,0.869299508124105,145.73537661486995,163.93991239089985,17.925743847448423,121.78772988472794,137.4154906028414,168.41951582636906,171.66859263976565,0
0.8593872884936694,0.8402810606801835,1.322556860492338,1.3377980550359518,1.855918546312523,1.8318321520052814,2.324750966704441,2.3363114425628724,1.87047216005415,1.88446141211234,0.4309188388919157,0.23239133619869393,0.5298055535109237,0.16831030766038507,0.27370449077263126,0.24805784972971492,164.63048134418196,169.64846799229153,18.684206377614082,162.932888162964,153.48350744677762,169.98605332248104,170.4029254742286,0
0.7538244692241104,0.7504775183228226,1.0642851986896107,0.9771773413240303,1.739499512784034,1.7346599464729393,2.0589674222040504,1.9762659099052893,1.8853262858890023,1.7124817483355272,0.7505796686433595,0.611277659448427,0.8900713010477106,0.4147018300785889,0.3738531035980462,0.3987162437610701,156.0819999896415,152.23912376997058,47.43550135772962,122.6059550952735,170.48988233189232,167.28037093967234,151.8632085260792,0
0.6247732179491715,0.9384851689221179,1.2594197238957114,1.2669952644633364,1.0544925744221159,1.303075972636657,2.152607676868318,2.2660966110484684,1.432643268950286,0.9737425916847204,0.30869062888470483,0.302959610473502,0.421993090518118,0.29890832271711587,0.6401535997730161,0.7016469174307114,73.1024058049311,56.827184581583964,26.03108618462012,170.83469622781314,165.81434208593475,160.5081490423204,129.47690956641765,0
0.786411626777901,0.7227376225445499,0.45014291377056226,0.5289440773158439,1.760081810535597,1.6922722277066473,1.4573968622536329,1.4961534365074458,1.8640617666059218,1.8226404206335478,1.0725264110676591,1.2764288606856524,0.749955840884625,0.7810771784853495,0.6633726507382868,0.6070227817028011,145.92783247005872,152.66956870902854,129.48701345416208,159.7435956918441,35.758767717318136,138.43453549300497,135.51359200708677,0
0.8092092223646746,0.959686955801201,1.4492396337219842,1.5455267431523048,1.8156332401303745,1.9474312013005008,2.4467581180895963,2.5165666904194497,1.9551700502362388,1.8151277606043374,0.12589174798757632,0.07909983386390702,0.2391161156189617,0.09055454005721293,0.2760759771650813,0.2671177542280464,171.34058353127222,164.38224366237358,4.695996882707834,148.3737966312193,139.0946388212284,156.10863166074975,160.58933267929012,0
1.0855999300407693,1.0113030607345812,0.8234121547818797,0.8248630973053525,2.131793138229154,1.9780469216988663,1.870608628801705,1.7699842349923673,2.0869969789668965,2.4484931477040477,1.5282106020750157,1.0669585551849925,1.270454022612,0.757300469438792,0.6545363163254119,0.6047354131594688,170.7576020748976,161.0250735549605,118.52044582969192,159.6588100827097,110.68976847233485,138.33278463213557,147.67975834324417,0
1.3063910553649485,0.9623813708009801,0.5656561457414802,1.0493172100475932,0.7849833009637486,0.7883820794238283,1.1642071942500436,1.754602568725528,0.8593592767151578,0.9697145427941736,1.4599096358638572,1.3746747323463935,0.6480747128419315,0.3721815735452606,0.6323397675631084,0.825417629295538,17.967296454716195,34.40581002450931,72.58933164883318,54.04546215541845,31.83439720814728,112.00073163726611,122.87803899858963,0
1.432910441787417,1.3128173599192623,0.2627225241099757,0.15715120476221064,2.3605126836666317,2.3232010525414917,0.8915385091508881,1.1632819836269734,2.1944689931727317,2.5056073106354213,0.3396191592994224,0.7929515197550875,0.41179175747902136,0.46185784840891925,1.2501510655439683,1.1134459476273941,161.97874133223306,165.01345201674934,75.8878648988184,15.391042883240246,20.438315338327943,175.09268811554696,166.8369741406708,0
1.0899024774300083,0.9312847780920352,0.8845375960506636,1.127037283729566,2.1160726473195743,1.942491045961561,1.8070817648000415,1.9270934462913447,2.223649018445248,2.2302196764774718,1.6014868666163826,0.8501527688264047,1.474209604116069,0.6450874307242308,0.7445243865178887,0.7598001275877299,165.49899879617888,153.6250458044516,52.97974616233767,93.06134045655457,55.020320126871106,147.35802828826624,134.50516187258177,0
0.7263616975785885,0.8187873466511659,1.319519343060302,1.3699312554320786,1.6874374842862971,1.7160957851945908,2.2926794540193547,2.3581306994734543,1.756642884609421,1.6987139208108029,0.4645372275610679,0.129128616250204,0.6662985225592487,0.15265684897734005,0.4277528221190511,0.41000444291150734,137.5353025700747,139.79451047222213,9.467495069453989,175.92980027798333,176.30553956730995,172.64326914016445,151.9628411153449,0
0.8358622085495891,1.326195957301697,1.4291310179939622,1.3092895274028828,1.7888395870904423,2.1312237349339354,2.2863042011032517,2.2716218354228492,2.129998096223013,1.8230359048556684,0.5623084301390827,0.33053891087462606,0.8730318354693327,0.29067959607426663,0.43596346335312863,0.42052083948037117,136.14491543066885,153.9432891526919,25.255072009097418,71.27548788152171,83.82756257568968,171.08364252937656,167.46111560658792,0
0.8555682313176418,0.8642788188665936,1.1881865437234624,0.9563469667083592,1.7326325548945836,1.7951980159865322,1.8814418218395073,1.8038422822338682,1.7841491202444009,1.796205992809548,0.4642411474696878,0.27809236803873105,0.6148326153094057,0.4084131659890881,0.9666096429345272,0.7775188482274131,135.5057882830256,129.93104481542213,26.720829736556784,140.14280244106988,137.02518327145862,156.5255454147825,163.9731043214371,0
0.7093741239084633,0.7821854033364172,1.1548163481073055,1.1288750996806123,1.6842672608934033,1.6404734152274707,2.144055344643069,2.1015681416698935,1.6809452024588767,1.7170071018107123,0.581692994854294,0.21486445829107498,0.6796209649090343,0.16339330718100337,0.28562502483868596,0.2805832579887296,139.8090033502289,141.46554456895254,19.29608370152326,132.21820081783184,132.5797745037758,165.23114420894015,150.23708627379153,0
0.8376153615978484,0.8892282895237228,1.1234636729553835,1.0198368903570565,1.8109407389912215,1.7655150225728324,1.984062406375304,1.926209045173192,1.7834777170184053,1.910430517006078,0.6150458705317446,0.32563159766321736,0.8693735715766467,0.1455308444553752,0.6779907945977985,0.7373654691219986,131.60304732447636,160.80263352447366,25.29779913619152,167.27910054150362,158.0081013660403,169.79249580939472,176.86597512479946,0
0.7306727261383386,0.8355874148482437,1.1745623069572755,1.1786624571868818,0.31621439211881486,1.0230968360355694,1.499700250934146,1.6648430346647807,1.2021911139786108,0.21063295315139294,0.8161730634902691,0.27052363129428675,0.8962402098896137,0.24928127921904925,0.7087924524984337,1.0074378837632274,62.825925199975494,7.360350455374215,19.6170470759635,127.75185624575172,119.03160633182804,169.56375859549456,149.53113371231169,0
0.9809783634766286,0.9107503220882588,1.7750540455536423,1.6748172332330604,1.8902986487725917,1.836316702795736,2.463586909189461,2.307540441880792,1.83371170957631,1.945500289621007,0.5083128508545154,0.15970249587937188,0.6331211951350425,0.12208602624238521,1.118899404563713,1.0975143457571612,135.1941502389842,137.873552086642,11.216676672912344,171.3120271035783,161.72161555668524,154.94041650939218,167.98948456051153,0
0.5601776601587113,0.6971535063446791,1.2936812230976322,1.104479675482704,0.8702707500941352,1.442715946879783,2.1974355424414767,2.0646439403793004,1.4841395905133081,0.8599320510757801,0.6177497694231936,0.194999333633628,0.6574758918700908,0.2462931643530425,0.5701061431612142,0.6535062775517069,101.57275243221206,43.89953798655478,18.9894335338454,174.8799337403206,169.8540198274505,157.79177774950912,135.22710636599416,0
0.8720498146953269,0.6670463826109003,0.8336867233898132,1.1818466191882646,1.8916360195502864,1.6224727649255328,1.8618219383962367,2.1324900894116348,1.7284085394457727,2.0768666434509053,0.9713930015799878,0.7083154281944217,1.0727370949657378,0.5644898259752185,0.536993330998099,0.2960629219924709,155.8802688864893,158.0497484206195,54.26913897259322,133.90599677304166,129.31825239700888,155.98131527177472,162.46671324860515,0
0.897128702371275,0.7388400737099262,0.7584445204061178,0.780074267843095,1.8932122978258228,1.6990830181997976,1.7611563075834937,1.7627990670054683,1.7767333878572018,2.1399934196495973,1.0215537320067831,0.549016114293764,1.2468518223875005,0.4008332690536021,0.5914218736849918,0.46118196101795816,150.00801566623807,155.13586157983087,46.48520845883702,91.07425948990151,94.32279586172577,165.19398873338633,160.33446763093423,0
0.9041400645636122,0.8786265551315747,1.5086100681389525,1.4946620899449958,1.8613822513960923,1.9062530940649451,2.4122249829587665,2.4899802810581684,1.9319022703381412,1.892554627760023,0.5979451713224233,0.29856232910832065,0.6272490245251875,0.3654947349019813,0.3717394859102019,0.3414853478158332,164.71202790483824,162.15259611162728,25.616909736349594,128.13467815820388,120.92124266015256,164.93221098590556,162.5802998978447,0
1.0334104033335592,0.9497552556036454,1.244820533450722,1.136223902314409,1.8765274465373953,1.8279371044893593,1.9491056168343512,1.809597536750459,1.8232259084718223,1.9223998984794377,0.44724964804189277,0.18023164052937857,0.4693789464114743,0.12816408004527377,1.0690342173454817,1.0150754938376036,125.54196781302964,129.07913782468452,16.892606556266905,129.30461581548556,127.71053939341962,149.09749700719993,171.01563620553628,0
0.8599710031382262,0.8933537030342817,1.2781668671361321,1.2759549038678617,1.8321686322719268,1.9082446786391702,2.239504735063139,2.2397675603558214,1.9566125278435291,1.8181679814957532,0.443051615722605,0.17094110249284272,0.4334491605077138,0.28427590202631725,0.3103166734444712,0.4300250094978775,175.36107015197462,167.16431691525267,15.48503612755307,156.50599530193026,145.39570681008456,160.15976307053126,172.56679921470902,0
0.8194134332452382,0.959265306432504,1.1791348920509042,1.156504701707997,1.7840196079397201,1.9004267769195358,1.9311331278718609,1.7423250652014426,2.1062207891407145,2.1203616814907553,1.7223617398877002,0.5053253991296781,1.4186298466058755,0.6344410618805882,0.9095270240411992,1.0808785546678017,132.4164438928219,155.91015576067534,31.497941153094377,151.91770625631972,142.64229840150315,133.30905472152773,117.36473117090037,0
0.6357185383987267,0.5943090654883487,1.4016552144635295,1.4590094117810355,1.6136097474745652,1.586669207210275,2.3332043610833364,2.349638722076915,1.603659583420386,1.6517176172508996,0.4601507519067578,0.2238607207438616,0.47757898750876154,0.3120196353314351,0.3058488162684837,0.45014807899862375,158.35966820571858,144.01036375772443,16.705713620781285,137.83047842974605,136.0513306924691,133.9563185640714,157.40863694731465,0
0.8512001896103868,0.83853902645762,1.333717727743152,1.3652340996137586,1.8593473821876296,1.8248412794023516,2.3393196774973846,2.352481767665168,1.822153898687866,1.922397262040299,0.5141911461593814,0.45378076233135184,0.6183300143936468,0.4306173041751033,0.29557043445493775,0.26478233312960986,161.78234000423845,161.241983264905,38.484388233426564,167.80931877839205,169.23232062045446,163.66298386354688,158.25308478569775,0
1.0901589734486234,1.1308999922490397,1.8446890626872832,1.9145802099823912,2.109919216575037,1.9718717860943384,0.9591277494192283,1.1458350665383956,2.2035131060660897,2.2096418324785736,1.2963425423602781,0.40599605811134826,1.1180530888330462,0.4406649217246722,1.955531905993395,1.8808784775946275,131.07119781817627,168.92735276271506,23.911879412964257,155.22462676485156,162.04065312964488,153.35492399177434,132.3797708388156,0
0.8796130128738524,0.9093599960725592,0.928216217792462,1.0025115110219864,1.8894017478269605,1.897314979261565,1.6614411338303843,1.6921656573800135,1.9318344188425707,1.8984603875379007,0.4015459577370261,0.38950337564507265,0.4189442959554876,0.1905589695355848,0.8151717723582985,0.8419656626184707,163.59836942274313,160.23195381248192,30.27411358440498,62.61919243090348,59.23739180010155,151.3868592807224,155.0248047815204,0
0.6702297439672645,0.4917302887325848,1.1175174181544127,1.0299731635680107,0.8282240801341573,1.1966950294027126,1.8233481153847535,1.6176427231315276,1.3721915863775678,0.8031715581734102,0.6678817515272454,0.7692895427745683,0.8438376745361461,1.0107027783603557,0.753218913431374,0.8647169975978114,82.52283283713864,44.194613588488494,76.95898398620835,145.67829029028465,177.01405025952909,142.7415157503695,148.62896310206554,0
0.7372087803887252,0.7273633575702595,1.0001841021815796,1.0051612603835671,1.6971560797091083,1.729538002090449,1.961549455523283,2.0253429019297697,1.7425715007659723,1.747905756370597,0.5718565573515729,0.27535088767554483,0.7592248798677603,0.3651662264952781,0.45073398959137234,0.3787578518825029,150.8374023817697,150.6541280735314,22.084173475431335,160.32253629103525,168.6444882716963,160.10921729264192,162.31591778161277,0
0.8820542653612151,0.8433438304080197,1.3498102256205582,1.224939816808219,1.8070860505001674,1.7852311301144197,1.9772368877786552,1.9311656359528204,1.7717854591385305,1.9010712237744865,0.5274659836987138,0.26593764988226853,0.7100034822538847,0.14852276733633926,0.988295646426745,0.9673455137854278,133.61268303336163,141.0895722454885,23.556475305569005,159.75243299333252,142.32349729947833,159.05592508818,159.0943476371864,0
0.5780459556249251,0.7367450504707185,1.1737974925150787,1.1597932803506645,1.4755808918932711,1.5995959300426061,2.1692304686312,2.106076680964685,1.6376323424552974,1.4437052524789395,0.29313781900192293,0.16496135673130757,0.3907866982325319,0.31887458423705856,0.15137978532497015,0.26782542599494247,137.38022612219706,122.57220963623215,17.278857425441988,167.51150704037522,152.57244410851695,162.53677481861527,159.1814635809396,0
0.8509060983637116,0.9298142336842903,1.1612249416652078,1.2072142090212736,1.7849824479929168,1.8180620772976586,2.174898837376915,2.189575078623347,1.8376494148941005,1.7877541866571653,0.37830702124577814,0.3975232797425154,0.2007894100832054,0.47486299953321587,0.36072187370482584,0.3389244984954163,149.2389452355286,137.43272376308948,29.813412347719627,136.77140290172042,134.4892054673482,166.41260762604247,159.36242138983087,0
0.8176025367773083,0.7196798024594352,1.3136972381751342,1.485570375366355,0.25397046312811317,0.7741073005087088,2.224040579000167,2.479812097784781,1.0568487677269203,0.4173610405285142,0.774810073436721,0.2739398484198072,0.9950120353855724,0.3401797187636116,0.619381359789217,0.6936327340320384,39.51895602720733,13.566595472081637,17.88974587064157,175.09495610027676,174.3479239583326,164.5976216495203,165.45722742354704,0
0.7588873167346751,0.8790237666447479,1.1488064085889393,1.1934372739829862,1.6818007272563715,1.725437328509357,2.151916976679262,2.1846297869320694,1.736598973778945,1.7049423509561827,0.394729173682261,0.27171208890548126,0.4290049327242688,0.3322131586584606,0.3452140299512746,0.31709948653526504,137.7561363764622,146.02047914825675,20.145732077151237,117.75479312801266,111.06205872350436,170.5011048274198,166.29495860966117,0
0.768069648457364,0.9746193466896799,1.30736792877993,1.3045671587891872,1.7604773236814064,1.9697904388908776,2.185940593906983,2.2079561839982125,2.0667666963803897,1.7704976512163917,0.8431930599378559,0.2553263744803961,0.9272243581173633,0.2505884805146182,0.519007134010579,0.518221611415655,151.4733994587342,164.46874265522388,23.021731293708747,119.4647632804637,128.58206865565015,152.97047484427648,164.44791265384404,0
0.8322379056352998,1.0031908226053319,1.2731247111366852,1.2829662163471711,1.756191293718632,2.02074692909477,2.1854482969124978,2.2367529841094007,2.1668958144654726,1.6281285155431615,0.725899277673731,0.3106793482888792,0.7683537534828371,0.47754565045317227,0.2975799846510115,0.5253102273894561,154.56816375472235,144.12608691236312,27.116024687906872,159.63924280459037,148.09849584008057,159.64267596115357,149.0341803171486,0
0.7397631191981986,0.9174726533282133,1.0371458530686752,1.0698746060585087,1.7357116119783689,1.886806092094248,1.9856001452961602,2.0429092080832816,2.1284779480892606,1.9755586613642102,1.5694644703170528,1.0074234504854311,1.252477086687418,0.8232276128720846,0.43770573320352946,0.433836581573522,137.7117446976772,167.21635454385358,66.9869777141609,94.73748796724063,118.94797490319047,124.41635248119388,126.14544737963799,0
0.9456383158317659,0.8778315749460116,1.3423109074403,1.376982571987548,1.9869576197599057,1.8363277098217186,2.349048131985041,2.278357720329308,2.053222739703997,2.1971838945706526,1.3889698978115947,0.7435246114800257,1.4265208164005583,0.512105440017273,0.41721430023376965,0.5522592314201308,146.1993510782571,166.41090651097272,51.84358973300309,151.35139743879827,119.5802091119152,141.23769263233729,157.66175781411576,0
0.9077643283882416,1.0465934369661716,1.5049594600156395,1.1698959471556185,1.9049268710447909,2.035183801883023,2.4205407433209665,2.1309247609136994,1.9396783677504705,2.0292311569607637,0.4555774895630955,0.10309903139167131,0.537340621363439,0.25574999717423647,0.5379301904938023,0.4809905499566503,170.72545776993604,173.41106304773623,4.609291028609643,115.64608337264696,124.75648332136262,166.27384892413585,170.96127523208912,0
0.7050122313085796,0.8176617200793667,1.465464458269705,1.4953376782570322,1.6986714618082677,1.760133426027499,2.497169155181282,2.461152387526755,1.837064940503185,1.7043764565770223,0.7451211752699135,0.23625341262452754,0.6167637756130149,0.19630674642818846,0.14728857155200575,0.16300527925630728,145.69225910228806,153.11276490205609,17.755338979748178,151.45749152882414,155.0658522229542,127.2604198770074,165.51600989913462,0
0.8186541926429803,0.9345799585881549,1.1190844073986725,1.134967196040252,1.8188479531165327,1.8373096579665662,2.1338909104663517,2.11435182563983,1.8607377314806715,1.8054741104480692,0.2952274626386871,0.2777104079152214,0.22225154951673134,0.3472190163479151,0.36236619097159734,0.4065589368487365,151.5775517984344,153.03857181687562,24.43273067059986,166.91057937660239,169.5378305761134,168.85696413504996,155.89798232097368,0
0.7668400233549683,0.8368485088809833,0.9237305202326783,0.9671030297282367,1.767874262754348,1.81097866408743,1.877082830455931,1.8939901437849131,1.9197223020276009,1.8495849683183663,1.013789664748531,0.5149190203618839,0.716806693121903,0.32848057309497386,0.49292145731481907,0.5057328891338275,144.09435918775017,164.39174546503156,44.00045241603799,93.51956014531646,108.62440005530897,127.82868722035222,143.72503034602863,0
0.7162998296659622,0.9393491487329519,1.2186151285842297,1.094057291851929,1.661413986045665,1.7056650233918267,2.2013564266563916,2.0716162272454026,1.6894753515657803,1.675740797075977,0.3292256006500541,0.4204057916861902,0.491865603076484,0.47044265281721476,0.46334833936406467,0.5429985581972383,126.21978685199765,132.45146868640956,20.408657127252365,124.51464923328383,123.30118392389136,176.6581762489634,152.68738792149585,0
0.9015306384063313,0.9661136507567762,1.4206465904241672,1.3320756187645564,1.8799062425522395,1.9656661506668576,2.4100937175750334,2.327781912216122,2.019620660489147,1.8895264412034352,0.5636884518970584,0.25505321434645195,0.7167154404918062,0.42061213472934056,0.25615084997468773,0.41320768505178573,163.80710247380324,162.12905989136894,20.51291018132763,150.61100286790125,143.71189762926608,171.29491040716997,168.00957154793122,0
0.8000272684939997,0.860558684077039,1.259306438511763,1.2667431377829022,1.7769493850150984,1.8767396535199783,2.2228519521377446,2.2745665534298283,2.055262051213278,1.717503695455805,0.6821874360791524,0.4046502089315988,0.6994286853572242,0.3825260884379336,0.38070755758304015,0.3297600919310395,175.60453709241068,146.5169090028329,25.639891882838487,154.96610593593573,150.32133392574738,169.2268018735131,140.074656294207,0
1.0307217144168794,1.2112237219834434,1.5704488963019287,1.3582801209542867,1.6278519717605975,1.8869729826916304,2.4471656640811696,2.315201071339323,2.0478467656839143,1.6361829544292,1.1028133993087885,0.49189106392682935,1.1560546707823043,0.5700792088108444,0.09977719458805621,0.3979966981586697,91.3334355267387,75.6749811921412,27.644433484564587,76.8536576291147,80.28803525359797,124.26851319792938,119.70970745657895,1
0.9356998249464467,0.8940178737004871,1.451300849714687,1.4357898541090446,1.6342175018022829,1.739169311731827,2.363477524296542,2.351502895306155,1.8047559419706578,1.7072358875215299,0.9706578523505373,0.3481898679054241,1.0618779372823266,0.14907967676485837,0.1392065645683551,0.28390131489038156,94.22564836621164,74.01436046369398,21.93086072680028,75.10617391577925,69.864623576208,107.57581145671004,110.72281839578459,1
0.9877236436345115,1.1541530561290632,1.710794628997835,1.633053768259057,1.6168985460791037,1.8487667154276914,2.503562474907847,2.4850148120040867,1.9946502623396116,1.671440568681239,1.1278050764606913,0.3626520889892743,1.2209857561950823,0.2740863255409556,0.24875606546512685,0.2708807221730332,89.88292912160244,76.03880373399438,24.50421056074538,91.0603532082805,91.44291860395228,121.64454516783589,117.21822496740047,1
0.9041459243415745,1.0856103267715735,1.2804382586975898,1.2442768553945383,1.852045765231478,2.011779620073957,2.2806334428123005,2.246698257766812,2.050133485897948,1.919737553642308,0.8567443425094072,0.27199177893281773,0.9632738997087211,0.12638904850934157,0.33165000689454316,0.4706341785995076,120.50162868454767,121.81536768595575,20.589319870252986,70.82641312697038,78.94622336698336,132.00041518375426,127.42893662464631,1
1.3173378138239715,1.3447707963110784,1.46343396326859,1.6275834909640194,1.806036549597742,1.9041619933882452,2.4665656819508848,2.505797007661435,1.9158856781061966,1.9505220054202215,1.0497068665162308,0.5952260165656563,1.030262660639741,0.8683827136301954,0.5759121077131192,0.2149601318355017,80.50426558075665,91.50379344794733,32.21210570361036,84.35268022795482,87.42093830363294,125.36039278002916,145.66263709165915,1
1.2827898819116084,1.3709301539796375,1.6688986161911057,1.6742186085695743,2.085853764677444,1.9904975885754514,2.5869224120905,2.492785832040941,1.9102558970678039,2.2805899516257315,1.092013872552986,0.359335489120223,1.0255489295779703,0.560327037360614,0.27772381627615556,0.19614133341488352,88.84571390084795,112.59694788520234,23.675096129702684,82.29578587565311,112.7630360890431,133.98816434851088,134.7358408512247,1
1.2203777569051182,1.2875298425413628,1.5030036804920293,1.647022118721445,1.9548238137878782,1.6030376027418543,2.4597209518611742,2.4141469417390344,1.4459591160326117,2.2766587946467713,1.3280114581312716,0.8078319218931276,1.1490483494579353,0.8285623085188352,0.3092833939835307,0.156561567277232,67.53401331266032,95.7177222817376,46.34223745675613,92.25588755966518,84.07669820954997,133.26534048891395,122.6922646291222,1
1.2373538805817084,0.6197785052578582,1.1080217514911297,1.155103817552407,1.8814478003221273,1.1722741264016106,2.0618060865986028,1.9669871418371832,1.3143805897310736,2.424711630691616,1.8997325942728696,1.1441258790830766,1.794797654942632,0.974709533028053,0.47970132341092736,0.18107906236461388,43.611251827413845,93.73790241504548,65.00629011561433,93.4075450484435,70.08472189405506,70.4413330879623,125.80551198386598,1
0.745343117346468,0.3437419494954767,1.1611962863411847,1.5236535741696,1.4955413219390985,1.1411771248630698,2.099030060960127,2.489109155376557,1.3962048275257717,1.7488538529185393,1.4639276933877639,0.9555088396933933,1.3383058059524504,0.8788782329123419,0.41936227150397964,0.23190207285274178,49.181167418533626,93.03028470466884,63.1711917009817,156.67244787659766,109.16833983130518,46.67964480864669,116.09891374518837,1
0.9454170385672994,0.9724071875115673,1.2282450091179689,1.360918885580752,1.5297847228565897,1.4605958475581853,2.2327944963616915,2.313677745998284,2.040778132948686,2.050173290239331,2.1223329481867017,1.0178153215274854,2.85208482275387,0.9024111917750413,0.5360054456017637,0.6840635523455174,79.87400102023798,78.43127283555107,69.49285536241568,147.32529077553642,113.823083436242,137.89866896339356,125.35275452694322,1
1.3097761165725068,0.7275059314888739,1.2900973548715027,1.1943686987678803,1.949195138440039,0.22734462336895964,2.3377264382832905,2.090897573264755,0.8163228669859721,2.5521703871698707,1.9618512273382973,0.8777628825666065,2.525005938619337,1.07061891870338,0.7718698264543432,0.5163516296825653,25.458359229519196,79.88140203298089,75.94896213444811,132.07393189282956,135.41222749962074,114.45510138602837,115.43760259851098,1
1.208489348700981,0.8018611617376641,1.1900454650537842,1.1045305317089222,1.8654498379203186,0.6320231428918778,2.2307861345469173,1.9947365627145548,1.2496600082775005,2.3907108932156507,2.0562422140050374,0.6282157682227597,2.7864691382267073,0.503267326382535,0.5329844189413069,0.604426226060578,45.911389618562715,81.3406323896118,60.830280863854476,145.2750938589688,138.58822078719018,152.8707369472728,116.22202536166158,1
0.4305096527956019,0.7683538339651633,1.2830614389880617,1.2722226589566978,1.3374668949429955,1.2146774591449558,2.328793080733396,2.080253257957629,1.7352528520009942,1.7257804730082444,1.7893502092046025,0.7415744721144503,2.0967940843903845,0.7815112637108601,0.2388875854271966,0.8036988974093857,60.52339226555612,64.42983022234061,60.89955377300821,166.1882971253828,159.14729780915792,106.80288319524884,57.92144695739226,1
0.5395328575332123,0.8036409315975658,1.145064620247302,1.1603614674844607,1.2506049944502784,1.2794856219154427,2.1195434945253697,2.1189889124462913,1.1215705951785908,1.2480880609210765,0.7506344697583334,0.9948474460156671,0.41770464434311233,0.9034243081952035,0.258378138464874,0.25735233232960414,42.83773030392602,27.768325412065725,62.0257953706201,136.34098439037115,102.0855871059616,109.15148756235632,53.04864600688804,1
0.4967778762789626,0.8007931510315606,1.147285700777561,1.1394790448373946,1.2186634852153297,1.2643852495333605,2.1529586928019686,2.083419101005592,1.063773497987524,1.0737234115052992,0.3124747893739455,0.8278812453310767,0.6711891061612791,0.7132524952161216,0.37561328634193364,0.3298334270039424,44.57154942960336,17.91519905377674,53.20918169956884,139.27663240746296,105.93435695022355,94.24280014528946,60.61050672635822,1
1.6753044467863485,1.6932906921714075,1.5275915441082526,1.5740602639881227,1.917596634994103,1.9586933272881881,2.4655737743206263,2.524478654219542,1.9442112943949856,1.9825961851101837,0.5994690129723147,0.17146933846983856,0.536683237518849,0.19296429431748396,0.5277280586264738,0.5996281285517865,66.32241752370776,66.94290881404922,13.072153582823503,140.78800128804812,138.3844745344769,136.12135951125566,142.47951298077479,1
1.5533764903659657,1.6890249576941108,1.553479800314635,1.5545885791930925,1.8176888850370527,1.927063220528488,2.5409059320682346,2.526471275513861,1.8166282886696237,1.9745744082110912,0.5807823643826877,0.24948719967786664,0.4880575801551831,0.24578873165660545,0.6114653563144232,0.7135524134140826,60.78953622835742,60.105837276672055,15.274526992939968,126.48608157913964,127.30029346228827,131.64180169754596,128.48877780570422,1
1.125294262425674,1.7877508376444413,1.689510536234745,1.6716252525403068,1.4533202414898607,1.982340577635801,2.7198098306198957,2.643486676226044,1.990023857531575,1.4988714338517015,0.6839788032625715,0.1483203718752618,0.9309298779663908,0.168575305939027,0.5901010233109499,0.9674849820507455,58.36344756109464,41.86763278203223,8.848533780806097,142.52462793263118,155.91721163599175,131.56684748395818,101.79677920583408,1
0.9970075026761609,0.3963526055888019,1.2312367215699451,1.0788714861343105,1.0033550434057692,1.0167871564623174,2.1152518679472934,2.003310938791719,1.1330772850236146,1.3078508412648584,0.8898206395640429,0.7787565624903604,1.169681279746827,1.1149876104159713,0.8486146181364733,0.42326581399449476,22.390221329401857,40.68413052541364,66.48526543895936,149.8275573416489,155.95318844397679,50.98645632137204,134.43859210010538,1
0.7462372033690003,0.4456903242570094,1.129419792344179,1.1117241941732683,0.4556225005081663,1.0622314606247851,1.88925547300507,2.120945837787051,1.107475732672938,0.8823877275326707,0.8832612806890108,0.9084463580487689,0.9616051670641943,1.1366435363499072,0.6434322877975834,0.40425101653346346,24.236116432917253,19.70786592355614,84.45311961815949,120.46241493160204,143.5583675553313,52.63041275080832,146.04302483617855,1
0.7330195778071308,0.7371611342176071,1.3371486541139879,1.1987192169334855,0.774226015464688,0.545314945631909,2.3014268543576155,2.0267447619900247,0.7797296006073675,0.971820839335091,0.8942016432228566,0.4435998023533029,0.7110476204500368,0.3613946936687875,0.654563298209419,0.6276399601386586,12.214649255786183,16.144507236597143,27.687528768838003,160.11266101661278,174.71821781626952,95.10713933743526,120.70825127356679,1
1.1010337836755029,1.4855903893234153,1.2993818903926584,1.601870096757261,2.081302481606665,1.6764996629183728,2.00146063660376,2.0294604859589325,2.4291025081092705,2.247526796751356,2.169875126434293,1.00022391476785,2.5829824859431523,1.1317697555966855,1.1098437610327234,1.4832050110160655,65.21290845939114,154.0382987751013,40.76245701854918,152.4032380430822,148.60394567319412,124.01217101058518,160.55626026230067,1
1.6621488925729289,1.2248553858526237,1.8675661029904564,1.856226215818988,1.8685576703755076,1.425646720949686,2.197290453185831,2.2073672367099197,1.864252768591843,1.5394206991760957,0.7097252647633846,0.6504799605459066,0.3998194211923035,0.5135626103271312,1.7561633679771802,1.5250601682578415,48.33302190551371,55.86647184665015,19.140835546111287,153.81411761273327,153.0616695339635,107.66857231072554,123.76398008137052,1
0.5544587174938082,0.5525024805435816,0.7269404241222452,0.7334660664135294,0.40796720987675283,0.5671876578734766,1.5477519384774034,1.5970284398167212,0.5203623734625933,0.6205471907803848,0.3778140340660678,0.289288195388564,0.39752795179165734,0.12622611926302232,0.26821565769407774,0.2144749722418147,2.960578370166106,23.44200287097204,12.334912176110784,79.29391105705159,70.66745255655579,114.84018000885062,102.66183993227561,1
1.5457902996449988,1.3971246069719676,1.2195353239516353,1.1431308171504657,1.086790138199759,0.987998932959452,2.2598534414380618,2.102935531824527,0.9517782896259911,1.2092895502219656,0.6185930087447745,0.2526765502931488,0.49245370011785694,0.2623814478554723,0.8667252424682741,0.7906351330540637,23.493125160201274,20.987609431180882,8.705302203551065,79.37391226256922,86.79610108855492,127.72179153518226,122.96918358177746,1
0.5355503849398763,0.812643050190733,1.375230880305292,1.353365209486174,1.2795771468884123,1.5110526721866313,2.3617447262364815,2.350583842436775,1.486704793418587,1.3808614344940315,0.8753375163439181,0.28559098522509496,0.9693662964194328,0.17370033948066405,0.37644238826236043,0.585521642348106,68.30274635288437,59.01177531236338,21.00130206548525,147.18923931612633,147.57919826533913,102.77042669226303,77.96459388770558,1
0.4621547372249147,0.6947660585271354,1.2862064541059677,1.2641066524786906,1.3133331130111916,1.549376269713395,2.2578872853585366,2.276737304812153,1.539188321239637,1.4049158393721883,0.8536815709749116,0.3083829858813885,0.8738198950993146,0.13547471369924116,0.25888944542330244,0.4782542101584588,78.70819510551405,68.56553370735324,23.49276196476633,112.08966493610203,114.77544044619314,96.60845778696347,73.09786046745508,1
0.7677556124921179,0.7659388742445621,0.3611495846217778,0.7737439940518512,1.71514915936023,1.761984533106767,1.295754175826792,1.5454871872766367,1.8330963315541144,1.6517915028039667,0.4270728544873355,0.5329589977497569,0.13186733467437017,0.7086686765576786,0.7378115204067021,0.8094465080349923,161.5011128751516,162.92046962794348,63.741606936411614,59.80935082932066,31.390300171965247,133.47684974421992,153.57478998631035,1
0.5865302362797656,0.7145110303943017,1.280870235785661,1.323359880651838,1.3811884606931206,1.4301582241664688,2.2660703272216187,2.3347203209902574,1.4273085610133533,1.4646764145060096,0.8548388498026511,0.2576835823315236,0.8141042056112056,0.2628213050772892,0.23193124104776539,0.26212964396427596,77.57207573602838,80.353751171105,20.108322773901367,161.80391260532636,163.23635958963092,107.70615198656523,95.79555336073464,1
0.6052310162021384,0.7277661914339965,1.3611756070536225,1.3389340440901731,1.5403799523776565,1.595511913617098,2.3325624701209424,2.369902740060649,1.6195910698953262,1.6156687934504714,0.8758860276345768,0.14882183444275188,0.9143084411694983,0.12182027263169966,0.23131929851134733,0.27870693150646836,104.33991123516428,117.91200232258865,11.580187610584815,167.65241928828715,167.65657123678628,121.30556122449494,115.01811203124433,1
0.6921939161725768,0.7819019256088319,1.3403095056818242,1.3554170366408418,1.419710621019983,1.4898031522233066,2.330439350958737,2.3641018811170396,1.472325186487422,1.5135258951605095,0.8676810113244444,0.27762590788016106,0.8196859640178976,0.30516632492249907,0.385283148458626,0.42531209666643144,83.17535178686242,80.2959423567326,21.24032196479156,171.5684833926702,173.52571732904497,115.18503151730513,105.01090453567681,1
0.7078859890377077,0.9132707636537024,1.0705146723681767,1.0221151178562862,1.0562528697402018,1.1534170593386766,2.07498580797122,2.0126173913886873,1.0972128088073256,1.176243618885907,0.6706762458099865,0.5433063123291296,0.5890107944265889,0.533688573550508,0.476422681076039,0.47316737692236865,41.25211835387753,32.20864686098969,37.96779814521754,116.50221820225697,114.54810862922031,108.43169292420568,88.20345464655065,1
0.411591709820508,0.13254909366871523,0.7668703057781987,0.6262955258590543,0.5627422258642844,1.1118106392397313,1.7118602381342587,1.6767283478108164,0.9611231537543006,0.7850444948335104,0.4771358799995386,0.38712988330775827,0.4828614095992712,0.1878487287094154,0.14725546447125215,0.25816584651640767,86.93471982423655,24.234268375729553,29.61678903603592,65.67185536930033,105.81532913412957,19.156161647697,143.204335996449,1
1.4729895163067415,1.455506456745911,1.4490817258102902,1.5093700652246889,2.031396066361769,1.8372965416583378,2.485704931533703,2.4666437674899173,1.7500923955395242,2.2090739467446476,0.7926646217254154,0.3015204246968771,0.56238476701917,0.2926153596654659,0.6436684277380683,0.6005439354567016,85.85998284309616,95.41666143570895,18.851719243460767,127.87697481628724,130.9101503210791,155.21654022683208,155.1965168172051,1
0.6265468493078824,0.7436599027730182,1.2558306805604178,1.4205580665395081,1.3242504307350054,1.2771111710076704,2.257420492897841,2.4104337540429257,1.3342015800930243,1.2849701377802707,0.19897340831417035,0.5395151705676281,0.25085441014727566,0.6200851940754516,0.2535435241629408,0.5288861517689957,75.42158965495345,74.63026246196908,33.65230292430299,123.96321426284845,131.2168871140024,140.35201744399473,119.82079145031585,1
0.5512565663030643,0.9882987696494335,1.3666945282459766,1.458625655731343,1.0138499551179083,0.9746735044770121,2.341439798579424,2.4716581008524416,0.8498136482688439,0.8536051673715203,0.632226641256367,0.5957131408024682,0.5160426554957056,0.2807125895093098,0.43654827771132443,0.4510908727657963,30.402286162881936,20.244465081999767,42.746626690456715,147.47484458340227,116.81121155738656,115.26205722472896,72.50236122375978,1
0.47060110011243644,0.32483312133143066,1.3354659592751839,1.441568979897309,1.2346563432760713,1.271845920512332,2.2315538225791487,2.5129953119066637,1.5067685015130357,1.5297287384470475,1.402811036917352,0.6552353121999769,1.3214532458971158,0.6767055515377811,0.45845969997036456,0.10800282682443386,50.33067659813934,53.65664931806576,50.42844855274448,148.0098535956949,166.894393450789,39.746506244364944,65.60973813037498,1
0.6973170154889364,0.9646984160637709,1.2520452741021713,1.3120348427842867,1.2177654293656772,1.3950629749226748,2.2752184610971296,2.2928276735508484,1.727545410258239,1.1761701771876751,1.0054748724720084,0.4235769795714092,1.0030261656073394,0.3720407489363747,0.41207088676956605,0.5915197638889903,56.78953456903558,36.049063245400944,32.40276278841074,166.67398408989217,167.71347573527117,117.68117980057481,83.28159671561232,1
0.7013083454562588,0.9287539723961037,1.3263632211522944,1.2710972338552553,1.2130899027583943,1.3745929819334934,2.3636415239213235,2.22116380618326,1.5459677062235209,1.2115351308306193,0.796084405844766,0.3970165218411168,0.7895678546651619,0.504375687960274,0.3401582890968573,0.645020173896369,53.08713634002977,36.7005866302455,32.814761531243654,173.85647919287067,174.78465746928435,111.10923269265746,90.33893530294115,1
1.4345556218527282,1.4786300880226988,0.9991582442071154,1.2594633600529441,1.668098032418834,1.655356792584316,1.6914744831265789,1.8453581913982278,1.7183611592364245,1.7132661692480822,0.7359937622763223,0.7450990983042334,0.5325275555503017,0.9546644151052253,0.6444787760153718,0.24473964003987958,50.99186315086044,48.09631282541081,60.36512519097602,63.467772397722754,83.4231734921909,110.1684379492046,111.1518132061651,1
0.7077812747273422,0.3749979200679054,1.4020998811813914,1.346121585635495,1.0970542105471526,0.7016701823748794,2.3751566091254923,1.9645982540280682,1.1269981284925246,0.8520659322047045,0.9755907499140902,0.5604596363361624,0.48134494091298924,0.31230362651871185,0.7751407901421893,0.6826521335894135,40.75608837069172,30.32542458044983,68.01863085040596,120.71315115501318,98.57504257695372,51.16664523970084,95.60401286241954,1
1.3304875866132837,1.4448946004038372,1.1327333799979995,1.3658429543675499,1.834278497914416,1.8625008382598984,1.225793284213471,2.395511509958817,2.066600502518669,1.7830220025794394,0.8073777761431227,1.6122812983843298,0.6445030674933989,2.263613994571836,1.256404583451012,0.5126346159805488,63.627075441133215,61.044209335933985,112.4519992222478,90.61191301666852,123.13944274254114,108.67294115862225,100.75656112838554,1
0.7076116041314449,0.631091415395573,1.3555428161338243,1.228904979412429,0.9280201005652462,0.90775923653332,2.3777348423730413,1.8921766480794096,1.008664224678762,0.7945043642393831,0.8011819514952134,0.6156783294756303,0.15591623124461404,0.6399186506077293,0.6530736133619903,0.48232292603946364,20.935903616387247,28.668585700598673,61.864531451551066,152.74858250726317,129.56315038291237,79.52180538009978,80.97436646848413,1
1.3500777926485892,1.285248107037746,1.2896637635030945,1.2935336439641143,1.347665626408455,1.3131026918075834,1.9068830029856034,2.04313767578146,1.7124385127998845,1.1991682430880384,0.987646112831222,0.8198948885749913,0.6496213686088251,0.4164113934168226,1.1047122832476155,1.0000041303668863,35.57167836384389,26.643615345024035,54.732001710739986,137.91118876414123,121.44391820210073,93.59413403336767,106.776396871471,1
0.6874964102734542,0.5830059758169464,1.7093048472169894,1.6933771158444522,0.8290763637245989,1.0939196967575264,2.663404099703212,2.641732607307162,1.170864382566445,0.9003586427153585,0.775269739088172,0.2780918544712828,0.9541392292037595,0.216487235704322,0.7858396860534529,0.6864399728626822,40.804229013814975,29.174458031615856,19.54940884621306,173.960852817287,164.47757442661097,77.71168433875735,87.33076943041563,1
0.45265613423672885,1.0698847168634844,1.4088630629756853,1.4490860802875594,1.1687676430168172,1.7623811415438886,2.3361111244969486,2.4450885780187637,1.9467945512053981,1.244426437049716,1.2441017063404742,0.3738510255918738,1.4575680355241663,0.4409395758238267,0.23654823637007014,0.4124566158620457,76.50875764079805,29.226202890505647,27.330790701084176,142.79036089872727,139.8668779087905,104.80835578858478,57.52967305632249,1
0.6694620372298479,0.7970873881609771,1.4460079597568998,1.3983720758102305,1.3166007717953692,1.6869865110086986,2.3403480136183217,2.441186584260316,1.8862071312309923,1.282184492826476,1.0165093837258712,0.4576556221401364,1.0596522785904163,0.5329212729821062,0.13999367931483106,0.3243542042867669,84.19073402522407,50.470574808618736,34.10218781687369,125.40699512370428,130.04891922716567,98.03632335286157,89.45782415774586,1
0.9127768174737722,0.8080081066795544,1.2397345615051336,1.2838570946737764,1.461360428986725,1.529544539577449,2.181672418463672,2.3228143500720324,1.38696734771855,1.8352535086845208,0.8795626691207953,0.614564738227849,0.910117625926633,0.6488144126024967,0.44286197254490983,0.2745983212463326,58.11325628699704,68.59390901885722,48.04242852396697,142.37528083899048,144.05585098634555,101.40173695765992,114.97255697046538,1
0.8777061435677854,0.9853449864348216,1.2495536490815642,1.2924799983584985,1.4647349727237413,1.713476098069954,2.189271636864717,2.3440233619960242,1.4884515114013062,1.80942559364972,0.682399908103346,0.5919340175101564,0.6747763560685642,0.6810889691740023,0.46811721815700746,0.419173420840635,70.77524247376192,70.62361570569524,48.172282313498165,145.12994256812345,145.18832634276413,113.11186006974086,113.41874024991513,1
0.9942473956058386,0.6991417384575286,1.1920452014883343,1.278889478104217,1.518833436414157,1.4967192513151835,2.1770541718628813,2.280102924621013,1.4882562289865036,1.7821904332846277,0.9063801792763444,0.47468892867095824,1.0610317388987816,0.5169314959237663,0.5202215418758894,0.22967262319147808,85.09334313667696,77.7014437767147,39.68722805235732,164.73444562768893,165.22116620492636,119.73041350030556,137.60341724984448,1
0.7251283007599231,0.8628333815474153,1.2250578206107747,1.1832205736885584,1.4643450709366501,1.5984489151112924,2.2241279625486237,2.1924315787064113,1.4992342671515004,1.6651013801959058,0.8848233846925826,0.5119874702405618,0.8846265737225435,0.3398284361168492,0.35211806914523636,0.41633674238906954,73.76141153328584,76.41973469869954,36.61914394895461,101.77846036080818,104.18805494330118,103.18243075315988,103.78593786004386,1
0.5106005296597003,0.8635277047937957,1.2514904189875335,1.2393923682012598,1.3277026774144183,1.6030575061398238,2.2096797911948856,2.2636107959565885,1.5243411432862426,1.4769733058559218,0.8388023416074355,0.3678984195627998,0.9099962311570613,0.14068899815183913,0.14381510173531986,0.32751782654504796,76.13720349297381,71.01034206452266,27.629309850264665,88.79800614634532,89.7805250101597,109.21942006040965,82.85165515689128,1
0.4219227479787863,0.8185733578174264,1.1733474264863903,1.190781245659332,1.2477773986672107,1.5122988990683923,2.1396801705560353,2.20709663505703,1.4480679525444384,1.3700809338904718,0.7978421335351109,0.39650344463423404,0.8967678562060035,0.18410133140303098,0.13196565882073283,0.30488549534563786,70.93677158873284,62.34273195032498,29.72076894656313,84.42889088487026,84.92117773631307,107.23812156290869,72.87709207915195,1
0.6039389717994719,0.8537448532997334,1.248561020547099,1.2973280431496168,1.353100559507295,1.5313251317697465,2.213434860660545,2.299560083662508,1.4907298159243751,1.4726162689573026,0.8166581053681612,0.38777888045790115,0.8483142633506999,0.20353023600355685,0.16462018690126531,0.26660799354447684,73.21389632483726,69.9622377581472,30.30977847829286,101.09344145589947,96.93750633683602,110.73741299349763,93.28838741347188,1
1.2137564575389876,1.4335912638870116,1.430029371373017,1.5902305105908048,1.75084402895479,1.8959792572898646,2.479767814326987,2.533614108373399,2.248933156147208,1.487849978538881,0.7510125753809984,0.40952645949828254,0.6747059710805691,0.4724593824035956,0.5175854694566128,0.5789430867524439,87.00282502791589,68.0658483830952,30.430138188384515,142.91803193136928,129.09075509387418,148.02006683534577,121.05007475593041,1
1.1479003534424244,1.242512247968807,0.8779352534460483,0.6441594483891281,1.655179590586754,1.8711928358189867,1.866619024600293,1.5847078907593433,1.8387765332932926,1.7910412244937644,0.7901566808206087,0.6002502354402321,0.7438780847963004,0.3319252185012726,0.44247108754192305,0.6434703699969079,92.1281243223013,97.73110395057147,36.658634914844235,40.99216369747285,49.7115144466959,137.4095957396912,144.19749653814637,1
1.4748673701431836,0.7465232143413952,1.555650552899218,1.6346478130463828,1.5008223012790831,1.0469250282586136,2.4757428117478453,2.5338231179050448,1.1223679664596633,1.9206120847956785,1.2335205668000468,0.5975253666212387,1.4751854002303904,0.5605109153202141,0.547781597271858,0.3332494354343109,24.26635867463522,41.6217117916151,36.71890982544259,122.54136489202988,121.16763937086068,66.22443824155765,121.64667767859066,1
0.5524758717089772,0.599376882384677,1.4823054021252262,1.51043742822705,1.5396862838631429,1.4617084004576761,2.4793091123070554,2.4758455166408204,1.4599524124603205,1.8340196205095531,1.3212385945868288,0.7605876360190108,0.7000364318732709,0.7424517342030091,0.21357199462881304,0.21164566651196048,101.21143279799712,134.26075216398254,52.669751025427644,165.43514222397255,167.26411699570565,90.64743010861693,105.46307985562683,1
1.068686109781505,1.2004581390416817,1.1896918195018382,1.1841233165406049,1.526846452387518,1.6732873952893055,2.1356040931392455,2.0364168183072233,1.6164697365347476,1.6259146422590296,0.5828379440068745,0.41751069155005915,0.4239836079436063,0.5575113328173976,0.2541472807456992,0.28457193408839465,70.57832530721006,69.60205558400366,40.822720363212916,94.65717539589035,94.51772024918263,128.94964782555894,130.14970844719855,1
0.7643069089020047,0.7464896292599581,1.6838424516703823,1.6952609775400191,1.199916934307097,1.1146414500750803,2.5643367291780166,2.446349166357983,1.198693333033233,1.2730487257925318,0.9083218778640385,0.3518520708498686,0.95914596639084,0.27185935433528935,0.9328564205301296,1.0066582472750736,51.04246919395508,47.57771875038912,23.866392578414604,157.13597556650842,167.88221424747508,109.293836496869,94.37555379681939,1
0.5862998275142268,1.0209839738125364,1.4745563742660919,1.490080611056292,1.2215386833388506,1.5319504964486406,2.481682306260975,2.4842429849961407,1.448597130850558,1.2751284142234756,0.2895371648886894,0.23037466895186776,0.40855681218396395,0.242985426740061,0.4018478116593609,0.53819888187867,53.10291767843167,43.393073243126395,16.836260014557894,174.59215606493282,172.90303240300045,92.7002086630444,73.44160642874971,1
0.6514373386968133,0.829246562843666,1.410548658347087,1.1623554707768038,1.5758372268853365,1.1986646543272435,2.471174656561453,2.0865083300861476,1.1718433176503456,1.782777722147056,1.141280445969359,0.818110988007013,0.6519370823726011,0.7436200852342957,0.32006642228406196,0.2683247648372507,50.93471868905317,87.67894532349992,60.2877890252717,150.45917412373635,145.92263807751863,108.34385877015026,93.67236573330226,1
0.6473020552617155,0.20263018291070492,1.4941829530055388,1.464891987038682,1.2572741438189312,0.8727231963758655,2.4485072166444373,2.479706889297456,0.945281366386667,1.444157220299903,0.9545814288638009,0.3670474638372871,1.0419125674084477,0.5422848279142992,0.5096374408594236,0.2962979189943539,17.9515509720833,54.013684702864296,26.350409755780785,154.43451206536477,163.41020481885502,31.35139042565602,79.04998253310225,1
0.8319003295734231,1.1821880298747014,0.9347599410960469,0.8594120951950059,1.397514163042792,1.7474033966315947,1.9171543717399997,1.87285149866387,1.7169486690196678,1.496229672321616,0.6603444830598654,0.16819612823594066,0.7879626243172789,0.2010556506691522,0.3649737192341308,0.6358834741270604,69.11712066787356,61.94104751848595,11.918340795489856,58.10103445420898,62.26708044275667,119.25411134280964,113.19518968043629,1
1.5582806151835704,1.3075740169105867,1.0494026044038751,1.0258253126968342,1.6386914611577645,1.4333160420401,2.013371460034422,2.005934962795298,1.5860347685637572,1.52641518259075,0.5461027095811127,0.22660040826751865,0.36650557709774717,0.16439536925102446,0.9759157312853621,0.788701205939097,50.94152952729727,55.84644567194687,12.651834430257859,96.76113118585947,102.35278768844843,134.91445228043835,141.44688478931542,1
1.117698937678066,1.2297221109373848,1.6087244721310123,1.6253044883330112,1.4630785501457482,1.5290048230669862,2.6455479323614997,2.581231877226612,1.621326530465451,1.4371566591808491,0.6402851941519976,0.16451806230877875,0.5368653059017594,0.1316713412342924,0.553697616324987,0.6220475959568069,74.01853836658104,74.04861199242004,11.578489411414807,151.4305210134204,156.4894062381124,148.72672601082905,149.75786103605313,1
1.3344615540912903,1.583926676666567,1.582530355333031,1.572303973392688,1.4909444283110114,1.7034051078832964,2.528274829859865,2.53497966914471,1.6817145183011353,1.5982580713418095,0.5916104166459639,0.3301527279981925,0.5176127185520697,0.2939858177513008,0.5071735812989175,0.6173501237085471,42.55084022709095,36.11667248775405,23.363361343263794,162.11519445871494,150.74338793555629,111.69964276860554,95.58591525461533,1
0.7734758165746817,0.987779569610785,1.0710756042895777,1.0186313334817287,1.1638020290560085,1.2030660749597473,2.0053031833362964,1.7940716998035573,1.4995838822230239,1.1078939749623458,0.922737975922069,0.6449549838112364,0.9304397754770383,0.583333635126288,0.6766741194931,0.885230069910111,43.721576323063694,27.587245816656694,41.623518417615784,159.1417381839918,154.10508927664438,109.92170168900918,81.78044806050421,1
0.927008459303983,0.7826124422945886,1.6277105701344978,1.536491489746695,0.35121328665826534,1.0672641555187488,2.5272781538134974,2.604658033918505,1.04723215052305,0.43493143182030725,0.634433193529184,0.1192909487820062,0.8559425968135245,0.3027227234275864,0.8544540000558105,0.6242878594786141,29.4742948467388,15.39311749862052,9.005301165609424,169.7720286008587,162.98165410550288,73.62966708923794,146.69073968741975,1
0.6950359152717056,0.7600112137789844,1.4876010191484696,1.3776903151497142,1.1162996063432675,1.2565521121923686,2.4405021887636122,2.3272569097019393,1.2683021636778673,1.2412531293595437,0.8088337543971098,0.32832673306950894,0.7750999812378496,0.2686238269538491,0.6842702181185131,0.677845605399566,49.466974086736315,40.94854942649142,17.25536909672303,155.86222546258406,151.1034176165583,97.40562382376065,89.01475790825576,1
1.0957740746587863,1.2977355441194365,1.4151221823182702,1.3691556308002706,1.656572846738429,1.6119119925192313,2.450819855615771,2.34071038781367,1.6921668291896523,1.670114383020064,0.7582473275520647,0.49160436569267524,0.5869851926168151,0.4866089648472312,0.46585596588618833,0.6561405957653323,49.431325842760906,58.427156642694754,42.97758541003067,136.92720995202282,151.26977528331943,104.08918661208735,88.47549108740587,1
0.813039703087045,1.1803324777399855,1.2901718231091652,1.4456810485063956,1.3033861331827123,1.6478702198604542,2.236309911554541,2.417947735679371,1.8414954912972936,1.2140212035499278,0.6446902923827491,0.44144278079657373,0.7478948661450031,0.4868659883831971,0.6288943107925095,0.8792098456426904,71.2719317704618,55.811302112851116,29.15885091457783,162.84703798222264,168.1622465864229,134.90945724450904,120.93009921017556,1
0.7645237978895857,0.954301609530966,0.8810133853477025,0.8965613405356979,1.30126657903337,0.843282313609388,1.7082603966404752,1.7363100993393326,0.7020749802406787,1.1525041006720078,0.7995757598225982,1.0279295648578985,0.6651523911408989,0.6290668969373682,0.5829465587333734,0.1997737025930684,9.22805411338811,25.908199820821082,57.30111323825871,81.62768714825118,53.038947461298825,110.03298691002475,80.42877983683644,1
1.0951282604015284,0.6839658323386123,0.7248373058908283,0.6450660387476385,1.3556043012716903,0.48833884922103793,1.6542557118636971,1.5256058597597812,0.9393687416099809,2.076922498056589,2.0553176668357254,1.0998260269727247,1.9104520187406666,0.41478280427452224,0.46830777321489775,0.26795633943674624,24.340537629559385,69.74890857866346,81.07453923551326,85.60919095729788,46.35795070889037,91.12030384758802,126.10768933250469,1
0.707534769595342,0.9808582858403788,1.4279478419204785,1.4741465147575643,1.6153985800971855,1.7820401389448075,2.417363290887354,2.468447634874125,1.8398371642940532,1.695064613559846,0.9781037282361624,0.2896532503499363,1.113954743892582,0.2655281385483089,0.23716512510420518,0.2932584514252599,85.54740596860022,84.03131963392936,21.703217815136046,160.7291438085068,149.5990168084192,104.08246761110316,87.3265722850704,1
0.8734132197760527,0.637514173576893,0.8432508844400283,0.914435777519208,1.2648126930224821,1.3306002337449785,1.54754704555477,1.62051185871548,1.899808336127869,1.1691551075439517,1.557898383354942,0.7351926134077629,0.9586287942973167,0.7009900543243465,0.7862111703223281,0.8134286852553686,58.5287072061956,37.522767862141315,78.65543962954229,124.07359227180952,132.78117739006396,66.78111234043016,91.96774581772227,1
0.65713127376164,0.7849518197967564,1.3343499307510251,1.3475614797786755,0.8352458171921276,0.5011606454099012,2.186296633973859,2.165337303805926,0.66441430259051,1.0361065670655003,0.89913336028266,0.3922184709326233,0.8054390926286037,0.3454151486391335,0.6858370934619058,0.7330049388178146,16.840415216590383,36.49118939300769,25.06901150069262,135.96273054853972,125.9552710358144,138.1767012267674,71.44799925694655,1
0.6623586078547138,0.7719567785762027,1.6375501304495028,1.4384430806690318,1.0042751189614811,1.0316281217040955,2.4790980821322677,2.1400647822539547,1.1401258828854228,1.1052718571814137,0.8422533063203437,0.8247798897621457,0.9098863338374954,0.629726776095303,0.9203818774626755,0.9378104326055168,35.973584079526084,29.985593400590634,42.34070155575808,112.82812514949978,137.91746653359635,92.73361900142969,80.96542794519029,1
1.0012264405112328,0.9728580639124583,1.4086028820363778,1.4516954397170234,1.4783295884393857,1.5101146057880563,2.3855675360125157,2.367929642737897,1.6429544537654994,1.43242482021972,0.776667746080841,0.27512427992153415,0.6423941191075655,0.2589947070113622,0.7720774498647182,0.8232824904510995,70.38710145930136,66.40507273189998,15.873745266653415,148.60992596916032,151.01670915287454,117.98895254712392,120.98142061589887,1
0.8329056748761161,0.9009161694002569,1.641829258634851,1.6253967223789008,1.1579109867048538,0.5184972628048461,2.5026973794864924,2.3408656671431745,0.8060951568422252,1.1744339269291126,0.9244148746842751,0.3888762627137512,0.9675864815901986,0.41769842797094847,0.9941786706769591,0.9656228347843239,27.634860970308573,39.34247360023135,17.220922622686874,170.67667209779563,162.2982002820694,153.03022724219005,102.0226331972099,1
0.7410738642968119,0.941556380835369,1.5724454540083381,1.5360305805203258,1.2917149551559388,1.4020824637584217,2.5845080013496946,2.5064317809276475,1.415661350447594,1.381201971245485,0.8663163397489574,0.2245308618834385,0.8725158412554314,0.21052789442322048,0.576258432114752,0.7085441785141606,53.3953004170514,47.8715130468236,15.147761538340454,171.7235394476017,173.45183113799987,103.15701954149247,88.55394250499873,1
0.7679197735203516,0.8677081889381013,1.1262294410450275,1.3230610295615466,1.730298267303187,1.904914673217253,2.0379176136134385,2.3358535913328247,2.475559404374026,1.6472796729643708,1.7756650470385251,0.49899920449902785,1.6710797546544292,0.28246168753818224,0.5066506976091895,0.4632612662367297,160.53783281379071,119.45607341983545,40.46771904326677,158.9273727462763,149.8116334368416,168.26011316107102,101.63789797255934,1
0.8620367102262054,0.7258659095964799,0.811770944749112,1.4151243705404934,0.7916875191736525,1.4107560842140088,1.772195310384159,2.409292566570744,1.7902569061558202,1.500035329584935,1.9200974564075795,0.8991712897174625,2.366217688730583,1.2646040752451408,0.5466419868309254,0.5765655386577254,61.24791765465997,66.86487933926654,79.20478216742956,142.39249918834068,85.17632695058582,89.15156025871121,136.35855128102395,1
0.7744814224186708,0.5925904456994926,1.7722108342971312,2.6271814490480465,0.2615351301280347,0.7539928168013232,2.667631420458503,3.6475064622738707,1.1011847755905178,0.36579753275133686,0.9727535942104687,0.537783525225649,1.0694526210017912,0.7294263750490546,0.809176972764576,0.9522730163482988,62.261634432048425,4.6278623270040065,19.249107329932723,132.5606277817906,141.85595221394146,117.1573230986007,146.27044361524258,1
0.7350599017764234,0.45101257020505237,1.1683752676055164,1.2075326227426857,1.129045817970716,0.8682354779809905,2.20698843936499,2.151010774517486,1.354518935437996,1.1118176484728572,1.2420215892730502,0.9171489694738948,0.7740064153846948,0.8020072049690888,0.35061335491462714,0.42063085362974467,35.473446801875056,30.429219828404587,70.23224051373718,150.34549079218752,122.22637160943532,73.79755071795202,95.62164484886078,1
0.517339022076604,0.6529275271821886,1.1124313969966069,1.0684053571844028,1.1859015594524194,1.2638282476873652,2.1048677115747743,2.0805423834767263,1.3447895645031145,1.2182505364089622,0.8431628877575548,0.30172620523137217,0.8234618298515811,0.17859736550965902,0.2419371393169864,0.31700866424099,47.86472463791137,47.67257047579912,21.770739803604915,114.72413415924595,117.09749794052311,84.74187196057369,69.34728783317159,1
0.3990241391749071,0.7174859863031503,0.9934766371100329,1.131727042988386,1.261191820946033,1.516142540248863,1.979322194708721,2.1396369231500314,1.4527939926891391,1.4055515518975987,0.9377110478789458,0.6264315298958232,1.152958758263672,1.0079555312077497,0.2952853738333929,0.26422818656139563,59.1798444736235,50.81896938914556,41.84739959399874,92.97577849485042,93.24806775710151,81.12952052534602,54.790242999312376,1
1.184259798688225,0.9772275626047586,1.5704444525732824,1.6148288296420328,0.8283976843093239,0.8543137788328234,2.556906259352204,2.6087806629785417,0.9842858234298183,0.7583475263495773,0.5071108549675125,0.4886835921746422,0.2569406030339017,0.35065645955212665,0.7241499034122171,0.6738461281574913,17.747911854777062,8.510752751215266,20.76410238159237,113.56582054686658,113.74437082633673,105.3096729533581,110.51447807511796,1
0.6619701443021375,0.8563848646788041,1.420293835568603,1.4726961383372403,1.4256556994342702,1.5914791642389408,2.3603039592790136,2.4162274129167542,1.6797374840284505,1.4521488577018196,0.8410547795097372,0.2711773737473442,0.8619316896133099,0.2744244029575761,0.1753374774651812,0.17503984486572596,68.2064458787997,51.20877738395975,20.16751314001922,115.81785255031548,111.27166774912286,94.46772633664695,75.16235128693903,1
0.5283637892380998,0.47423132226374015,1.3333019561314852,1.5364345924824918,1.30764313138344,1.3124234844357914,2.3185906203841777,2.4948486164211,1.349662012611264,1.3646359780078103,0.9755811802246023,0.2528603723035187,0.953112658567715,0.30765721953292396,0.38603532098222393,0.49787081040514286,64.22241443662146,72.50337741205698,13.188031423846883,170.30444538253852,167.19586673114821,67.95475351691363,75.54452890066732,1
1.4065267181663546,1.565907344389107,1.4987481018211863,1.5423367917179793,1.4871966285312974,1.801032006560717,2.4704164686086805,2.455532630187375,1.8839851708141429,1.4595555888367975,0.5417714234738273,0.3425845774753214,0.5632560171291823,0.2875719995593511,0.4726346977037304,0.579078869380274,65.12341412512922,44.39171802713281,22.01035214796189,106.72111526678518,100.8432914446125,140.48105981477863,125.64008620700218,1
1.5122644851246025,1.3451559562466877,1.8499776335980023,2.0723331473286537,1.710291192309995,1.5104124439355393,2.6694277272635905,2.83153200203755,1.5573739878583897,1.6892916584583442,0.40135894296837327,0.28534877862625596,0.2810191195835603,0.36981798181974773,1.420834612483895,1.4627061347257362,55.696554441170626,67.98164898461899,14.531798856519737,178.4193497875885,178.2613280542513,137.80683564924425,153.95035284168503,1
0.5714658746250655,0.6070990056049921,1.1816090857042272,1.223432592207867,0.8969605853044443,0.8377033789349114,2.2016491891517633,2.1220517552968756,0.9646844286881197,0.9535092178299093,0.7164207226551458,0.424784271490996,0.8044377594877802,0.45632354263150376,0.46088667554430235,0.5884277649134713,22.84199386454503,22.674235973497186,31.053434522984737,166.98603961077066,156.62352122337222,72.31024390395214,64.52902195825888,1
0.4382623702388383,0.8319092937645398,1.5127387316976384,1.45022961045404,1.1864953545139023,0.7684327074668048,2.5803712521119704,2.3641770681416197,1.355897997941579,1.3389920405504503,1.4927312094214436,0.6223794073593747,1.494425215817702,0.6716666630867308,0.23811162670283023,0.7189010276024373,46.6613386128642,36.702116459960486,42.09317821073684,166.74354102151028,169.69806503027084,156.11138475372766,49.098780300042684,1
0.8880727347857185,1.5844028042087084,1.3847032993106831,1.5409691153143892,1.5105701941506111,2.1241856756644895,2.341192525114014,2.5894201299439956,2.7468200331396875,2.1038334922524475,2.5416679165616465,0.8370727649720436,3.5794764946511797,0.8651665860761387,0.5432466139270475,1.0002260304715573,89.32542439989655,78.56257482687155,59.8135094648111,144.96095861360698,150.04335750012916,147.56214908909624,107.5407065531247,1
0.822847834706396,1.0164779572320246,1.3871274782212293,1.3627812265637689,1.1381464379410002,1.2739100693887533,2.399748016365697,2.3438657332398054,1.4208853050414862,1.1161004726991268,0.7481719987452441,0.2217443148303974,0.7553867574618425,0.21302847359946464,0.5395488205149713,0.7028996067926256,47.308450260847025,34.00316857319094,16.994430305462444,172.72186785185212,171.86454262518544,114.3736845321239,99.52578361259528,1
1.504196250537058,1.3497450821688841,1.2577697744539884,1.2606240797780564,2.0478979289676915,2.021950910942858,2.2322061877846395,2.27564459448887,1.9182954452249525,2.210266803774572,0.6741061537823599,0.41475502026344735,0.6888165144510203,0.5763502551667504,0.8019826928706452,0.5276373169838577,88.14655268588226,86.33898954115523,36.29545989907864,104.16085813486855,104.10728318069509,127.6347970755904,136.92862964302392,1
0.8723478442380286,0.9139082127277908,1.4956548575262119,1.4333781227945424,1.017464726030436,1.0167884231802082,2.4596123420210945,2.398526386918688,1.1275661725908073,1.0164164199226868,0.7802122940242584,0.19809333420935787,0.6175346643169537,0.1548393543216688,0.7810289355696672,0.7552680770550194,33.14419721429025,25.630874223948776,13.729695367537834,175.03958790625535,176.76145446652035,97.17030621797923,89.71647063439431,1
1.0127398180756584,1.3449010911888246,1.665972010157637,1.6669340161573303,1.2175543447579675,1.2712672311027395,2.5611879980485415,2.4980551120192813,1.183880979310819,1.3639052712762505,0.6979100851140111,0.26482827843567186,0.5915479474685403,0.20162375705426466,0.30514644450006223,0.4844148605721655,20.510634966354086,34.60382473722584,18.23436320535171,142.93424634097386,143.38170831732242,105.88739999910614,98.13593005950358,1
2.0340038382068477,1.9635308944976517,2.6824667904841184,3.0350271319946156,1.4792325764407963,1.219581796004721,3.485012850917765,4.023963454724238,1.125380561300933,1.6407368272863374,0.8124010187753062,0.39874312430248443,0.5167702093336308,0.3418145042883628,1.9959905661256234,2.043582233825878,25.050888229625897,35.66073029040236,15.750551030151591,168.41659804813642,168.5292115797956,153.18049368669224,166.09077973803224,1
0.7735117905258964,0.6974382684034076,1.3461218734570646,1.3258492041602148,1.72998743309565,1.727526476852068,2.269237894846466,2.325390583370305,1.9578361774761097,1.5217837945384167,0.4958479444082715,0.19032256191136973,0.3352732871251216,0.21578738598868477,0.39168685943218706,0.38842517224831136,159.38456015377366,153.06115342836392,13.500877370307924,169.8085177683019,173.40116225185074,161.00679706168154,132.23127144768299,1
0.8971354698906656,0.5966990207398972,1.0936457287758088,0.9703569001168793,0.9974090923429901,1.2033563312228173,1.883138441745102,1.9974394460965001,1.240476456331998,1.170818060597963,0.7641616556253286,0.5963405657193669,0.9791503440619065,0.5092866878964969,0.7009327173227573,0.32708985986221956,37.22630511380938,32.1831554173021,52.90126353593396,115.35498792531509,154.70250443847198,78.0758479118062,112.66442514115732,1
0.6097514383590664,0.4990205272108115,1.526406811922676,1.5070094338765787,1.3317322899280373,1.4015990715814832,2.436868508437173,2.457771839572354,1.5192923419688762,1.3444023952216073,0.9121450699472606,0.14083943797926982,1.1463920111212744,0.24588136526546833,0.7226027258779043,0.2909608772426963,67.37778434051728,53.32852092568072,11.683526461975699,146.98356976895303,131.04605963263737,63.66073481039688,88.81004933683411,1
1.2017996677905687,0.8846197344260577,1.301353933649273,1.3890276061378233,0.2765768176523714,0.33089689457728194,2.2322926448118503,2.4321539328356234,0.48335889264332005,0.47652136165897435,0.568924005306737,0.25609956051313426,0.749496314797827,0.15476562192684057,0.7812160813175244,0.5768615952500687,13.978155258421241,8.455331948318184,5.829256372244726,124.17873730551905,114.9222898391927,151.56306540167444,170.3688352383732,1
1.0302260613773884,1.1690533770002938,1.1501391557032226,1.2654994605322085,1.4356625918193016,1.4169399699245582,1.8162763808104998,1.9063201044520952,1.6293349481500634,1.4225472882783528,1.0292641679241836,0.6085101958388913,0.9349528519682808,0.43310506386277775,0.30043840848499875,0.22656479178343136,32.87085161916213,37.07355297461409,72.10286902413068,124.49384404409633,98.40790128048373,83.07601064869523,74.56859027395966,1
1.0118611120355825,1.0362550708415446,1.2404227324795085,1.1780053511518715,1.4817931212937405,1.5100000995440985,2.2429983143598546,2.1680912556574654,1.66590817593195,1.4412773739261435,0.8084026784640685,0.35018147959488416,0.9114159873888952,0.3270738901041756,0.4119258889669612,0.5105403705724311,59.292024160675986,56.85454005313592,26.66141706280113,110.06038834033762,120.34376087142081,114.24404222195511,110.16347405465307,1
0.7398767789241116,0.8903958217539134,1.577407113061705,1.3899918999976704,0.9839433773165657,0.9853039560860052,2.543491965727907,2.3175890960861003,1.0033258578389699,1.0461032206671663,0.5761110128707363,0.26652490316158645,0.6175011096900658,0.3902590818792927,0.7835888824395687,0.7344049595368953,25.124070185546906,25.92759595631592,16.77130883835208,170.38257433460234,168.7104698563523,98.4559066689762,92.57340264193307,1
0.9734422898529695,1.2480661590595787,1.4994634271180578,1.545098050319935,1.4213662928043467,1.7719705521606144,2.4446151913050533,2.5664064802898277,1.7770329912795855,1.4914137953815307,0.7538723556123998,0.24233354517437963,0.7254639690326133,0.32966433755963487,0.3691719946943089,0.5107451144578105,66.87668777647775,50.829396085828606,17.95568169512834,139.70215835296264,137.1695997652344,115.64493911256584,102.31192443650937,1
0.38107733592729165,0.412543287686049,1.4640052236338552,1.4447738898407223,1.3758792324098759,0.684546727901614,2.4869187742176484,2.4208340355025793,0.6621649861261795,1.4113245172902307,0.3654333849644078,0.12236513046623801,0.8314942129878752,0.1589609007544122,0.0917049329289701,0.436695264008455,24.948614790934588,67.63045863748816,9.639902279528595,164.86328790283693,157.60144379514028,128.52186145184675,59.58440979159822,1
0.8215664351478221,1.104752143695677,1.3559730941359014,1.4043048333293646,1.3634059948699089,1.4717193589324844,2.3780235029239485,2.352536222874335,1.6705154550708465,1.3537964279531893,0.7995577250495438,0.4232774452596381,0.877319316439514,0.43256617312588874,0.5573621641594244,0.7666540431038884,68.71577483824038,64.52632796969002,26.766119362347425,164.24674078367468,162.00445981821503,137.58409812824513,122.7386034345215,1
0.8889838569547368,1.218154497598722,1.3561433670706549,1.6136918997590288,1.2869488232934843,1.552498218961622,2.294492782105151,2.377746071416433,2.0651373939460664,1.1371292883444828,1.2258352144300155,0.8801673579421658,1.2492584759832708,0.9924164995542417,0.7953996299489999,1.217217302772098,64.34130031278912,39.62459167383256,46.02276524408053,155.76193685863134,153.61538909227724,124.19014713610093,102.14202341523206,1
0.829626145551433,1.0503031143426587,1.5059466185722128,1.9448763200794803,1.4164621026729367,1.5285375211446908,2.2119894257375066,2.50105662053882,1.4288106696152032,1.5318797495836125,0.4520766438528537,0.24627200792013348,0.0953235353873342,0.24280820189280214,1.06089718453867,1.4306001287405932,86.5773450046815,82.8311446213994,7.840476023378156,173.38214356638997,162.04379081764577,161.09942123015935,138.79340204894947,1
0.6345521476466282,0.9269660092344908,1.4576738079049252,1.4011021708654594,0.9509752883305831,1.0572751996168448,2.4808126071089234,2.382480028807184,1.2240590431801857,1.0939450962445358,0.9554056024432037,0.341603530941658,1.0519348137662377,0.29857152550935173,0.4456527676354546,0.6228236342404472,33.98095336019095,31.94689047329958,22.93273390769515,177.24794895758848,175.90512823361323,100.36330370640367,82.54083517325773,1
0.7753531897496012,0.750339731720803,1.8595902451734605,1.7729726611376522,1.3054967422394566,1.2208508897244574,2.668800885471034,2.542885922598464,1.3350022004162663,1.3205618489452111,0.880169105615465,0.2747173950557946,0.7204797777600822,0.16659171006500362,1.0823770560999542,1.0256048887778868,50.47495419311189,50.714289592795915,14.87973344865301,168.02646016926525,162.32105895282947,94.39751577541247,93.53785507623881,1
1.4501350866880054,1.1554565018079745,0.44326424902558464,0.7204405107759403,1.4377329634560487,1.1985260743535173,0.9006200178135424,1.3481354377181962,1.3204565850778998,1.5024768415068892,1.0558396039941815,0.5557102323626145,1.1297819642786717,0.4129915632612474,0.9276182066388576,0.8707540189341766,46.69773343877328,50.13032122136935,72.55303030405824,118.37792588882033,122.70146816559027,121.25564407551717,130.09107317038888,1
0.47039099954191405,0.43195497374378206,0.6255458068438429,0.7065764229128011,1.4895025404032127,1.3868113147832983,1.6194446406822631,1.5704589285501003,1.3818918230052701,1.529876062473046,0.4311643672425589,0.5562331610404222,0.2597967417173048,0.43089045893025996,0.49585170551532487,0.5252772944896542,136.73781469465263,120.72271433934561,35.60833756391095,33.42421302049223,59.6145175283051,116.43193705945234,121.81200828885534,1
0.4994697028823693,1.0382215583595105,1.15064433766298,1.2018810058314915,1.2550693258617849,1.5266186581232521,2.0860985036258217,2.1913657925490506,1.249262114790444,1.4951874011476203,0.9464321253537185,0.9845934163649326,0.08873282366807114,0.7934497429114409,0.13968864032224576,0.4468741124024724,74.40140557986386,69.35927413034105,60.44800832228213,115.24411851729107,126.26906743895881,110.09810069180216,77.0596091110921,1
1.43596879459009,0.6146562340822387,1.4510023069297826,1.3813086960741225,2.037828731498968,1.0936683140648547,2.503958493187664,2.3202241221553113,1.68394193609175,2.7557516604217787,2.3464876418583733,0.8883076039107447,3.101830880326363,0.9293552864692723,0.7834152418300986,0.5690392972894326,69.36992213857414,86.67228443194986,67.38872136693733,174.61116582454747,174.43793451622872,122.13320202938489,132.88492116460233,1
0.8974847396273481,1.0633882416512193,0.8577959497695995,0.9235093227901062,1.0829556789131116,1.129921292583129,1.7974623128783391,1.8460391370398204,1.0199883618121894,1.2747161363432171,0.5605082587416891,0.28041555054913114,0.479199887461892,0.3425561925188721,0.2113247605662507,0.2652909319771119,27.201790072725036,25.107056213478565,21.433649081299183,65.84982303499469,69.2187548516665,107.25013357228597,93.49723233395802,1
1.4203911843811348,1.3844698859552327,1.160106488763742,1.302603710180372,1.8039598069893905,1.7465191880290427,2.1478664188631633,2.2167986787232463,1.762753838012467,1.8296024691069497,0.5065263724236322,0.23764313078167984,0.3784308394814224,0.45505311203901266,0.8296302046697402,1.040459781413068,77.60238296672416,83.79184497648046,15.217919016372088,129.9568386259214,112.25083484999887,151.50685489240675,156.47641037754644,1
0.6692766455746569,1.003309707389432,0.9881634527275852,0.9344177869790821,0.8749523334227242,1.2089703657330262,2.0404938258420144,1.889818699557975,1.6174225717034592,1.174182233398631,1.5254167395798806,0.6889037175293397,1.3248803131650566,0.6671054260478184,0.2292879579945919,0.5493548316908339,42.61337731525079,22.871993751169896,53.96936297008994,86.87913887127995,94.70351376256303,102.01127002679551,82.01450088351524,1
1.0645432781039204,0.9970131056769301,1.648548561229953,1.5720728952565788,1.265480671714791,1.2195746248442305,2.574999983240382,2.542172396642802,1.301695223767289,1.2797741091700776,0.6096579550159601,0.32613604366729265,0.49888317762415596,0.20511772407991327,0.4013597749795905,0.41626958318198776,31.942199391704058,34.88429642696719,20.083647756607743,124.18692435330233,120.22735554035827,93.81028472714387,100.38733065987044,1
2.440169621585438,2.5062662262860727,0.9846186202961463,1.0353228393715899,1.9875524711263748,1.8351434229464052,1.8396688380461432,2.0407563473278554,2.023096989565721,2.346817749989112,1.8543904631820027,0.7692893495797727,1.86211979379816,0.4568244131556371,0.8916065422482072,1.1440888638728337,33.58506109758528,51.26332177909427,24.66644023538356,34.96547902489587,41.25581365868466,154.78766227594843,144.11801180893434,1
0.8748185455181146,0.4656019692834344,1.3696808799953537,1.4015266617174909,0.23282668479813864,1.2575562549482178,2.30941254446902,2.4230324965729073,1.5747731983828306,0.7735051530636876,1.5120176588399927,0.5616881727783662,1.662591391934929,0.5906538131477556,0.6666104906893595,0.1888116259956748,54.86108215242328,29.650685502903222,37.94182096099319,132.7828076557059,131.61688712069005,49.741608666112406,135.51874478099955,1
0.3388071523504568,0.6905377040657382,1.7634503023313077,1.2261800356607833,1.1663190837591912,1.7366007091791862,2.723970623240294,2.2456809427942144,2.183674571817932,1.3839008849260666,1.8632102214960689,0.8497565129986409,1.901385633536295,1.155676933885858,0.4218720113789106,0.4562953830935778,141.91437378080542,98.50851651480828,54.15678249347839,140.52551101565646,173.07005863491923,138.38864660694264,62.9966369219406,1
0.9377866740283546,0.8625971391573711,2.01605140942872,2.2539647178378974,1.1165818908851142,1.0737637645475764,2.7595438490150093,2.858794603403268,1.0880458168185057,1.2406831057120238,0.8161850580434855,0.3317890723445589,0.6691038218585853,0.21088563297177884,1.2730902746925772,1.40058632075229,37.72534506930706,44.461250496471074,14.04199681889419,151.55798271078908,145.0597577160389,100.51527289702126,111.6492522395155,1
0.44024657628267866,0.2939643573224168,0.8522605901720914,1.0167516109769497,1.3311467668882278,1.161808625032,1.8550956272823627,1.9510838362911294,1.620207796065639,1.2642090629037865,1.056139299325754,0.9466296103755617,1.0194553920499845,0.802577257732303,0.2722105991426021,0.26377867559970497,66.3290270434578,67.54781518939382,73.86315877482623,108.27325218658076,92.96233829812998,56.58348616383095,87.92537193995317,1
1.242142630969108,1.4566848146160594,0.9693368319086105,0.723395512148921,2.050877299357242,2.0462166497476892,1.9804863579921423,1.6791838940855637,1.7638113897142675,2.3652431341116,0.7813029312986316,0.6826160520403359,0.4033367598366287,0.41808302723761503,0.6083429713208929,0.731893701113575,91.99460479629924,112.07586828295769,63.69790077697208,47.676452900397095,84.70854962472163,140.7039126433473,143.44019894607436,1
0.1329885690447289,0.4788723607681959,0.7648837065515872,0.6222587675283201,1.0563669977481351,1.4228024416476133,1.3717169954830024,1.4444955505219543,1.4008704363737212,1.128326042681105,0.6868683784199564,0.376963410548942,0.6889992924016003,0.4360130826620905,0.5841279871000391,0.6959820447957985,72.16924322972402,47.63459366443371,20.838109025975267,52.11970171902362,56.75504969186347,74.65259497563112,27.279449504130934,1
0.608526930569226,0.8754550130637304,1.6568890479290381,1.3444822092612494,0.9512226640300677,1.049919025989009,2.6797514211312654,2.2780373166622487,1.0508699142644529,1.016027694499419,0.6872856311653222,0.39334462488371535,0.7181285672123716,0.5812741447566936,0.6746683117156888,0.6743971169056852,27.954196019012734,25.040305254180193,23.878550874204805,167.05570436733794,172.2128829153344,92.47198974485467,76.54892143407419,1
0.7476284386677033,1.2583411762171277,2.7221478146603717,2.5650014110503285,1.041093349835704,1.2721269565827373,3.60619355220284,3.3071522078370066,1.2541366196872747,1.120899814254099,0.6529554390718878,0.3245320827147299,0.7904425201731663,0.41768949010643364,1.3571225512040697,1.641464742483315,41.93589547543034,36.331831761246306,11.273422050128643,146.04299977711685,155.32647188554748,129.83218276760837,105.7610926866183,1
1.5476226372493904,1.3797757298836228,1.3750539915065825,1.4331692750751148,1.6547102569212153,1.5839337887045335,2.3223577704162857,2.437321944267087,1.8246057965458928,1.4743581347194927,0.5229112439878296,0.24083136190776225,0.5067643990590179,0.23579005150698862,0.7301319947008729,0.5859421897792263,39.14484640593116,43.75996903404819,17.74945492899659,111.7363368610313,108.48382975415119,102.66269385067305,117.26367976045645,1
1.141880473294854,1.0999362417785534,1.5368671903244036,1.531213752247735,1.1428284204553263,1.121551654539875,2.4818637951485503,2.4645219774906106,1.1011860772132727,1.242363787434405,0.6232339983135852,0.12258140845766488,0.5689423313285563,0.09774542048140968,0.46855201548145653,0.4760968120662533,26.32646196462076,28.451249309702476,8.878315851448875,153.52404040833136,155.37642962021408,104.09044257811398,107.95480906480076,1
0.7268370537109567,0.7679295378535739,1.3619175017721092,1.4042171908801364,1.019563102228046,1.0929684610402075,2.387613243143987,2.3770765602188457,1.1610722381862129,1.060899130893654,0.6645798847250135,0.3618376838190883,0.6077043210770817,0.30011969134315114,0.4181834477451442,0.5111034465067855,32.32398776425029,20.781711484942395,29.271316538563763,168.61142439917543,169.86871070745087,87.57580446264234,76.26671409539253,1
1.5201823461647381,1.4953690196591614,1.3643664996645533,1.4736661836827518,1.706370065785024,1.6875233630628133,2.362419842861683,2.46389394945732,1.6917671644054872,1.738718252112319,0.4776715697523287,0.3850707539690842,0.2986534196998659,0.28573759119701153,0.7712268407437823,0.6672212181875176,49.143650364557125,51.1163409133601,23.68621258090512,117.98395632838066,98.1339415386872,117.62403653252645,120.50070257645636,1
