left_shoulder_left_wrist,right_shoulder_right_wrist,left_hip_left_ankle,right_hip_right_ankle,left_hip_left_wrist,right_hip_right_wrist,left_shoulder_left_ankle,right_shoulder_right_ankle,left_hip_right_wrist,right_hip_left_wrist,left_elbow_right_elbow,left_knee_right_knee,left_wrist_right_wrist,left_ankle_right_ankle,left_hip_avg_left_wrist_left_ankle,right_hip_avg_right_wrist_right_ankle,right_elbow_right_shoulder_right_hip,left_elbow_left_shoulder_left_hip,right_knee_mid_hip_left_knee,right_hip_right_knee_right_ankle,left_hip_left_knee_left_ankle,right_wrist_right_elbow_right_shoulder,left_wrist_left_elbow_left_shoulder,pose
0.3888077367816482,0.421585547964756,1.7195126448808968,1.744032385561525,0.8745949062824446,0.8477641006691743,2.7007998699723044,2.7441099964788966,0.8699137501571715,0.9408839665417882,0.6373086012919358,0.12662787950644006,0.6401512139953502,0.12051172942112412,0.558159845900592,0.5871668321097102,37.53773210737828,40.89141245523177,8.7502073739687,176.88164587595784,178.34427508978666,83.98815744024834,68.67561386942369,0
0.35195198802300093,0.4308731900646017,1.7143377284570012,1.7369941121086638,0.8049354548995534,0.7716215117949505,2.69602818759094,2.7444379876513363,0.7935997090501643,0.8454946379872939,0.49095365717848166,0.09958363322531759,0.525333473106187,0.11282668559237811,0.5378143976987082,0.5797290945388525,31.672620384460405,30.471347811810848,6.657987565083687,178.35898890267282,179.19714777126833,109.6679404914269,84.4750121748624,0
0.9260077523490466,0.7912022859512914,1.5193294732004985,1.4127220873798225,1.1528218385605382,0.968192069582436,2.556714531505623,2.2898145734008875,2.080054696459657,2.300476712581573,2.794098806075724,1.1350273985887835,2.92709868554517,1.1934572898706963,0.4580124985956686,0.7275172893019362,63.300354162526034,69.23654535462047,72.47944727895415,142.75759476069143,152.2497209674991,76.3597852176029,77.63718398829211,0
0.1751291431425027,0.22701409160437167,1.4035293339761425,1.4287055556579782,0.9175464483573089,1.0547292754206286,2.3807288923698433,2.4518034601420147,1.0911612524846592,0.9249323664993303,0.4359857072393351,0.2179606854395618,0.5531504858802765,0.15002840660624425,0.2696163451994827,0.24594534978365232,65.08841698019351,46.63093214036571,18.807691132527793,170.04888468688418,163.4869184888455,96.1798339739372,57.67874132080821,0
0.5037766819868873,0.46888892435982443,1.3548652537690082,1.3115384768862293,0.7930998085589619,0.8523156593218624,2.3348301180035893,2.28535211589692,0.9030951386244597,0.8904367018551855,0.7071893717398667,0.1438658945850345,0.7217904164810961,0.08277397476601381,0.3105075646906809,0.328841060703972,58.569500837079666,38.37573151046657,10.597081681467479,173.26273364695092,174.70298293941514,92.70419211204587,120.7729876148216,0
0.6885148286104839,0.9154305255005462,0.29367521972385546,0.49051580917384696,1.4474066506135375,1.6474698277134279,1.3063811883794678,1.3398089323861553,1.769835254482013,1.4602554359284585,0.892421188637278,0.7355273993855108,0.9143603886705706,0.7002397636682741,0.6572016304802136,0.7124970324551424,114.52902034793995,107.78778741915774,155.8930621346154,116.94912616085864,48.729747728948,154.42300072265925,116.47419544090727,0
1.2492986563055832,1.2673812761432022,1.4367728428170539,1.4045639796538354,1.5347766414831558,1.8281720449092003,2.466304632923391,2.4139367934194964,2.845181838542973,2.51634324778136,3.0290426267379775,0.9923924265289988,4.015895369318803,0.9978278303082807,0.8277669854429889,0.9276276956231426,90.97825527922545,62.28403041934836,68.57607206523474,164.0614364334702,173.21507119339353,112.79080043072923,100.39266512071192,0
0.7318545468403899,1.0426109324219217,1.8052260284036439,1.928282082775236,0.6471713948671587,0.602691363956574,2.868252870867522,2.7613634762522103,0.8906860322786494,0.9148141463810937,0.9885512854894904,0.5238759986171123,1.1765025424517903,0.6525136591013259,0.7637559227490547,1.1168173898856417,22.927362885072036,29.566860999191935,24.90139238977602,171.78483435306063,171.80088182803146,125.81479095674402,113.12635161141948,0
0.5648672635196996,0.7509317046135653,1.9680457390162935,1.9692329458037086,0.7118885653896974,0.5225892636436908,3.0173524862182495,2.8433039752341505,0.6623658040337994,0.9398646790876116,0.7891378529493582,0.49001928931301614,0.9853519999948755,0.580762385154074,0.7405715193572611,0.9688213338084677,23.883793228111156,39.165046454276364,25.477052104942267,166.3552474280624,173.1840588858014,120.05553184458803,73.67986814752187,0
0.46177748095719917,0.9539565720097779,1.4701520344283825,1.4745438364612973,0.8971258224544872,0.43030598233718453,2.514086788905885,2.4313789472219063,0.676523817724953,1.2913117337941566,1.081207400960894,0.3837810882865197,1.4429771547489139,0.43673204862713927,0.4231630006173833,0.7388268113913364,21.470884624068123,64.19381522260888,22.1682396163362,177.19594581707153,172.01086603796125,135.20817218185783,88.95899568947915,0
0.5925059247224345,0.8639368400901273,1.6743877424237676,1.8277670512931556,0.6908128585598737,0.6012006020690374,2.6964235515449757,2.775907687557784,0.8047055033726189,1.0238667564614667,0.9728734755480105,0.5201140217939828,1.1189535153695693,0.6266197962626856,0.6103974868484436,0.8959713831620232,19.874621953048138,41.3601685986324,24.820693456521877,175.84618780985068,169.81184021179072,121.10360881736955,99.39369705074017,0
0.6360907481006127,0.9302216717028773,1.847128305779064,1.9732338367885989,0.6746890907049271,0.5225714713170766,2.9371528480604066,2.8223007207100177,0.7057159940489202,0.9894169172708267,0.962906181603097,0.5153265181618721,1.181567748936565,0.643435055018504,0.6856566791482577,1.0683797426931514,20.658432549850357,45.26374384848687,24.58636211470084,172.72122792333755,173.88761428222605,119.67170104738156,75.38631818923153,0
0.8824826976246392,0.45161726678682257,1.9575072004653726,1.9368221060809274,0.6835456783017165,0.6394638754331653,2.961441985222754,2.883091971995802,0.9068184880144798,0.6730392330867696,0.7186727163216128,0.301625614704994,0.8971444329314684,0.40169520153779087,0.9428268178473458,0.6959219663267758,36.66745383445448,31.04609702582161,15.919421299290848,178.0423100444542,170.51362836467248,124.35302777793099,145.97650703036962,0
0.4612408084985363,0.47306281648580034,1.658897944148908,1.6519187750491093,0.7780333428053833,0.7361951120203813,2.658150021184975,2.635809267680238,0.8544934713582997,0.759495243853182,0.6506746541972539,0.11625849576097323,0.5910456475785975,0.10862366189229666,0.5875181254307219,0.5768745710613536,29.913295684969558,32.56122441441172,8.86756638086712,164.9008776322801,163.254775112154,89.40231412176453,98.9889604393643,0
0.4295787388657784,0.4986421585479085,1.5840520902810578,1.5773395871923348,0.8034735339476755,0.7033592116922593,2.5978448865667314,2.5453607860093235,0.816115921971456,0.7826979173233335,0.6556602155821896,0.14634129676611157,0.6045027163722169,0.14180638190889214,0.5279168698518243,0.5736753153052416,25.146526234455237,36.102607383403424,11.616435607095031,168.27278082380832,162.55632976433725,90.66109898732502,80.01618992338885,0
0.521487502925172,0.6177619537445165,1.7459057841108103,1.7306754469678056,0.7431607743930574,0.6347230347227385,2.7441479338696064,2.7062008234530546,0.7325878218621616,0.7459935009907287,0.6435519076619786,0.10986722386672534,0.5956287842140449,0.09094493275949266,0.6655431538067801,0.6941792576093654,24.3644580067521,33.553545405692844,6.792014146289306,171.42740217389084,169.2263900786804,103.71118269642821,93.48427231472742,0
1.5621892118646559,1.2939785821629666,1.5755810656095868,1.5232987951578545,1.8023815950168143,1.8788044491589442,2.5969692694145694,2.5244941114993806,3.0814980147476088,2.976522141301358,3.568656162991467,1.280009694501094,4.62365419496313,1.3033223392842637,0.971481269885908,0.9745229434764093,98.20401366555139,81.72707566441018,77.29359213778852,156.88240857905396,164.62794421873915,108.54778063073218,114.14490793275549,0
1.8848301224964576,1.6116780856838417,1.5128661117672193,1.4486971550192094,2.1397027717898025,2.237161823871735,2.527203612997723,2.434162116981197,3.4982245921137283,3.3753979684538518,3.982850700366507,1.3376621197720757,5.392416638235765,1.407485882193789,1.0930287681970934,1.1426062558924535,106.05316147530061,86.79286753626293,82.37025143250591,152.5539538577655,159.77587003193693,125.2133325134795,124.68285030622309,0
1.9198158531549716,1.615102648870084,1.5020320025838614,1.446732329680972,2.0720390557359667,2.2697688538123866,2.503127815431541,2.403641168737928,3.5622269591589024,3.3249790853276706,3.863897127265136,1.3828119096094755,5.374091809351101,1.461678877014152,1.0510103326113638,1.1695864228370914,108.49630698416146,78.23165323385852,84.04709969604309,150.1869402282153,160.12124109913555,117.52799301603223,133.05596919719204,0
0.49094749486372063,0.7507666981746617,1.3846461954020934,1.3888730629720236,0.5506876994384418,0.5362756429984801,2.383319597804925,2.324432242730103,0.7114077797920738,0.8428494473721931,0.9304100003052515,0.5010120062141901,0.8891624077890057,0.49465621810862875,0.4314341069627201,0.6023180460223271,48.55442035716969,42.55688535680023,41.87999534158702,115.80105460143832,110.55797438378899,132.32837153614432,115.4421889007356,0
0.2853963907111602,0.7022850494918921,1.2381813548750094,1.3713954558107437,0.7115009772602028,0.607848883864912,2.203007848968274,2.399699641542288,0.7191214729008463,0.9076309813434984,0.8372375844407594,0.4774526071225544,0.8400812887314187,0.40831337037123955,0.2944884197330443,0.5046847661670357,45.18723861743794,46.16015870388579,49.653754513692625,117.92990066893272,102.09796310335807,145.35874539249284,65.01456153597785,0
2.1484172071125354,2.2574963725321697,1.3477050033752098,1.3827426183830305,2.5663030992152893,2.7676317644942037,2.2661259654594783,2.470014249314416,3.961715366101006,3.7559540196321803,4.361489120022026,1.2076307506716621,6.207550346983013,1.3396436281166186,1.3941348632933381,1.196699135970608,97.19603451875166,95.91738784760975,82.0850890692624,138.21397696237423,138.2690632724555,138.09588500103376,151.8264913933675,0
3.024566276051278,2.462253604093788,1.3983850883824431,1.4330251582675424,3.3978416812088867,3.078037819511993,2.3026674245245022,2.546011264582367,4.357696846136573,4.6835776018153545,5.050401740365307,1.2899715993021328,7.512296745006057,1.399861162843445,1.8710693316500848,1.3130827964936036,104.5152470913514,99.53172917632712,84.17703460564704,137.21213306175352,142.51255948166803,130.78792606346443,154.2054805203461,0
0.7823367175500635,2.102826175138015,1.4955336028940232,1.604590031491976,1.4335976036418239,2.3893421549869522,2.436052474896516,2.64062577666804,3.7502799241322995,2.726759516460964,3.8449910895427,1.3219135859185314,4.830649212880905,1.491070970238832,0.8543576223681267,1.1141274752507524,84.26011958362652,93.27770338413363,79.21825549980727,152.13346816405243,151.63644250872852,131.84745913070327,80.79606216920423,0
0.5244529128504214,0.3747759533423774,1.580170571673092,1.5819163316924814,0.5935673141561852,0.71033265295821,2.5540206066410307,2.5292026230662454,0.7128865325326642,0.8085930439824854,0.5294247479786964,0.5347600820064123,0.39656895484525484,0.37093532004828356,0.6032939423360825,0.5577735293660601,13.19176996273588,16.2465440280895,26.731485493425566,164.27022575844643,166.83356858968332,114.98567668470973,122.14812580830409,0
0.39707503884619366,0.44144213412339944,0.6770215017234841,0.669315781137262,1.2049127600400416,1.2155387242446154,1.4901929943358931,1.4158219306680075,1.2195562897430976,1.5700808855220085,1.1854849391462845,0.6425920098940203,1.3765060190008933,0.4914070149234856,0.4805472209049749,0.4860790571793188,99.8218932141022,78.88963370922203,109.4894635666744,152.90041409712177,110.49834528979099,118.2493280140517,138.96568581835768,0
0.46813763168084277,0.40511678304479376,0.9021949950184955,0.9709906884367061,1.3638752558723704,1.1558137044536203,1.9780648618373426,1.8863780885344195,1.325052187225701,1.4861915872596076,0.9040090477365298,0.7199548743736369,1.1397732847865378,0.5210372876629408,0.32518454960622356,0.33755391180632766,99.94641921218349,89.60881570502617,95.39106091536863,140.53882670757608,136.88600860433556,150.27577605330407,127.00776169719943,0
1.5304176073917537,0.5487329214217496,2.1347167266031017,2.056896886036599,1.0243187049679738,1.2985468712985218,2.985206452660328,3.1383616126829708,2.0818519129144963,1.750687213731219,2.1077937636199664,0.8553134655480635,2.7682564499217865,0.9219124630777825,1.427335982304812,0.5004895633789807,68.66088273826907,32.40857172285826,26.4473814217383,175.95484385665753,177.5948011757853,72.21732331894279,139.55618042410882,0
1.2954084530922656,0.6261508104441661,2.02228910355367,1.9789466602093,0.7761116583326663,0.8928901751242768,2.8722746851840917,3.0582697103446255,1.6305656882129038,1.4010386078088923,1.7875860864185058,0.8096513137317415,1.9973559167931283,0.8736704860497492,1.220020063073258,0.623390074260519,45.345959998181854,26.87774695095384,25.487774440565335,174.5022483132014,176.74323911739728,90.81672261584194,134.54904413882187,0
1.249178323454041,1.071533160751961,1.498673980064294,1.5921373094591096,1.8154158461498229,0.9659572962264421,2.458807251503941,2.6218006581624294,1.7106178114090613,2.7055073297406422,2.3463726325110605,0.7526114859240001,3.2080677413529495,0.996784765486921,0.8943000825014366,0.7277429728693431,23.933157217824334,94.07114487907539,52.03513669047699,150.11253427181282,169.33842938940825,107.04950487184165,119.01310199548176,0
1.7690258482334933,1.6959405639539127,1.7396652355090891,1.7169725253627748,2.2841649830871917,1.7273456864915429,2.7614890767569533,2.747678165076375,2.7867825819512144,3.3524661230375097,3.275815068992284,0.6714797924762875,4.848247445267399,0.7945203390783444,1.0367561386661819,1.0338525825922866,56.94490876941482,98.66021412002881,42.08142729789152,151.40949966210297,165.45128450903337,129.48715456395715,117.5046456055235,0
0.6619827218329359,1.4794997799347265,1.5448051143424664,2.2609291807892435,1.0413853088896248,0.9360198586303212,2.6001055737239684,3.1287179345399685,1.547305069621237,1.6304621315357222,1.7190828571585928,1.026261300342091,2.316147001649978,1.5492564185209812,0.553007363568618,1.4837005497750562,40.05600068687676,42.26290648997701,37.21101252550378,170.83626921073176,172.49441058235738,128.68110623371905,69.24862518155241,0
1.5152738483061279,1.3023931987209538,1.4456844403827465,1.3913751060918205,2.1767374631609573,1.3599899866878298,2.258439175258309,2.385320130802258,2.4548018892178716,3.273038430624437,3.1352444416125915,1.6062622962865294,4.008791159442991,1.9443308323626627,1.276711424208602,0.7321587016986921,53.66123524294314,96.377456913552,92.30815324858467,124.08953267156755,142.10734787129445,123.58263283098654,129.51863805658445,0
0.8141500642088313,0.5375079344290233,1.2516097765540384,1.2828463093535105,0.3540461398900548,0.8549457124814712,2.257496724244839,2.273012975016437,1.205730951162238,0.46719788615223645,0.9357244238344609,0.27813158297486024,1.2097382307176687,0.3269327212937083,0.5411545723514313,0.42354623984339623,59.291471442433725,18.73176515696736,19.498520694275822,172.00285354789162,167.22513746558502,107.75197525077174,141.60677830560022,0
0.5669224620799621,0.5841738516573012,1.6340685848675065,1.6300826244721276,0.7500466957218305,0.4505144699183294,2.6444092747752728,2.5848405996874972,0.4661358704187312,0.790449147217984,0.44995155922760544,0.15381203963348425,0.39548353756045235,0.08942078516225672,0.47573589177438685,0.5938543252553686,15.835974836454767,27.810412365151738,9.001500721562127,179.2121780454966,172.174048196125,144.86068633463884,128.17893212489707,0
1.6912623089850956,1.5190429642102974,1.6578894030540139,1.5243258944895635,2.0891608529105397,2.168935580764864,2.6426109622503353,2.561622809160782,3.3417027551269602,3.2869350781444004,3.7632183089236073,1.4138015814525928,4.888426842425602,1.5221602454789784,1.104342473244524,1.044410076962638,97.66680746511295,89.44143631283112,82.20424941687546,154.82265280725525,159.3737199931341,144.34891554730265,151.5446263119905,0
0.8398833851205878,1.0284845075773552,1.3355130727268896,1.4349263135834018,1.2066284755599388,1.3085109004405866,2.2875496540717797,2.4541693913994167,2.2841534612279304,2.132664148072671,2.594274295654725,1.1448230613045236,2.896354862872489,1.2125150878714663,0.7189468716316397,0.5673494204161255,60.415601951541525,64.38619333911231,75.77003994555585,167.39868129493254,161.72313490647355,79.32363187960105,73.87569666956833,0
1.1313558017790564,0.5071867293831166,2.0515488920802194,1.6401754025306192,0.539307195538953,1.135944333183923,2.8836481405030088,2.756535702317546,1.6995864932886455,1.0618547748838811,1.5931722334572906,0.8581981314770374,2.0852156966559354,1.0841261745598871,1.1938790175126144,0.31479682639573087,64.70055536145196,23.82096617317449,30.490360798780404,169.1164827262806,173.07333572860307,87.51412634668297,151.79417031424043,0
1.4036440735941094,0.8468319996845002,1.6479558383824289,1.5397088486522699,1.60625992731835,1.3837711325780504,2.6543468213260315,2.5445332644808007,2.514548772757302,2.7563800221763515,3.0916616030399697,1.1596106594714846,3.722033050898401,1.210446762384506,0.8383887033633274,0.793219443449717,80.48005667184938,69.75874177703933,70.50521195511702,163.48866051718167,175.01330596807475,90.60428997693101,110.7013071338484,0
0.9887111089173648,1.6361203425857354,1.4180207584869307,1.4944416532701736,1.479239876631066,1.9183745685617317,2.4199205919674616,2.5278469121560865,3.0991983625630257,2.5970241714732123,3.38139302521092,0.9992783592743671,4.262451777010521,1.0962719624472834,0.7702412122379684,0.9149181506201576,80.34476709811663,86.48746360372009,70.0009098541986,160.21957074373887,144.0449377139471,114.36456666994631,94.8608487327349,0
0.954680469841722,1.093977607528423,1.306586256166025,1.2929234877073619,1.4294121655189587,0.7210131411283881,2.369654082357521,2.250438199021836,0.9779533186743954,1.7658099782573429,1.6235684288860561,0.3813984486546974,1.7492415022625063,0.40152572649177554,0.5861050609499869,0.7132837280920588,28.61943858027202,84.99569983829785,24.821247216096726,168.71336751461058,159.18139078988486,117.25466203663471,118.88571378875596,0
0.8758244098984198,0.9483720807534531,1.4054456827369255,2.182938029370523,0.8050037005477015,0.46581287554781053,2.3768823175071407,3.1535979912317034,0.6955813851522031,1.0323344892771238,1.1079513211242389,0.9478801757101665,1.0278048883522073,1.506122473925185,0.6674627872776423,1.1101106043863058,36.30057770186991,41.02270695728806,43.759891826576954,166.7684280366323,160.33133428898245,103.31415524224114,106.91224394967168,0
2.2111776640295178,1.1115295512229684,1.5225932558083386,1.3880695566673067,2.3697129337796414,1.6241847339624973,2.3522616856898737,2.439055856434126,2.498607367572686,3.2571493964237863,2.9882882191766758,1.334372678816277,4.432621873410317,1.876745447734336,1.5834271873678267,0.7281810902532088,79.25264525726433,84.38044741169514,85.5078836126981,155.022114043664,160.0919570798137,140.91592694285168,145.93401843134652,0
1.789657559287898,1.4850776689837415,1.8674505151819385,1.6215388001593685,1.9725285048611871,2.1770174484013647,2.746851465885903,2.245267256035294,3.5366468721650777,3.318875802461577,3.8988406022220667,2.4177772496897316,5.139437501719185,3.3241100581522414,1.3905596423021473,1.5318912457334193,100.60063150031898,77.51849168341478,116.78847350053766,146.3120426666658,159.25191021409367,144.00523560007332,151.49380104109972,0
0.7866254232332147,1.3207342156282813,1.6901003391338776,1.703116865258375,0.9243476773829319,1.012405158325271,2.797865464613518,2.5804792167597403,1.6038871169121438,1.5314032338614012,1.7361527967454446,0.7128268250666303,1.973803634021736,0.799350228102315,0.6765991045927088,1.0939949860250346,37.42472657724521,30.584807532692498,38.49556830751028,166.57791538501144,167.99011973773813,139.62682916901298,84.8006864725623,0
0.8291443492594313,0.6269026409960343,1.966306120582857,1.8874566088288516,0.49987111231966064,0.6487614243384889,2.9187233388065557,2.8603932813142863,0.8674242887066048,0.6767378823409048,0.723810540621932,0.5150689472282121,0.9054819891478845,0.6268368617587784,0.9662551938363159,0.7858948791655661,23.091447152729874,28.8335867133386,27.869311193363007,167.58613272879532,162.2022164708517,71.08298357765445,85.13769581459032,0
0.49067572630284045,1.0949777792920383,1.9565215407658005,1.983051617194831,0.6986531433047977,0.5531992420468502,2.9534429781506586,2.9471733370692177,0.8100334519190661,1.029268714141921,0.9898246531012204,0.5347428697071752,1.2294677390844904,0.6961738878521906,0.710610723091415,1.0773508054554852,30.850605274233533,47.58316241379906,27.116266428053084,160.60056412835846,170.61408101463738,107.01072950742704,61.75518360781332,0
0.5489076881891014,1.1242166302125587,1.6108191452750178,1.6962870778785577,0.9809964598654395,0.5219563141386616,2.673855138975124,2.616404932494447,0.991191357928591,1.489552890141294,1.456672666759856,0.5378759628548185,1.7581882173955736,0.6491558450138295,0.4346166328942613,0.9553133227750493,21.816370738323972,58.30703402639246,21.628033270120607,174.50342427527525,167.3694754961475,139.82878489652597,89.47056784386145,0
0.7420585291174155,0.8131373538915563,1.8438252622708304,2.2426673518203732,0.687189669937374,0.37482811771996233,2.819584655392014,3.155487434684774,0.43714953572190296,0.7889988403953394,0.7069806785829046,0.6114822546268741,0.5248403535261956,0.8126003849832553,0.8563809433497767,1.095638552349661,15.511241072429863,29.849977202247565,32.5961320855894,167.53589079401058,166.49518221404884,113.35121897823564,113.06444162360725,0
1.5428986312994026,0.8898921627468053,1.3294463229871107,1.3573047414254327,1.4150913194794261,1.4735257191507118,2.265513806737535,2.4008737265707345,2.186465104845202,2.055214454991549,2.246281357931445,0.7662597096687922,3.219804009311165,0.7161488572787131,0.9696969405414494,0.39165116623673163,73.92817690671352,60.593061259714005,57.169812064327495,154.93554877981938,168.37298162240873,117.8296994213044,134.52984646330714,0
1.4369000161049068,1.4862764978195684,1.4602348565271188,1.6993820822020258,2.0512189630404656,1.4902991396384182,2.3091283756744243,2.6765600192333308,2.5656315690132208,3.1288223760170393,3.118754001994376,1.4631560873995486,4.364679514301967,2.1192092505602558,1.23566427657149,1.103780518578483,49.446197408405624,97.05102745688423,86.87074194505014,154.4124768531813,165.01949573703277,122.08681636203126,107.72357197490396,0
0.46456722808033735,0.933710653650596,0.6590169503759502,0.9327291488735696,1.536940817585736,0.7250428752746536,1.680464933023242,1.6913513511606837,1.2329107792106389,1.9963929681085189,1.6083019455155325,1.239396567783762,2.10125970156706,1.1937340793427313,0.5065282258343492,0.6778306393883579,40.70960190749965,147.61436171318888,82.09683512750821,86.62428785652881,65.15716269091494,154.18381039711164,145.76716086930813,0
0.28227834694588777,0.8594249576747768,1.592005115205362,1.6862731245849236,1.0056765589813361,0.4264911047533708,2.6313809725156867,2.6392664704736477,0.5522300278014961,1.3447703797977042,1.0099220106718825,0.45433365906226686,1.2705370619794674,0.535798680652239,0.34605558233367884,0.7918513981989059,16.266294922601254,73.41590393743697,20.054604963849556,171.9532275775262,172.41443048291322,154.8903063161229,70.5286242259772,0
1.0505235129373074,0.7610393596440139,1.9473411753522636,1.5289083060679116,0.7208276096282759,1.2245385343289394,2.7104725866159503,2.707433270927308,1.983080439545337,1.4452764263278697,2.0949082484596233,1.1686999568216565,2.344977859842262,1.421347238613878,1.124066913112513,0.3820695435580172,59.487645010964364,35.830710495289225,61.759681104666534,158.86488584107957,170.32651901372788,101.46374745543494,135.2894727685986,0
1.0317705917720097,0.8418790102798261,1.333580546546096,1.3481541077627042,0.9966332246599016,1.0228438146991572,2.235742637152274,2.366068323640394,1.4211771539063953,1.4560829256931438,1.4521360947389392,0.6228009907154889,1.6000663948781675,0.6370883572470107,0.7959496781034884,0.5092109005374252,23.621923425526287,43.009213146744635,44.142556293534895,159.35432946713513,154.29670549936893,80.49195973947693,90.9167040833491,0
0.48383114795333554,0.6813055682683615,1.3465249801522516,1.3369381189785314,0.9981001751451086,0.6788537213878516,2.279785295148941,2.213058296449338,0.7499158454494395,1.1395605936900133,0.8368370354017456,0.18729595436077895,0.8380096632474281,0.15345836668856713,0.6140527964738687,0.6920102128365635,19.839005926276585,17.44955151147947,13.621030767765228,173.78636938903205,178.08375286718146,57.24681080682595,51.95495919503392,0
0.8124618373874358,1.1135136063779676,1.3169624329767866,1.2895539566042182,0.820366062057837,0.7759459862650424,2.3657824870053052,2.2454537984585263,1.1108914147165743,1.1857352970093122,1.2047830563962716,0.43296243019706093,1.3653952659604145,0.4952441500577679,0.49485365974339146,0.736117130983974,30.407165664591005,29.562524782386554,26.27642207324701,168.22670011865523,168.96657971811092,139.3525156455023,97.46350901143339,0
0.9707219716852755,0.8685850825430999,1.8134330241455767,1.9110556622551553,0.7028530710115887,0.38464305662322307,2.8773597097144648,2.7776748335821684,0.5416827854455413,0.7052083528606838,0.701026985387668,0.17950864671253053,0.549255395842671,0.13578470262584455,0.9068291887616138,0.9856633463279535,10.098306957618192,29.490493257942287,8.963377729213637,176.11975939365607,172.16122118592128,120.83033453167482,113.79195669903959,0
2.200645207569208,2.1036762002225697,1.9577931460918323,2.4143121562311296,2.8674008199151286,2.179310956017046,3.0889097776052368,2.8766699565754403,3.3672345712134892,4.1105597093552895,4.139348970289326,1.490862538803024,6.0662569344295845,1.9345674260605659,0.6654375626148593,2.1531050248605736,78.27132849012183,106.90928969198143,52.08627051476307,160.37951207710572,164.50210485661927,144.76569950067605,152.75305267877937,0
1.0032339593332766,0.6121497354403481,1.9477598838147903,1.9708062424432218,0.7405798981559191,0.8241863045094802,2.916449800405787,2.9632735621026645,1.1427851523428265,0.9117229920978824,1.0539001129400485,0.3286584525869656,1.204565844020648,0.36833071856894173,1.0178174943222509,0.7708104326546584,34.97361292652452,29.2878322729239,15.942283633684905,165.83993736483265,163.49389346144076,75.16155823462047,121.52143602635337,0
0.7098971529407085,1.360042673958187,1.5519098358015677,1.383514505454004,1.3849795845661532,1.623199633882188,2.5848104992768604,2.3040600804852507,2.2956296113192707,2.087240577368992,2.322680071973399,0.6535533051140101,3.0733840697458397,0.6587782895188146,0.21406535412551667,1.0043240507984634,64.98881576774606,57.94401518792855,44.208893724751235,159.65408410657383,163.84768801703396,129.12945747049258,73.6818873793202,0
1.9180209441999125,1.907610968560927,1.5346198834250377,1.4700019408990468,2.082191842264826,2.5558132085801364,2.526685989456099,2.421150971800001,3.6511233828761998,3.1643522807626305,3.9057935101225505,1.110443149370917,5.4499586133614715,1.202845110876831,1.061826861090453,1.2604612164621873,106.80698637419168,84.18047756553779,72.17970109274005,165.23798702139266,168.7548394044448,158.06356095479546,142.78763510834798,0
0.6491382264131779,0.9985583739992421,1.5267456673956212,1.5905678780020924,0.9569023838051433,1.1631263036951651,2.4945030508276003,2.595900787943965,2.43305718305821,2.2091551061975294,2.808261355759061,1.3336134939586486,3.0551560393015924,1.4132906258997555,0.7381582948795565,0.7117884881819206,52.885390450691204,61.93852976708113,78.39236136421391,162.04835859404682,156.44317158737687,70.98178924847227,57.11207694228539,0
1.0507175072328376,0.5385453276457164,2.1823011458399657,2.2187543308409645,0.538605482389412,0.956584923116573,3.1405451982760044,3.196451750177318,1.2535774294089275,0.7750736498368332,1.1225511919575464,0.29605098311764017,1.4031146562093977,0.32058924109083764,1.1707793484803946,0.8264959758726356,42.027792927517176,30.355394289760095,9.15748229378434,177.56411023495596,178.57961656001748,78.24744277538181,124.14795313258051,0
0.5384218703142098,0.5855810416434416,2.016942775796768,2.0351838290651925,0.7214745428772347,0.6505459805256565,3.0185060482171737,2.98780028010586,0.6637264016552619,0.8646903329266484,0.7761185374964852,0.20523089179088866,0.7214852314825089,0.19441697791893156,0.7995974702923118,0.8567109665958617,37.987222105785776,33.41424945622028,8.427306838866702,176.9620522134652,179.84365169995272,88.67209446121093,78.70148198290244,0
1.4562153475660728,0.5811404533055018,2.085446305003438,1.4847606539872698,1.211200495294129,0.9062095528799414,2.880395963148365,2.547815823132716,1.5327134260715956,1.8572659233918651,1.7218189681957934,1.2364891230842532,2.335939690844211,1.7361701735819521,1.4579139939183057,0.46217222199614494,29.52757499800001,52.917131733496916,62.92348350253676,168.29745232521472,171.2120064204234,68.19702065847423,145.98135821858875,0
0.5574891138545282,0.6755981802364889,1.8694645250380575,1.8762264239900177,0.7828213484168401,0.8642719360126367,2.8111453098713772,2.821851030640727,0.9482183972020719,0.929017783569857,1.0606096359394113,0.20094880556553332,0.9167807803436907,0.1578117717850711,0.7947512754017528,0.877259351775263,40.64324124265504,38.52848523168,12.472878891444413,169.55007579678096,171.9424613243424,80.14737882567889,59.16046433259592,0
0.895110462840714,1.3777292357182076,1.5489039228323518,2.0777446014197003,0.6357487901916701,1.1780326478195295,2.6692800038620064,2.830353347353972,1.866292084969306,1.1853139586577035,1.8452938077480865,1.2030102105649318,1.7940121407875038,1.6643038351298525,0.6600248910050136,1.4285135578941286,44.57969255875411,20.10929923738612,57.4733149881236,168.78299128138087,174.81380188659577,137.93680234615374,90.08915036140006,0
0.9578647702862956,1.3711324754796494,1.2222417293894348,1.3212925214142142,0.9616651174711461,0.8535239522202737,2.1496058367904816,2.392085604004674,0.7595146827748396,0.9876974737524613,0.3196618669270099,0.5812476877393222,0.3086149142989988,0.21048538585600668,0.5677996732768342,0.799327924040479,43.05315142275116,54.15199864760083,64.76350297020555,118.83730767191518,138.41957105757038,162.19175885283354,160.11857653934337,0
0.7751937923763539,0.9664064143777975,1.637088225316456,1.5774027972538993,0.8996719865190297,0.923967006299021,2.438574445175466,2.5813005076613464,1.0373802037972228,1.5315667443038226,1.5604253760257076,0.9904089725437027,0.9204616278768638,1.2228587081748188,0.9316979493770585,0.8269588312143806,4.226406755201816,43.38058068011871,58.14119693984647,168.19701387957193,168.10415237698658,93.0384754112489,83.64466563487261,0
0.6830765309992084,1.2759892415368492,1.9109731621387192,1.90325457286364,1.057131013981434,0.7454303085792132,2.8646068604650665,2.8806695781603953,1.1922046893743408,1.4699338217039553,1.5542979981754783,0.4821853733761412,1.747903868106752,0.5946175864872638,0.7625022911449456,1.1438690840218435,43.673898216931065,51.23416802168455,16.826475487853557,171.32147749440193,170.59265152506197,108.69099804691493,93.61106699353053,0
0.7613352233448045,0.5901848223453411,1.054277889395738,1.1187078573555813,1.1373826039476649,0.4839211166075178,2.0723735493738245,2.1104294078930326,0.606531161764776,1.1571383354794598,0.6990958256226062,0.2193659611441374,0.838062239551864,0.18832114764429642,0.3856807738070482,0.36199858828615844,10.18746704843431,69.71846737083813,20.109961678168514,163.5955268810545,159.57179270997923,138.2052380523136,105.6625219801205,0
0.7798339146348141,0.7261931680496175,1.4919446502703873,1.2630336003913796,0.786059611220451,0.8780975289705574,2.390957175946203,2.2167469785773988,0.8752051353821408,0.8080487935072974,0.21411376234979512,0.2441078354352493,0.2295240227192509,0.3043440632878989,0.7796029651798345,0.6579560214542756,58.21087790714057,55.53206019472535,11.35014455098506,158.57263019567876,170.17281959614883,157.72427600936814,164.5230097058062,0
1.042653076970975,0.8053574621868774,1.5946373623569448,1.4114828563673099,0.9302785666432819,0.7545599615194132,2.4818320029671583,2.4214831992188315,1.3565314676309406,1.437859855021551,1.5664602198568525,0.9617310418144164,1.5653173094520767,1.198622871889648,0.8266299393317554,0.41016782481829156,36.959477608036025,44.16332753902839,61.77837108968205,160.3056123253793,152.3389511609888,76.61345905725307,103.26172119931394,0
1.3186855421642483,0.7090422723135157,2.0602062341586986,1.391692640345526,0.8714320325536284,0.856397301196006,2.960536933030673,2.4637093431726558,1.4441127617744252,1.4758959406078096,1.6871919927390209,1.0730156120319172,1.8201058515599642,1.579811390140118,1.2418567857981027,0.48689715645486425,37.18972840583777,31.036991264097715,53.46918060491988,172.90360526923914,170.29863566930905,94.18307977388402,133.02716708130075,0
2.652223896872616,2.253919004683724,1.5070371099077968,1.4604326541270023,3.2556879754496104,2.4736672932102897,2.2816959794671092,2.488406503597923,3.7482084491721888,4.516038130137263,4.436943354779099,1.40915692264678,6.762366150944562,1.791565137422696,1.9344233547312324,1.129262810682768,81.35121389175252,112.28713161177696,88.07315146715948,150.2024933311008,172.0868450161276,136.253807379595,137.5062453344332,0
1.4939734485430523,1.1431597987865436,1.4987452738817013,1.4031429659691352,1.6684309277369471,1.659176519263945,2.4936624654705035,2.414789283951497,2.610156184333908,2.6166833880754714,2.925435587084792,0.9414970980557424,3.980411007187416,1.0067123799727664,0.8593016564574966,0.8223275754696248,81.98105319006194,66.94356816689144,65.77074311489697,165.40781996996844,175.02603183950342,99.39641281640353,104.13499310414882,0
0.7591532434822048,1.000341272560711,1.6363785591513715,1.6540841036006497,0.5867920809691681,0.49973717610656765,2.6035226117443213,2.593198323911301,0.896066587587556,1.004424271491544,1.1549168156134129,0.4150104535479734,1.1208373382852514,0.5045811237625725,0.7329129878254369,0.9089706843159511,27.10139778116596,23.82158106865727,20.8073920058831,172.0636082828785,172.81269206746336,114.79180593220467,100.38903741979142,0
0.5924381818016554,1.5588526276138555,1.3993716653310746,1.3599840127694225,1.2458802262377002,1.7804543265280488,2.474269880713608,2.3045966556125683,2.887039066776407,2.327932559173381,3.086262014042646,1.2787631601248366,3.5840755776274618,1.2838210301484523,0.39306715684624494,0.9799994034326276,77.38341285472323,83.47329395960229,87.22079625225034,158.16584461628278,155.5681587848144,158.20962882057668,77.65165008634179,0
0.8595591192729812,1.129051353818763,1.4942949669233272,1.5256351249408393,0.8776320506331665,1.1934939515786307,2.5644524194864293,2.394080901569099,2.138460146155737,1.303578028170326,2.0878970740488745,1.084533609166879,1.9466365698038022,1.406837025445947,0.46761984871990053,0.9773773801558335,53.00053059246213,39.8414482600674,69.17960288467121,162.97159535729853,166.48596841262167,134.99937499471426,90.93558593066408,0
2.1919430820734838,2.341115705659157,1.6522146096053814,1.602769715944779,2.891168841908892,2.384735568329267,2.3220456574388657,2.5655349229992264,3.4567973084313097,3.9317597643154985,4.022275703575156,1.6188605983303752,6.097033453948044,2.267033872488868,1.8800373503931598,1.4045086504389825,72.54897667548396,111.46584294704783,86.67364800746623,146.66114264326524,149.43224076271719,154.04039633595661,141.90930445371555,0
0.6316443099679958,0.855523298560187,1.5258292240342435,1.543562477105137,0.8841259419173021,1.0783743954791591,2.503561262393533,2.557268903812676,2.1668297205745852,1.9625671429005078,2.736253419243678,1.2583101598834678,2.407676245856875,1.3181684596701793,0.5906259883224899,0.5770934516988698,52.70808744579311,51.916410845093004,77.91993685336978,160.6383456755456,157.83150253867444,72.85699298479764,67.49157376286051,0
1.3225897504651007,1.7102181182985445,1.531759104654918,1.6290577398749566,1.9265587840474327,1.8039434685184723,2.236969274445417,2.5878768772366625,3.0773213035464777,3.235073161675639,3.5473239347670713,1.8078447023642041,4.792332349165358,2.5861184882239723,1.3365190986340598,1.1249460740399992,69.69306647212728,97.99530279239873,101.50317811971657,154.49330521907964,144.88822198977635,115.62833850269443,107.50186549984706,0
0.8689964770108541,1.2163481287989657,1.2689723784044753,2.347887199137439,0.7602645566676687,1.0787966353358358,2.2173963998712303,3.2463026697233386,1.310763504748286,1.0453284377936998,1.1226240945339032,1.3081413086172653,0.9824418321781602,2.0234412030655697,0.6224713334835204,1.3754442639873663,44.05038912928224,36.44020001294314,57.150902808697296,169.92681493281248,147.4481190940844,149.41950260628465,108.8842744257147,0
0.6845384412254457,1.2733908042619424,0.9935463163338342,2.4624704675497022,0.6508495211624291,1.1238651870244607,1.8693404491948562,3.3819788233030357,1.4031933894836666,1.097437884884942,1.2959230850738375,1.6718342059444282,1.2915939682660431,2.7462656147013194,0.3484933838232944,1.4180317243922245,47.244555152971124,26.126030472790895,89.62714901620468,166.32833431131453,146.14552681279667,153.98702899496772,86.67914348075811,0
0.6260613131731327,1.3940833854569525,1.2425095916783853,1.3196305685807328,1.1104737804681302,0.6688665511624223,2.3599912143119712,2.2013045108997575,1.208729866621066,1.5375590512450028,1.5709627191723878,0.5513245771151574,2.0671121876650917,0.619751931340079,0.34435588137372486,0.9063417759630925,14.991954242373994,71.82071886772783,32.810496119409486,170.66761669768113,165.11007713336934,157.49723982604985,103.78835902667753,0
1.22168096858667,0.7015901991084325,1.3331279467217123,1.315077089263445,1.1287463685976062,1.1904682802339472,2.2258334999360403,2.383354046376356,1.6284690005433016,1.6487120846581207,1.8788097918569575,0.5689265327830555,2.5079149729826735,0.6450752931197669,0.9267766210402163,0.4388310113229306,64.06679081339435,48.5701238906751,45.36303526766167,124.34057049824726,138.29939929692222,44.780115653659934,100.74091258894444,0
0.6222919411618512,1.0529945142740063,1.3190263762071253,1.3171888608744233,1.1366384704608659,1.6833616584129338,2.1001408474321894,2.2186964572490315,1.4956475568597831,1.4988014770976161,1.0169291945916403,0.522091199939206,0.8480842686203808,0.558416472041614,0.8287704667370391,0.7925633714408643,96.91117637188748,79.7474376934159,34.26543441804817,156.67842840671312,158.08736834150767,105.8833285072314,169.7472338925184,0
0.5662589427196809,0.7407448266830412,1.6339030809175314,1.5961503937889272,0.8372680185058393,0.34599779688464266,2.6941666788997156,2.5144425633070107,0.298347456877203,1.0303441516486802,0.6682969280075342,0.21429967200897504,0.821045631256616,0.1514962823134386,0.542611882641594,0.7159076815262155,7.489169565354672,52.92772184060614,13.617157097395415,165.1364281085998,172.91711277258105,147.50679850922984,142.54817924885265,0
0.9392523558316227,0.6029279828998585,1.4220951988146235,1.3565041146447376,0.47748585868903287,0.8567866529551155,2.3743612238175618,2.3904329475359116,1.1047704742181246,0.633101128009451,0.8596298102823937,0.37524803824347147,1.147081798621332,0.3326599516396585,0.7289944801139788,0.4245160113237359,41.19668437390311,17.247796894616908,36.93414751242089,153.77698900890394,167.33706569990656,103.10152085884586,151.54195165849563,0
0.4307632877783547,0.5541215671232692,1.53151791790611,1.5398432140951062,0.8720583389030762,0.8647296603471242,2.496549168326438,2.568146482859522,0.9595236457026763,1.0075444309333346,1.0956223872360273,0.13013830211491748,0.9854118169828718,0.11782648578904491,0.5195631604321345,0.5454669884931893,45.39787161144855,40.516025729209176,8.779162269283207,174.87303366678617,178.97819003301825,50.706878048971,38.48908448949141,0
1.2233623303024825,1.0232909870387306,1.7074135058140298,1.7886945445951843,1.0520116399214188,0.7442341154101463,2.546741357743584,2.836894135698306,1.013451693930361,1.4150419567291401,1.245405599357734,0.48341894343470726,1.1449163996029266,0.4839870624967751,1.1214333206744258,0.9334174393498949,16.888346020636856,31.899343339034086,20.596373577107638,176.43186648972545,171.40508455626804,104.36346202072227,110.02285627206136,0
0.6258644909223364,0.5126279981311581,1.5788029177850862,1.6000676148592343,0.39142264729446546,0.5597542923690697,2.5674747252711136,2.5982967035375144,0.6277030532856145,0.425139089321111,0.4505983587994399,0.12616412105542796,0.46272925615913846,0.12839488226692763,0.6109925386812209,0.5401611257105311,32.12956956693379,30.202556769913453,8.845994630817556,177.0082002911538,176.72677067205862,96.74139416085308,103.73321781785312,0
1.0843413176518444,0.5908218266798713,1.295877121327009,1.3819659755957452,0.5049656950403677,0.6763984729162557,2.255852527256384,2.418078266753096,1.0816567351827142,0.8928317600790483,1.1201696832705574,0.38345526317967293,1.394631130379442,0.40826479860606507,0.7210826545450847,0.4772895930194961,29.409835909367974,30.179297308899013,25.617107248857675,160.14840007160558,157.91885474179722,109.32597604144229,164.8994925704754,0
0.7357822442305276,1.073992053130069,1.410441083663913,1.3797492614928983,1.1532658158459612,0.7908115417813204,2.4385751930777553,2.326550236437853,1.142099783238609,1.397323512213341,1.1937000977347438,0.46343509392520915,1.4163593618309394,0.5656545422223804,0.5710809265484427,0.7970104732940073,31.423548207723325,33.1033325848144,29.69985477036807,171.15583085316743,167.36864617007285,121.66275067137532,74.8895495526219,0
1.591603431298061,0.8623589313178978,1.5412179701373696,1.508124128943727,1.2818722786640182,1.4142026568320492,2.4022935319141756,2.6174606506847127,2.246036881120065,2.117262028260247,2.5237512612935276,0.8988908982382272,3.2781544326028724,1.0217438808639234,1.1802356816599713,0.4273742807917366,75.22329680388607,55.447417583502094,54.590649476631015,170.43883559563542,169.08289069761017,82.9287150731349,114.65726669758327,0
0.6644941428580702,0.4168038235532343,1.499507161496485,1.4792062767644023,0.5947484959498702,0.7195905221338516,2.476325725906951,2.4826417112903716,0.7699222441549659,0.6095045284146281,0.5178708783237431,0.2813912450578117,0.5495504645593128,0.2579639656223965,0.6003287603007129,0.4794612165740088,33.26746169732755,20.982428335734976,23.474607228927468,171.34592514169657,161.71000305207616,138.9737822764636,126.53281657201231,0
0.6318720345041345,1.1044145137824208,1.0621846591409312,1.7067917531762282,0.7572569658423773,0.6649222093731283,2.008193752193648,2.6458019556606467,1.1433464959402955,1.2506660628856632,1.3715342145802292,1.1291598429997511,1.4615927806174445,1.686973616686848,0.48364194528428367,0.9691296287700487,28.16489765144493,35.151777382252746,75.49964351591899,171.09858742346822,162.34897189100042,112.12367146612961,75.30746236102793,0
0.851851476407798,0.573767840928312,1.1504215452010342,1.1710929671912913,0.579728964913434,0.8119998285132416,2.0655445685691873,2.168639002017588,1.0367357049115289,0.6625208025075225,0.7403447203651337,0.2497483490938725,1.0729255311540669,0.2220844182655762,0.6237071027101406,0.34837614527446636,37.273359878367266,23.64444473707733,34.529265044378675,123.57532508880064,118.88581675017645,129.50379846814963,151.5077501154606,0
1.45939952178042,1.2883829562915163,1.7119044503127767,2.1105768181825084,0.7926391877924021,1.143076498769801,2.8649179645136256,2.7587486525940106,2.3900893267772996,1.148388873134445,2.4863107576591403,1.6719890520405194,1.8818277233027862,2.048925461181016,0.8685086373560263,1.4041423701338054,52.00215719964829,16.073683164499112,83.93233635958921,160.21985870510167,153.76827223899917,126.99021676820368,111.24617700203129,0
0.5612647704633027,1.4380065953108052,1.5474710343737128,1.644527850964737,0.8613386538425436,1.672663439356141,2.502136951744281,2.6867941210887754,2.9560986380180756,1.9867286281942653,2.960799767033673,1.2410012872326415,3.3652900619958523,1.4023097494431387,0.6324952335191327,0.8575792106765361,65.55526971259772,60.53393614114158,76.74549571971649,174.80543782151383,157.5398908660655,84.68099012514888,43.34338168674489,0
0.5570989133287063,0.8738781194709268,1.8087017266430023,1.5224047347820624,0.6871589829627291,0.8509851636771889,2.585500947547675,2.599495535419014,1.315106158765765,1.4205504743116821,1.7297351050967578,1.3614813394336263,1.228408412447117,1.7758951991007845,0.8725999070878978,0.6365884490137623,17.91204732888301,37.066192880723214,76.5799697946237,168.5607965591626,169.93991458504593,77.87267080773285,60.461339035052916,0
0.6297115369607929,0.5864052413588074,1.1046120775953778,1.2657044979736072,1.2204515703464833,1.3584495243348038,2.0833199271340512,2.2665616746700485,1.4842113697990589,1.134084904233928,0.49302977892904365,0.21253356592541114,0.5934469054523733,0.3323564278143844,0.3681340923130847,0.4253079520256775,96.55237544696581,74.75009589134511,25.464431374389175,167.02882690588513,154.80138728001455,147.13456579481536,138.26845368090773,1
0.5294510811863509,0.6605522012501249,1.3527494735349828,1.3624057183492273,1.233156294830676,1.1964890196581235,2.340610169542038,2.373007409562452,1.2302830471852224,1.248677266784048,0.45650622690390713,0.17956953449731292,0.527914100134409,0.14249591597528738,0.25331559002884485,0.33605951648318005,88.71940913996015,85.34940538489755,14.996032328503942,169.84946109247576,172.36316013584033,172.98269643412954,142.44864585577037,1
1.7045018443860362,1.476378154638012,1.7453485178508077,1.7529342589019006,1.9317886802782949,1.5476770512738676,2.769137740620517,2.534899543967304,2.0964623979178496,2.7655006143132694,2.8119668505232496,1.6729064334469126,2.2010205002219045,1.869334537056273,1.4004743951659724,1.2184465744144735,72.19701251469729,79.19104525969972,82.69431090644554,153.67513606738453,150.60509739280366,117.88581179592055,147.54258468506004,1
1.6025715579514237,1.368405488829217,1.3662014245443344,1.43449308549476,1.7797834971474855,1.2950192351098937,2.450364253986365,2.2956224784492387,1.5063435133224818,2.5700890720154095,2.2359580830383905,1.2988316261241135,1.8993987708236384,1.5045991648434758,1.0663490803149893,0.8525139828043561,59.21539457605488,80.91012343286582,82.39931536907358,157.42014551773156,153.93876469192253,130.0257562924518,165.42348464373597,1
0.4493295634812923,0.4801044415345494,0.5923250475785254,0.5496253757700087,1.1509729272532232,1.029286675871257,1.4159292971743165,1.3466566145746368,1.0732559281358267,1.1202226293816302,0.3053485741319567,0.08396633525812612,0.27430658515264356,0.1299124184440343,0.5696454308275756,0.5831340645668766,56.503938476298416,66.39899371495517,12.90933148569466,70.48487058160421,67.82832282148452,129.77831539659107,118.89782360787815,1
0.6179927231885931,0.6140277075103033,1.1798074842809216,1.0068219226260435,1.3357299332143497,1.2216730554721187,2.192244482678629,1.9535042585182172,1.0666987365169627,1.5318489385003897,0.5036261589952263,0.3114228598378894,0.47614646000132305,0.03794809285545204,0.44780423840288447,0.46153072230646963,83.12315257661855,107.45796573306473,37.02681060658608,158.70415993504284,132.01862566214248,151.6622623058483,166.13059886987148,1
0.63495133287464,0.5942372616439074,1.4327394982373423,1.2694631414235282,1.185731025681904,1.2157109759411018,2.438327796061366,2.2582903599759074,1.2593018177301736,1.1754647721924694,0.3228402377470405,0.22378056950564654,0.3360866293415442,0.3702385446649053,0.3601305492145249,0.3985794360550047,87.25092501447926,78.34547215801558,19.56627609000125,172.4826324033797,168.07753441408437,161.66501426332235,155.43335283700733,1
0.4985635271527937,0.49787247134499274,1.4937378943894555,1.5244151243137851,1.3121238798886057,1.3281910118265872,2.4652614032868416,2.4946796193093137,1.43061909441003,1.2423668540146922,0.3636243614344132,0.21053688248710412,0.46369976442236027,0.32295233214447644,0.40997658113845065,0.48891413243989673,88.49770215552454,86.15562975826504,17.95131640633847,172.87252749410484,166.63577046734179,131.54920191985107,123.01169273727004,1
0.6579992507121117,0.6461669998725899,1.4792631424230627,1.4534638965960223,1.0046886152193553,1.033160090024595,2.446868823094162,2.418541450166673,1.0856053414187365,1.0345293880178486,0.5764900581225393,0.16630365781830062,0.5623200087944363,0.17912785710846463,0.3283001071765616,0.3086509969955747,63.406727474491596,55.723774699575465,13.699433061217302,167.831410844038,164.10275806798558,142.91345635391897,137.8144689846278,1
0.9861259193131116,0.9352301347587096,1.3218803076523689,1.3069012843969594,1.0236875962344034,0.9684381099490134,2.2550649416139734,2.212513932272604,1.049980433685617,1.0921871219453585,0.7631250461316117,0.21632340084979984,0.743256780220843,0.26048609781012044,0.3379870828387586,0.3579037896935069,58.821227604514796,56.761808730676165,20.142754276321092,151.4533331200556,155.16867638214157,154.59728003430993,154.27709214910695,1
0.7979156792015305,0.7959776895696928,1.2199204562460066,1.2106064807223478,1.1883940259147647,1.1771072805141023,2.207760519066877,2.203593075920142,1.2191825853395302,1.2072527407361344,0.4945653943579061,0.3182567210459127,0.44852444632471455,0.3685478459238134,0.34169799523155353,0.39650426045368453,81.24336624317607,75.19573676452812,36.61428331819241,171.93851077353966,151.13998732134107,158.4841631945902,160.8951278391295,1
0.9543146813219004,0.9162921429917387,1.2771464609718222,1.285562401923902,1.0893959819067884,1.0760898499857594,2.261509903848005,2.264461791194447,1.1230552494149018,1.1445550524912216,0.6079646875944971,0.22404351932926306,0.6637412943149913,0.2621905549817031,0.4382117044261241,0.41665494013853444,70.11942267504789,63.63351076856264,20.725618253954952,165.66870616625596,162.03960260318388,163.43893839561866,167.2797760361672,1
1.9111012347718512,1.3816349721961536,1.895797593586414,1.8539870670737606,2.227184160443144,1.7818767221324785,2.8297548619344113,2.5773860132712185,2.233853799007018,2.9025521103492955,2.7391440869546484,1.119883984681995,2.335496680488328,1.1324881785525829,1.4987650133511654,1.3644269237266173,99.01381201729875,94.54651867515821,57.77999071550553,156.13387791523076,164.05221698682345,125.6503031192177,148.50517143707648,1
1.9312054352634063,1.3762315997436685,1.8458417859269407,1.8139675654722536,2.21717054360588,1.707442242242367,2.8374218734849697,2.5939515055848448,2.1453811950052533,2.923386914723954,2.791602107565868,1.1481910563433237,2.3450010911180286,1.1672778306158904,1.4418070404091299,1.274403214045599,97.1475146872501,93.75399972792356,61.86841506705659,158.62234425249065,166.03055433284388,121.29259647681036,145.19638826375748,1
1.9177641497898084,1.586351032234954,1.863867098836878,1.920329369393065,2.074947627802429,1.5073631076193583,2.957059890506971,2.6296466162413483,1.9071389798662386,2.8867426435127546,2.733498105354498,1.4499764685094094,2.113514228632204,1.4919858888597313,1.4655542934001535,1.3379394708391232,71.41354467485827,80.01132203457294,71.59182878047852,158.58386919458727,160.14759078569082,128.80130987700716,151.2370399618982,1
1.9412477786674658,1.6190882490020162,1.9287796186868154,2.0916120157060516,2.0321419885828025,1.576348611395404,2.990398133728569,2.7407267917649087,1.941851600545644,2.8140148339367568,2.623961550100337,1.5233057749670809,1.906504357999074,1.6291164049160607,1.528269257200015,1.4591664650302605,72.3786992629666,77.89691104207446,69.79070423275431,163.36322789745083,167.26636554464517,132.09301577385682,151.81613277164766,1
0.9028037952332248,0.7125350332778024,1.5090685492045737,1.5510478132805656,1.318709444687904,1.0538240635323284,2.5640633508805535,2.4811237675996063,0.8739290978728136,1.6082949099548864,0.7596648902466074,0.40109558340800827,0.7917197917100395,0.41330260476025804,0.46043968574000294,0.46854927051014245,56.28238407161435,81.032525779217,18.61907674629122,175.5716313422661,169.43730293251937,135.92391315011403,172.67642122244683,1
0.9157117043899107,0.7336676113403932,1.4653932268222571,1.5091353836397483,1.2898088361525877,1.0940057139662438,2.5068195543319316,2.4566856470465286,0.8969783693678881,1.5936711978387939,0.733405027406797,0.3958514827192259,0.7605672261538668,0.40812720690452753,0.4650701952468218,0.44093362770512773,60.111630838724096,78.57891803017543,16.410071618370832,168.11353493874944,169.61061051819308,138.82360464344933,171.62999299551197,1
0.8985054688871652,0.6814144809815457,1.4473701670991772,1.4946887272427645,1.2788127300942675,1.0546803035850385,2.4830107312301326,2.445838836816102,0.8839301001593012,1.5504529192412562,0.7038402163215535,0.38923173117682974,0.7419201063710275,0.4077066884242548,0.4457378190876601,0.4379136838204848,56.96511507558994,77.80222738475139,19.17886055566471,175.3930371395887,169.1295192135892,135.12419822713971,169.49359318824918,1
1.1143435183515675,1.2485912144984448,1.5936333237931473,1.6036770203678195,1.9960689864881533,2.198654655110602,1.9218845996867777,1.9455685610200588,2.2886988284565253,2.0124212638297276,0.8129081974146755,0.5515469335236044,0.8678939507749717,0.3313208143397614,1.4277364414106053,1.511223176684095,137.1961596868299,135.35344839865508,36.51429727075517,127.53960319505642,147.38844787363212,156.97827131874183,156.4193876738221,1
1.0054399104260636,0.919812009122682,1.3746286924803475,1.3655415372097437,1.9446373537850228,1.9764452069949878,2.308043037793089,2.3738854020264517,2.11950100766789,1.8449365283977361,0.5059594504253824,0.36416201409906257,0.39843302791535357,0.5506159266757206,0.3021634946505094,0.4458040185055769,167.48234219105785,172.892569638284,30.40347552952211,156.5578178641228,149.92492488019445,155.07376311035384,173.71105895076667,1
0.6094759014793796,0.6266804823989236,1.529996963903685,1.5206790046693086,1.416942868009197,1.3041258194511813,2.55857699549666,2.3891615393984527,1.3601036609152137,1.4515039576173234,0.5883671148631692,0.2563528542738214,0.826108030286182,0.2095884592444616,0.6081738651036521,0.6022344734322479,90.82492756696622,83.39538395782819,18.89844591726024,152.37445619099975,145.58203630283498,139.8061707115223,133.8477598143883,1
0.7275624626446504,0.7409288666749739,1.3297495402668542,1.3378558561871667,1.3023718927234447,1.312851316921765,2.314436748547577,2.318108488780004,1.3526364132882853,1.316869159491628,0.41862317838899704,0.1303424764844944,0.5259129473944852,0.11584745187050521,0.5331439167033913,0.5583617753066424,90.55198945045042,88.78408840815122,12.019410226907626,173.4321699958014,173.67140628559915,167.15564602092553,164.5588276152546,1
0.7154550221704419,0.7102173900135549,1.3497439783346767,1.3706292711423058,1.280043762377681,1.2945925796178446,2.3348448025544113,2.360917971835336,1.3508217342900835,1.2807226517708823,0.476570390763524,0.11949820009099252,0.5329749891428694,0.11667828974590069,0.5174209762018919,0.5234883740251602,92.33742619421898,85.5496334440209,10.306087680282916,172.01030344551396,169.57850053993985,161.01564928160764,158.76096703647798,1
0.5964962712901166,0.558278603547699,0.875638790905558,1.0249393730266527,1.2815654718755298,1.327713846578431,1.6753022036039,1.9654889576600918,1.3441560440348823,1.2688960396676654,0.20369938486339295,0.22995237890351097,0.0872500559109058,0.35637587232475754,0.6880968103564532,0.56759924979564,89.42419394551769,87.77552108854698,34.18177221625557,148.67774700766475,142.53189831884762,131.37760815758668,140.22239965336192,1
1.749704810002346,1.569522451828443,1.6209907673241641,1.5855778278121533,1.8442731884902248,1.5215399561562784,2.6769461218932893,2.508142978477388,2.0842716768952885,2.7349720925840812,2.7811159758987745,1.4390797989291484,2.2614483801838943,1.4324762928598422,1.1620202395424726,1.094390084615062,76.16902874004494,79.53700923336204,80.98405869936612,168.55256264827435,164.71973682409407,132.0990100713905,150.9650534654097,1
1.6560054058728348,1.3594978335433432,1.5450749813898514,1.5144727652338001,1.910180203205578,1.3073379462576808,2.6730259346816183,2.3861931097771056,1.9181279425085165,2.694861348372446,2.768416205239355,1.2958706103404232,2.2925601494934975,1.2582433817478256,1.0439855125946498,0.9054245702075355,69.42969560932781,83.21167328980796,81.07502156090574,163.56192884813805,159.362728805175,121.2534234010387,151.2025245860485,1
1.6972514751248493,1.4113775297042788,1.6558097112624692,1.7421757160683045,1.9740734239197495,1.4823286307446693,2.668960281041817,2.4106798098527964,2.314223075620937,2.947211150365915,3.195116413121248,2.064209379742771,2.6081353416150934,2.523709617529741,1.2094336497295999,1.2036711554744193,82.38226705545586,89.7809597106768,97.85483177559877,147.56001836704283,152.0971616501221,117.30809002425772,140.33741636321233,1
0.8678610251859411,0.6844185486806353,1.0411204720907403,1.896166079307101,0.6101957265797577,0.7381691738415093,2.066228972604395,2.8618974791907394,0.759954798306029,0.8495062029133996,0.7005141968198955,0.640193969495883,0.6877472936418417,1.0663955462591133,0.46466762696041936,0.7371408895491618,34.60537089591234,29.87924522523997,43.259421606508305,139.7592058295662,106.32242212593886,131.8982625043217,161.5229291840625,1
0.7632193686185659,0.8734909891949902,1.4537506113805814,1.3366924003214342,0.772957113456659,1.0727591374430863,2.4739985868995857,2.3112308670509534,0.9688222420172823,1.0767186934705841,0.62754028297717,0.5192815143692727,0.6519934112113274,0.38421765608717984,0.6101081868875451,0.5569984324195686,47.215354349465464,32.2136847924254,42.127129346647614,118.08982389800467,112.69425204679771,132.60547380185236,143.91733911985892,1
1.2792881671323828,1.1810703052048979,2.310773697391574,2.085381387371721,1.8048673233851573,1.143890693437653,2.7537607605941212,2.271812612150365,1.500512410270913,2.1477823322858174,1.6837602017101747,0.6014861231193488,1.8663151268516114,0.5527293122811466,1.7382550263239205,1.5847056276754201,50.1649783512489,92.0940996316071,27.711812814602478,160.92095795487856,163.16053597213485,141.805031179431,144.2575444484676,1
1.228856582600142,1.8588557795410234,1.5907285461909517,1.6857171006374143,1.1406531251466174,2.0884463054428313,2.230247415268897,2.8654050321052864,2.474027385766337,2.0396649281933446,2.624501798978994,0.906990482467096,2.5275769728243174,1.0238081162979125,1.0362318119542273,1.0695996875675515,90.08790508484294,64.34007171857981,52.92885733996623,89.89200168723184,76.04472825132967,150.81478113804334,147.14476321479378,1
1.2103818683487695,1.7776750830507408,1.457302101510616,1.4981203729452417,1.1843236199373157,1.879160433077459,2.259707008524931,2.6212243964786337,2.0723909658036166,1.7353981968008776,2.0225954399881485,0.7067374437897141,1.7344857158896279,0.771999071239369,0.8909559760078875,1.0593205557739827,80.97839068569938,72.28316791986731,48.21737266983501,127.62907495825024,127.31701886831698,151.9331868676948,142.4261646483701,1
0.9888943616861011,1.779916382548335,1.4933960002832145,1.4726354061564066,0.8752372242943801,1.8217097355252483,2.3086869563894434,2.599060966698403,2.0242755659514278,1.5255418253463242,2.101229446048472,0.7121496691718877,2.0328963029956264,0.7928765666982331,0.8807972848828678,0.979903437227919,78.15272031499696,64.68442799440938,49.261519799218696,126.47167688988635,131.0006267493514,153.55379508807135,136.77537691344634,1
1.0148462642201752,1.8253625802357107,1.5189418294371608,1.5702890788337178,0.9789805613479632,1.963092343333313,2.2993582359786804,2.7057028206125335,2.2380325425573644,1.8386082424069705,2.509745513630086,0.8327904101940963,2.3798804680559367,0.8576979098405112,0.962486271135932,1.0268248215993825,85.15370609531806,65.9741816148605,53.25370591721012,104.39230567729001,104.19337345084574,148.187768056325,133.2127780542023,1
0.6743487499310082,0.7438896228277261,1.6319088449553567,1.5471345815504356,1.2085546445533906,1.4355715771192437,2.5812673786174214,2.581441667492281,1.7799039205157674,0.9626780148758997,0.8344361320842122,0.4058555587377079,0.7119293601288864,0.5221257908351115,0.543294571373381,0.4568665915592085,100.4619052472242,62.57505900465494,17.320410157012105,172.2247186655601,171.7530142027857,155.48486465418446,117.95060235405148,1
0.7217845891321312,0.826563759154996,1.4312816210755688,1.3512275578562354,1.1332931396774018,1.3713547111469004,2.3925655090622304,2.3806114025103535,1.6000237971095372,0.9863529761416553,0.6290684134271646,0.3498002754591535,0.5932498288425155,0.45649151868825993,0.4725085602244108,0.45243372394200554,87.94124872705052,61.74684553439342,17.718180371450543,168.10566768917525,161.61097249617754,165.22492956379324,134.42286504410222,1
0.7942986748453102,0.8949793960995239,1.464375788576727,1.382983366444482,1.1948284124900939,1.4143127587937736,2.4182697216200553,2.4171266836728917,1.6602975106451048,1.038644904078836,0.6725786721343805,0.3638822247050846,0.6107986521126945,0.49101911355208727,0.5065566002557732,0.4833646673853032,89.60050734789317,65.04427493876254,17.543200719246624,168.3959904518899,165.22128132564688,170.0169599754247,136.39820512337073,1
1.2119434505835687,1.3892604383474634,1.6788566069539086,1.7905434540175278,1.9288647469883846,2.2198553515631776,2.0354037694588647,2.36093280725391,2.818403447769304,2.424959146217472,2.6699718161987045,1.1143030914929202,2.125076372646352,1.2461583590696712,1.472098546588426,1.5723977737567534,122.63666726071799,122.13653673009104,62.94284620561577,160.71583969357076,149.1294501054517,136.63461050603476,113.00874426626723,1
1.7120492715001954,1.5494877516028376,1.5527413619901624,1.543200910927301,1.598873879340265,1.485226061568177,2.3362838882106876,1.913406781423291,1.8455986379975138,1.7777171878113713,1.6448920421025155,0.8140837994476121,1.4844117352025625,0.6169189207804219,1.2708689042909063,1.4214295123696132,69.2378427761296,68.62002870717964,45.690708269347056,154.25999198686185,134.66906551056877,167.9334623180735,153.24942390589368,1
1.5356122240198846,1.5916755923284664,1.5579379953809398,1.5895780884625836,0.991522074750629,1.2123033445486031,2.3244040744547663,2.7301005469966424,2.357700646556045,1.6772299725217739,2.740862681465513,1.4735481818740652,2.0111638321510474,1.5318867646350127,0.9005616503137612,0.8697859814353704,57.386261838863476,43.44231373140142,82.8244573801989,152.32645497389527,150.3315241635272,144.91607966047084,134.79089966673885,1
0.7549089108810035,0.9384427489577477,1.680195604129266,1.6297214596464866,0.34595326636935814,0.3851693674648521,2.628394796731299,2.4893184402161426,0.6104078776244748,0.6738812423695641,1.1746879107444805,0.315860750484516,0.8462950051390014,0.4878239438063782,0.6860410001687202,0.8919804420216345,20.756377446091662,41.59232409174023,17.548722482181084,123.38282579743905,136.68807832775644,132.2683831816184,99.68204444767636,1
0.7800577534929011,0.561974625053142,1.5241681554806785,1.527884007006835,0.8305024201452608,1.2685302520987898,2.331481178704046,2.4820688515128633,1.320354792487773,0.853446353359645,0.4501433119467792,0.2003593325344431,0.7700540345963051,0.13448526193198426,0.8617414074813534,0.7226609218034876,74.66962001842805,54.689404771158046,4.3975663516640395,165.42869079583747,172.0398953751225,135.49627091007596,165.04166337661084,1
0.6687594620962363,0.8822849439761754,0.5965585563831115,0.6935290095130962,1.5912791628725085,1.7673057454387333,1.62271105094711,1.632635647427476,1.7552209893211075,2.2619679129510226,1.5346922051031808,1.008464568573428,1.6713518617432703,0.9603467845460354,0.5324984036320638,0.5523515372351937,125.38668621245529,117.77480767014562,90.47394430794672,61.36103379875306,87.49602803255682,137.90397430162074,143.24405827563885,1
0.8359330179915712,0.7177087143934904,0.9251489098800779,0.7892927401179581,1.7980682465874507,1.625000346033905,1.992082101600536,1.7158136419755785,1.473387925350628,2.203100220982859,1.095979538230821,0.713083575590252,1.021239578893403,0.48869383780405284,0.5000322676377473,0.45510659844841433,138.63934826644459,135.08220353881924,62.360710871934025,58.683526568407956,122.5312292819232,148.84178341314663,144.58898059200519,1
0.5246130717465105,0.6877096650604841,0.8292870992635557,0.8721243179939486,1.217906812774295,1.6618434861427966,1.8177176033993163,1.8675398683812447,1.466070925655924,1.6105546049471093,0.7173079398860038,0.7224943425867425,0.7258650740208997,0.6842041417236623,0.3165617648931231,0.39861443374674493,147.58240594751274,100.38577132561657,54.32603576642925,64.4992765065665,78.58739282651318,154.98547835020202,139.48864441026365,1
1.2834896484006617,1.3840801400525649,1.376618115069037,1.3422040242261453,1.2495672817211256,1.1240443057188931,2.1511560272002543,2.453576276450412,1.3187323611748536,1.3351776405494278,1.1439818455788597,0.7148537340116159,0.6697321956735666,0.5846495830913306,0.650543034280721,0.714383925922667,56.94841086716849,60.91453518376728,49.80823145141283,131.0179136827608,159.8957650627085,151.13153305604555,152.22872610413202,1
1.2391734289180478,1.3466163029440323,1.2257834636332352,1.2178578743730915,1.087226528545053,0.9932619307281709,2.0372520890748795,2.338372963018086,1.2472961604889694,1.2079519686234301,1.1035799488964169,0.7495435061026325,0.8420269192206344,0.5973568123976347,0.5669151951296598,0.5977612850441728,48.088016207951256,53.80479546460851,57.62183858241042,132.22287474785927,162.7533616351657,165.07519156046553,165.3349631687391,1
1.196046946415051,1.2952174314545966,1.217955772240552,1.1543344260056265,1.085572631231851,0.9954660284839292,2.079683229934945,2.248147660020761,1.2556449478856493,1.1630989851845424,1.0904154215516473,0.6247268440018643,0.7738696014255305,0.6112085623818098,0.49792309034682153,0.5661182305349874,49.98452581036863,53.60702925961292,51.03030513789357,144.8118255459365,168.96846047413152,161.55315937953912,156.77747111520435,1
0.9746964612317222,1.0317670119911857,2.296752421810608,2.234066590920108,1.6546535998951002,1.9273917614853096,2.793673656523975,2.8747729588112945,2.3044265419307672,1.6758258791825078,1.4075619516583404,0.569212864471441,1.2365816539036807,0.7068359680185317,1.4901222164384471,1.375974468859147,133.65535355790294,96.33751809216164,21.148860363142667,170.28952689902727,166.41727116656978,159.04085088229263,116.29981054577469,1
1.508301697581172,1.683531333135097,1.515589842008441,1.6338331462663414,1.490342367294212,1.5616664666690678,2.259546714676182,2.7395023624289716,1.9810687351791436,1.901137991761066,1.75017405578026,0.849680477763955,1.7878249106224933,0.8233730442042172,1.1374392908694844,0.9672310616868215,60.74988278700064,59.546842118798935,51.21985772115578,173.8333213143763,170.15600139812761,155.25941174147766,156.39857027398526,1
1.1618752843141795,1.627116092783421,1.5367055998267167,1.5715827856004019,1.0033304226831672,1.4178868254029382,2.4633186177109314,2.610418868743986,1.8944754674622082,1.390460500188466,1.7514678934380605,0.833439493648219,1.4972335826883356,0.8712805690677843,0.8878640002918683,1.0019414067859256,53.22503984014417,51.21431645536381,54.58584711789047,167.79096789152715,167.65883694589283,152.22895806060188,136.37464835285488,1
1.2478196303158708,1.5668213534686621,1.498131074384575,1.5430206977003993,1.073097310247062,1.405797351843085,2.3780026578861353,2.5431571440849714,1.771819314111267,1.5785609206052604,1.6352759913218444,1.1054161890056793,1.2727464380911306,1.1263810830036316,0.929086567551452,1.01995092451068,54.897928209695294,54.07343363963244,68.90494957019455,169.14079299482586,169.96217740590436,157.07834147782222,149.69686147642503,1
1.410933067674598,1.5554827194840852,1.4018406040833462,1.2799513806770766,1.1881250487511665,1.494376615018208,2.2752036010225334,2.3280685102012946,1.861743136349456,1.30811974746181,1.4236652808911436,0.9268081260720767,1.1085393640194634,1.2490037113512629,0.7224094614357763,0.8049313731862339,68.19555994220414,48.83700720069459,64.09689928317148,163.64127297290062,156.84327554492123,161.5342108208903,144.07528800007265,1
1.4473351317372398,1.7024813849961666,1.6933635535434193,1.748701542544047,1.3999990978501002,1.915750117890218,2.4933602726024024,2.892212299804359,2.66226535811206,1.6517616402649122,2.4682713088687187,1.234385428072495,1.9192239135578926,0.8629382304717739,0.925040133317414,0.9604692459503306,83.62353144282201,63.945398063773446,75.79858776140644,121.94718725613785,151.48079908198216,160.68269943097488,114.8741489475065,1
1.769242871860151,1.6368656790735499,1.7035309574624584,1.6740248834959492,1.955941380876257,1.621310896365065,2.7260606283234607,2.5302370284753612,1.9810810972678166,2.6521364279875335,2.474885255184672,1.4719169907641778,1.850207857203082,1.7256927486425744,1.3129266697011264,1.15391073434929,75.59905219383886,83.16990400490147,82.71852800546257,169.30119971914885,169.37589599553098,132.87708128006167,153.32202395585549,1
0.6941759013429263,0.784860360846301,1.3540738271543042,1.4542478185225602,1.1107242131812314,0.8976006653971361,2.3992620375370057,2.3728483970836893,0.7983437997924885,1.483753282051066,0.896627569004568,0.5793198414113968,0.9178591644161409,0.5543345615601739,0.5708668002393938,0.5981110057548029,51.048288356292886,76.8463463409347,35.88903443816139,169.18644151920967,175.21852698753614,153.94345776140338,172.841311918335,1
0.5280712093709198,0.5556630726476767,1.4595065985058453,1.478806302985528,1.1075116682055497,1.1567640231861727,2.4445480529594046,2.471815465113165,1.1641798468947913,1.138544683962898,0.4060253852155676,0.09828188792729663,0.3869861147967802,0.12265806074361753,0.2644643150770667,0.2626757718967698,79.28218764613577,67.91841952664292,8.06764332412454,175.66274174350752,177.3523760558652,148.26250031728776,138.35409724326183,1
0.635873783950354,0.5915515210369477,1.3963011969370371,1.3492955740044872,1.4859600891900002,1.3726802368181215,2.3874949276403883,2.3407367720935004,1.3839716267835727,1.505141294743861,0.5364175207885982,0.2402485015017713,0.2690517493237636,0.19390091223522488,0.1252398986080349,0.14202139236189298,86.17058467238623,94.9529254333007,21.898667915242108,160.9937041753582,165.73592495492898,112.46155461661942,98.31107271926219,1
1.2390245420870099,1.452587869451419,1.5593475859510493,1.4801790379039133,1.1411819462475705,1.3564787014684647,2.400661681068653,2.5303335609176902,1.6154133533531452,1.287722235524979,1.5121246076961907,0.8643255129929511,0.7869172865082302,0.8857231539236726,0.9086974665585359,0.9677909067468785,72.55095800236143,58.16340887516176,51.13450953617495,130.36942820907282,152.881603947213,131.1287092261081,144.6258961557515,1
1.540483966249968,1.6562336282606889,1.7849001980567443,1.7979120637139956,1.4600302716670763,1.6803301704979308,2.591773913330753,2.825678632415797,2.2084213489230615,1.5932357307137113,1.8773760136079947,1.000758789948656,1.3362130636866891,1.2963111712276059,1.2038076135276383,1.28567619862764,74.65776614892613,62.23941367530049,55.18968817827956,175.0846449187691,165.5082541265082,148.60913061729627,138.32759865059472,1
0.7167946189791701,0.8446906371551122,1.734641972624772,1.3483348276108327,1.0313652436727143,1.5684215446071645,2.613019253556045,2.449142961201349,2.138213267677015,0.8102292453034801,1.40874368138888,0.7963675824655394,1.3221450948147098,1.080440067809201,0.6750687759973368,0.531797700958472,108.64910714000025,51.11588377783044,35.38425098314148,177.10830892257556,171.41865876901397,170.27037610307326,111.78900523592436,1
1.3558665967769044,1.6385526624164992,1.2915571582608116,1.305614887870058,1.2642560230076723,1.5613548350677167,2.1295109942100616,2.400847729391826,1.9117329811414463,1.35649631603351,1.3184780009812629,0.7492149206138943,1.1248667317901873,0.7969275049826791,0.8204803607121955,0.8143852607814503,63.38598826196996,55.28221542485469,52.264345077758804,152.0932638724809,148.82075756395253,164.28221937709355,149.76360052356225,1
1.902295781988234,1.573416364419071,1.9434531181923047,2.1919231864875908,2.182327036056141,1.767134902374946,2.7873215107604867,2.729883538423347,2.562980611476,3.1179039208486494,3.2755590758624784,2.5233020272163,2.6498597761513314,3.4200022703463495,1.5491943625603963,1.5336202620931065,88.17845721180274,90.90497317425043,105.53279188327815,165.318231599259,165.50147817632376,126.38801183130028,143.1557566005268,1
1.4492233668982408,1.5405955992713178,1.6540507328840688,1.6507860682686544,1.3005107442407398,1.3727210208070266,2.3806615499205575,2.7173866887333564,2.0540419364286455,1.8329249302139277,2.0709007880773025,0.8655064632892644,2.4278958326041775,0.7801237859049629,1.1979284661229754,0.6805176020397431,54.362426539928315,55.34425101731075,52.35665010413883,156.14207199412223,166.58802352405579,155.2143735886806,157.1599815910215,1
0.6136579701384798,0.5550409689892207,1.3904407264975953,1.4111620359555213,1.0909967304441908,1.0557034307267712,2.3561882809245884,2.365164994952961,1.049722389526107,1.108848220360524,0.2729287104480535,0.24472132445961237,0.14303255236243156,0.33531315611359014,0.21925609149548259,0.2192028958187606,67.09524413515706,67.59983729425034,20.499445824839185,175.50030668571384,167.1819281842001,147.37756905743055,145.77962337071355,1
1.723029716513131,1.5108681856061754,1.6902218360386108,1.5370922536014056,1.5548626748556897,1.4047913378511845,2.714455174709398,2.5030235460055414,1.774604529378344,2.0632658860775464,1.8950841473790685,0.9709282639516398,1.6850774448874166,1.2062488347010716,1.0981031608336158,1.0012810058064967,69.89346984302611,61.27544816663765,59.05599093457036,162.99853613933615,168.09818060396753,145.4319269589378,170.0753820544682,1
0.8781641962537948,0.9251427538126529,1.1261630872436,1.4926684220184423,1.3719202040339782,1.3657349561942564,2.1220996401155765,2.465805315327916,1.2721486685008334,1.5888384757289604,0.7127640329734175,0.6265132650087771,0.6641689766843347,0.8574014818952125,0.5334738884725522,0.6274212753383002,77.89472569124696,91.48365162809374,48.66381201403978,171.9149918019218,151.95508463173994,154.0315750810636,145.4952784359841,1
1.5584478717678667,1.6197842272426723,1.916364315423062,2.474645995178019,1.8597513643998285,1.803957521900406,2.7678267650299997,2.769041044726337,2.5148991176192523,2.6697707482508437,2.9273794192022646,2.635420275195495,2.2190992901932574,3.754851268109602,1.367518434050301,1.7599320117598096,86.52732630142654,88.93364707886911,103.67281464925671,162.0983350094176,160.6379710700833,133.990602909456,130.25017768177403,1
0.9024933136297345,0.8360376868673789,0.9992245270267809,1.90243643675772,1.3851578702624425,1.1019244626268712,2.0744222810385557,2.7567213269195663,0.9607909905338949,1.799292685283651,1.100829884542478,1.1196457598077414,0.9816912261623264,1.6962761145355159,0.5709515654346669,0.7567982873587373,54.58631494362453,81.12295883056795,63.43348108153913,167.43111086912953,154.01584436985337,122.82678846683942,161.35127410699616,1
1.2195741211144826,0.9622503151714296,1.3113915032918189,1.3633671220511243,1.6556058209926847,1.0969443477083103,2.3289225494913746,2.262532861177018,1.0366613020221078,1.8950659514722228,0.9948868773147884,0.5799417608417872,1.0616666844168294,0.7563485314943214,0.8239446258933392,0.7703444078757691,53.09537038358493,87.58337912310596,47.30678874283886,158.22782729521407,156.79110363083294,133.14000709127558,167.26520001773446,1
1.1910789586514465,0.9297247055151091,1.4264228792217657,1.4228084557113536,1.8246323467350027,1.1367328073128715,2.404112018193732,2.367521101141153,1.2088737062104147,2.2711639576114644,1.4034108998389425,0.4900724316828744,1.7892668244384933,0.4956302098638591,0.7433548917756599,0.7530556600533472,56.705056438207016,105.40674642398561,26.17829598369988,173.95819376443205,169.25533453049803,143.18718131183724,169.34716549916678,1
0.8157441021447284,0.6572685692508239,1.111827469816238,1.169524214273975,1.3722305004340984,0.73766836410243,2.1929261736169448,2.080210342021263,0.6599522421986437,1.7054036527261651,1.0814822645127298,0.41286590497409936,1.1900187605602157,0.46790033646866863,0.508120883075661,0.40721420511835976,32.47149388070784,90.61777690659713,31.058921086758875,171.40220881726432,164.53661947889321,131.4075493107236,152.65520048837007,1
0.7920530775647506,0.6930965098348748,1.6807179417188312,1.4739627134764317,1.3611934967149975,1.2237352537775232,2.6662813410469552,2.4544092003319364,1.0810064298335393,1.5912986130201825,0.704184335726354,0.31892501493726705,0.7400244500249721,0.3964089875374804,0.5986573877222996,0.5708573242951264,67.37553184071956,88.99750746855167,24.669033441612278,158.04045637485802,162.83016782141058,130.06684395204826,147.67029019001126,1
0.9367512723825345,1.325181195182039,1.649362789231796,1.744488056643988,1.333378239927969,1.3755159122589726,2.5764890210973634,2.6745733780451952,1.5649292596032671,1.8184502430559324,1.6739946707511342,0.7438951375167552,1.6427091356236556,0.8101645835134191,1.0044647567255125,1.0041945345365437,64.71031369969612,88.45539237745824,41.14746115939933,168.88311236749925,152.07396547253094,143.78893889080197,149.76025704527459,1
1.4089634846325128,1.2590723973952405,1.4170357746911746,1.3401822256163765,1.3284869738352514,1.2877189794745418,2.546945628544087,2.198268173368829,2.070366031534744,1.9119121280477664,2.392412001800301,0.9219916595360436,2.4737852029259058,1.020345173631796,0.7427828904995496,0.9163650476650163,70.59649237910777,62.479213347097875,65.10892217450623,153.07139173211553,162.56480166391916,137.99929661775465,146.42362837677823,1
0.7731344485961017,0.8129744213580496,1.4749424259616464,1.4861039223798107,1.3090461612811362,1.301345304574767,2.4810307171055976,2.477430268578415,1.3337658594832282,1.3402213307786983,0.4739568689762014,0.14320349124283516,0.5637701206605491,0.09347876217850722,0.39227902521560243,0.41896813097702323,88.23995534237845,81.60543364152849,11.661168484807641,168.7880820226851,171.42074874829032,164.21322133707258,155.34148517300486,1
0.7835313202476765,0.7774600298564809,1.272330258095501,1.308442745239012,1.1644495844952891,1.1390501347748487,2.246548473981922,2.3302358144313673,1.1499815653230059,1.1762061863035187,0.27231258473248016,0.21822810663336584,0.21281408453459275,0.2589750678259671,0.45784374749780604,0.39562575859732607,71.02789445890785,75.19227556625833,20.004921870848566,166.34313910297442,169.2055007627082,164.46102178146384,164.76463468236128,1
1.7385826919143677,1.4618566813312743,1.942256205092106,1.918494731159301,2.0227118602571568,1.884573228725044,2.8312354548797285,2.831739575077999,2.5688453805890696,2.6078458701821576,2.930630547250238,1.2183095586158528,2.320448240596682,1.1273378901398585,1.3908108691171865,1.365012468304934,99.47762664190783,89.22938852786297,62.98774523696621,167.27247822592747,163.89373104172617,131.11339915114507,131.167174539638,1
0.6539648102015101,0.7343213553526375,1.5108719841877354,1.4683634341021798,0.7747738526178001,1.3324743075441103,2.467149990229861,2.511094719377448,1.6088383326695186,0.6756712221114377,0.847940742977404,0.29818554207983056,1.0753963769560368,0.3502513863547628,0.5462606597209326,0.3994314332345491,85.35368187532904,38.46268621129269,12.549466765464517,171.51392915979258,171.138055031503,155.815355988231,143.11298568086283,1
1.5013175364714904,1.7575035853845329,1.8584239666729072,1.6672160875348379,1.4031896986270993,1.5758221467703313,2.5303770421249396,2.719512348274334,2.1477153344162248,1.8371531259050426,2.0210996258311735,1.4129300485925171,1.6592892769267147,1.7980386641784378,1.3303741723773919,1.2115918865843938,62.650579169805596,63.17603162474018,75.75432032298326,172.40325006477718,168.07941608452185,152.79584981940314,154.6832677067394,1
0.8153929219548683,0.9908599788163164,1.5100613275449952,1.4959138214066146,0.8319406086689709,1.3379336244107265,2.519619051851491,2.4764464015449263,1.6263803899046803,0.7785962643376141,0.8677754229020873,0.3430323104630977,1.129827734009764,0.3882998628275399,0.5690802479259097,0.522756660802307,77.33887932186435,36.78277576660282,16.778103915578818,166.2929562705267,171.43627159988836,162.7215772677665,146.71646606673409,1
0.5726252291725166,0.4217687761357074,1.4019084677305593,1.4085002262153246,1.011863855432366,0.9585121092340212,2.367956902661851,2.437788978916565,1.0664730014082453,0.9397457443926681,0.34673330163411387,0.09438748152134567,0.39702499623643256,0.11286416951641887,0.41267911447849176,0.3352073625366216,52.703429436202946,53.588604786484325,5.751443693181996,166.21867928849596,166.0220405315406,142.64760551234494,130.30865426728099,1
0.4869380565160375,0.5979528563301557,1.5267019915634739,1.2679914349026475,1.3149991913365613,1.5048658202740184,2.482527438028364,2.2926783469480614,1.892842292273052,1.018529042982895,0.8158697074394564,0.512439482847057,0.8729041535998928,0.732580670260689,0.35405421996770525,0.35214637866291737,136.43536693130505,94.18264864484254,25.77755118120624,165.86498107112803,166.6521212037426,148.10589310942592,128.31055752205282,1
0.6520751793134142,0.8119248771474066,1.4203076439501465,1.2037092920470416,0.9421449037196857,1.5762178715013522,2.269804115882403,2.3346382317490115,2.1477480326119536,0.6803001822408118,1.4218422735402543,0.7059063031111803,1.3600260367727797,0.900952858337144,0.5347486941147641,0.5452822524181287,107.34417968948758,48.105539663863475,43.29433260927199,172.76732136470923,165.66820395045735,168.02415350152683,113.51357799655115,1
1.4509004148833584,1.6502582959249086,1.3603311513245666,2.350512190777088,1.3912280445942118,1.7913734814237474,2.4233948049720286,2.856908141057791,2.7924908739983865,2.147080717263465,2.910372380160782,2.3925045350600658,2.6433906421946642,3.2372308003838755,0.9131451295457576,1.8150355995991434,80.00937191751551,75.98332127576374,105.89239950986128,152.9425417997774,149.25360538500044,154.81889091627514,123.24114028925518,1
0.9874473850450992,1.3366317675842176,1.5885171652156358,1.6638388664063941,1.1653654203102712,1.6815923094831446,2.4335490121011483,2.7897614896642935,2.1021521812974067,1.3010589148825216,1.6540005099722042,0.6525400311472042,1.4811239787482502,0.7140250212995035,0.7500171324017745,0.8683407910767703,88.94595686622382,60.19280101864764,32.465355660483446,161.03134251372938,147.90239801893352,160.22484805268755,122.9729436393584,1
0.7427653580233075,1.3763377187111052,3.1238170355853723,1.8462345206574433,1.1697814877760382,2.220419377509168,3.7833154877957305,2.965295115464968,3.0705879620691903,1.1814990883021501,2.342484662374368,1.7979402726286418,2.2366596425363543,2.573336233727746,1.4709796886252837,0.7909817662385636,123.87673886217205,68.17583681386827,57.68940251139143,166.328164890345,170.1313379934127,154.4604258992157,77.64665521061848,1
0.4434459987162977,0.4274624759667556,1.3617082975081236,1.1305902994657633,1.0586195092612427,1.1398040879962996,2.345552974430901,2.1433431858634315,1.1696941505377394,1.073471524837337,0.38649708801211036,0.2884900244091985,0.4458455282814663,0.3362522619961532,0.28993062905252526,0.22587459111680555,76.44657166886974,63.02387608897287,31.71185202892278,168.6013692397839,159.3317703849225,143.6493660090081,130.34285832794907,1
1.2501111736111112,1.0741848757505275,1.4372260313325538,1.4723175291894965,1.5057423146763478,0.9915843944708276,2.5350490139304775,2.3714666644374693,1.0855409542850372,1.8903446208816248,1.3617511278671464,0.5197506322979158,1.346534355057206,0.6654753122107283,0.7852369983604076,0.7456480689032923,45.83428244695585,73.88513035223505,31.593573108148565,166.65122087821882,170.62517627659824,129.8275031360454,167.62039820447265,1
0.75031285259209,0.7697554231626158,1.4923011260758616,1.375382252725232,1.2244454170646433,1.211239557352869,2.4807445222900752,2.3046813666057018,1.244140519271638,1.3421820310961294,0.7726238029329145,0.14727429613657586,0.7995640544529133,0.1619818496269006,0.5724536213990772,0.6977661359379308,63.263444673515075,81.16581325252568,7.96643349930673,170.16396345336167,169.1621834615892,132.8642375646639,157.25893097656532,1
0.9437260797677094,1.1946226145521042,1.683957322308629,1.646167443251463,1.3460672796691728,1.0256020018973042,2.5338380050184672,2.576386971395754,0.9707667075109614,1.5941815572424292,0.9686464549163963,0.32107911973713626,0.9827922072158497,0.18084049813867942,1.0318557729392082,1.0610797386382416,34.50686896597078,64.9947564405351,26.913120609246906,158.08371807943985,158.73909954146407,130.89189238386444,131.40978386807623,1
1.955400605658971,1.6368482051301818,1.6595062402769265,1.5469038065847032,1.915082650126486,1.5674131387836494,2.7660547138729625,2.354289118891042,1.9384770821958146,2.3583283595912996,2.061666306036492,0.8356446620676871,1.807814498374953,0.8905023708213903,1.2778601788592538,1.1978898674938305,74.54879391613873,72.77160129264804,53.361108484046916,165.15081273341983,175.1504882550179,147.73677526133375,166.13448345634302,1
1.6673321372370742,1.885511833987126,1.8164217465344366,1.7071147017454416,1.5439911017059451,1.9828737226452702,2.55871743515613,2.7752168283190617,3.1160101185852986,2.193780259794953,3.123740048459759,1.9988805889491812,2.4387923869635,2.6298629206441992,1.1398887195162515,1.2434123631763354,79.87370747950793,72.37822898396698,96.88897850600891,165.58429639829242,147.88374917612717,156.1117456787324,123.95963289318384,1
0.9856594675382305,1.3243301111629333,2.8184498610041255,2.977096136058254,1.5487136721071577,1.3005628220268335,3.821940047209106,3.691228584486179,1.5413685327424684,2.086108503268771,1.8171121909300962,0.5887134843984431,2.0016977131612914,0.7757531922363585,1.2441695235208179,1.8421253434433422,60.794925486862965,96.26856457926972,7.075987291696295,169.82717553477363,175.97732000035327,149.10721340576845,162.4128082798909,1
0.9630511889109387,1.4688223068174968,1.9502402643168684,1.9835318423450505,1.575923331271718,2.108153505668291,2.8119949191862847,2.8572820447019605,2.4537689790845683,1.5277256729275368,1.28590091664002,0.48434856509566354,1.367322491048284,0.551355560582377,1.016852533035029,1.1269938008588292,111.70666112757759,89.26544118652284,17.439954840387607,169.51515089065694,170.43514449045617,162.72874212255152,133.0599581277424,1
1.4980903058772748,1.0790981850265826,1.2689023222678004,1.2119104001842738,1.928177268987111,0.9779692984678635,2.3888165668977073,2.0672199062361196,1.2812614655930088,2.2343589915650677,1.647544684069672,0.5009758706068811,2.066892156348444,0.4833031714994655,0.9157264865860334,0.757054574852461,47.46182438736298,93.45701754992969,32.76093731008846,155.48703863417177,165.38736333041058,150.52219664311377,164.39042056422664,1
0.8036049298420462,0.780596374207843,1.3476365271572046,1.3192892502606273,0.783791941418429,0.9806629728366401,2.33128461281981,2.317306674300602,1.0253560378780904,0.842679363935613,0.596196559526847,0.12872599471152776,0.5656669649880334,0.10186991997960766,0.4505724099170405,0.39502018232868386,60.742349554077514,45.056587082080284,11.249753365715277,163.56213102514673,162.86994034188902,156.6176993590917,153.67754081089703,1
0.7849782748048086,0.747728657804626,1.6709776252976523,1.6534551827603583,1.0487869562540066,1.4139372384264763,2.5623996998151255,2.7248713355140266,1.879920898089204,0.9009741487352031,1.1947810557223424,0.4515828335838101,1.2564004770310546,0.5031715785199863,0.7587943092857623,0.5096717280102009,94.35962978079633,57.14067491556451,18.700664190295164,174.77221612951698,175.70684888955645,153.29820326691217,128.8402029020403,1
0.9537152185415277,0.9426220643654876,1.3416145105762356,1.308856625820815,1.161634695790767,1.1800440194837039,2.3195770126246953,2.310896851268889,1.2366180742001835,1.2138735793997604,0.6547106038016037,0.1230205482222152,0.7583578775388047,0.1135425951429301,0.44408001286739873,0.4277822507491152,75.00387181459041,69.88126408619581,11.19233999674868,163.24409965809485,166.30417185366773,167.7967642754073,166.60326692939708,1
1.0541133013589705,1.6729941699021644,1.5766356295498654,1.5622441949007455,1.1355357851278527,2.2901072301249132,2.362268812436729,2.6506636117618516,2.6367722348170552,1.3629336349813486,1.7467284079026897,0.6185961968852739,2.0857850804671503,0.6320039620638026,1.005569609475995,1.1102704538766548,109.09703561322029,66.24936978559131,39.75665688324492,156.33966870383958,163.42293229361596,161.91042995508408,170.34448571929556,1
1.1048874752227507,0.9902820226902671,1.3373533792360877,1.3489405825570324,1.7309821166704844,1.4829427021664312,2.2609747758473717,2.2703056223068714,1.3986812728226632,2.0194964113634035,0.928810652844004,0.41842236951619527,0.9440470036178421,0.4985477002500175,0.9142668624271907,0.7890686057523074,80.07630025179762,103.62097021171937,25.65207710254816,148.87795600399235,152.89765202964588,140.00343736170976,167.67091317168507,1
0.8109014944592612,0.9214270121221705,1.458900604999146,1.4898315369075783,1.2789891069609303,1.3407785968909236,2.461865697536136,2.4909071574620163,1.3677147034330897,1.337754755026214,0.7288858735818812,0.1530244050923811,0.6913015654319413,0.07083145674033274,0.412403817196215,0.49977301741086044,85.5236854706436,79.14914009256083,11.911581903852388,171.67717800322873,163.37644322345906,154.23970419708542,145.2383683504986,1
0.6816717346045824,0.5817336561419773,1.4882236211197026,1.4432175468970523,0.518099341892287,1.378646911893024,2.362272672740073,2.5664361957491,1.7516926146467506,0.5341213968732414,1.2364537983207362,0.4174224865993285,1.4967180902889567,0.4394119262418429,0.6193425486919771,0.2710658501135939,101.6448611783115,24.64613308831656,15.732342653806738,170.09284490707182,175.98210170399042,149.7057437225922,134.78805612045198,1
0.9380918934833637,0.8101441436814986,1.5687540880542112,1.4993610175902627,0.6103771594876874,1.5388228806336877,2.381190202444521,2.6828243808142873,2.1095706597998296,0.9748124404435391,1.780087586374646,0.6631406747563627,2.142352123283207,0.7135033012114361,0.8234213842367966,0.39425581964416545,96.168420181097,31.002379729784266,30.92769757666651,163.29901713153626,169.28574074215038,154.00203813700773,145.69773926827673,1
0.9389929061185452,0.950274132249531,1.5369335151950367,1.4944663209775084,1.647605761268334,1.6936515123978284,2.419433234697699,2.4564093257581496,1.4826592293026475,2.03552068252629,0.9265080895761147,0.3863088365194807,0.8947985278614492,0.39074953263721834,0.785754309000087,0.7855731309184072,100.03937516077157,108.16152090580879,23.31785637141282,151.69343724519888,151.9973473852381,140.35708034280398,148.53910456173176,1
1.6554074338637597,1.840378957488589,1.6374400662700164,1.6747901516034651,1.3045450215724521,1.6225527929093868,2.606146486174423,2.740168055506842,2.621243512831862,1.9556113569105749,2.7940430642649896,1.3274423646003215,2.2857734585622476,1.4977503510624919,1.0367060123157383,1.1428390295996853,63.87462531761255,62.67832833276265,73.31006373127084,165.07165126319634,151.17675202702662,156.06671844279646,136.00404018027882,1
0.890263145967397,0.8452271466749683,1.3192243739829965,1.2716636547317162,1.3970840485875937,1.3806043146418683,2.2900003560050215,2.272071592577266,1.3866378797265522,1.5149083337460427,0.6860635720748178,0.15854406388734443,1.043438665223139,0.17634489352406169,0.5872683764463834,0.6181375882128732,90.65308939482179,95.94932758390729,13.585631276867492,173.45254713691165,178.21624759447826,172.2358770265991,174.36236374899104,1
0.9055708168162547,0.9089076184927232,1.6797825312374908,1.6272607440016236,1.2468406067742412,1.36021499385952,2.6627607321192697,2.623786395210318,1.6590363450790684,1.0681072659154476,0.8300131543596502,0.32920018811567725,0.7139979824365111,0.396298114709295,0.6531084425672841,0.600998638110545,77.7777969322599,64.57479248563459,14.589840083587047,166.03222693264073,163.570663749494,136.71233541552724,137.05140452544617,1
1.1384122431677068,0.8949197157900765,1.5278049685910882,1.5531398078731498,1.538908486990523,0.8622454613691709,2.594080942691259,2.4796881747743127,0.7765768127092544,1.9468571164435788,1.1799549608300757,0.45432320099083245,1.3840132382681467,0.5370117148911973,0.7154914261778479,0.7049485216593684,43.794947157700776,84.15736181499291,24.3114006855643,171.79163689563507,177.89663851355485,137.65002629654708,172.6281337621794,1
0.9066648058228797,0.9472606948483933,1.4036427169950008,1.4222528093020257,1.293241293426234,1.3514567232566241,2.414907103570069,2.4183448502542637,1.3701741746011962,1.3364406469092633,0.46516971158529047,0.11645029775824176,0.5046929864258755,0.08639360471308916,0.5000145779241749,0.5427665441624422,83.6245283592141,80.86549047173808,9.067775748342605,172.44423056697406,172.97580561800982,170.49384649627083,171.0461679500589,1
0.9450327746247621,1.1117302165130416,1.3326341598241325,1.339767599062742,1.1174848084410787,1.2576146017732215,2.31688593221691,2.3493288214120116,1.4638248521842916,1.0902220416299575,0.8045989002070828,0.2363544144352683,0.8575624682726413,0.27492264884544554,0.5170876164047608,0.5767695815570805,64.9390027309767,58.78395565255921,16.627306481069585,159.67039886981013,162.8800948017063,155.25693293526902,151.54943496683458,1
1.6543413901209558,1.8685482091025254,1.801733212971838,1.9556538969705828,1.3634169669188183,1.668652515538367,2.7739490207849182,2.9657757577564032,2.671679578596295,2.0961420545710268,2.979810651711263,1.507832981739368,2.258735809074548,1.6096404471342851,1.1906459408071146,1.3819983862107987,62.09764227715877,64.95630853811866,74.39164631110931,164.17113956445493,153.1872656875927,152.51817975707343,130.98760753808966,1
1.4406750796848569,1.787313572043905,1.7994045577485411,1.8375448224182356,1.5229381479255693,1.740972111988506,2.6467040292014623,2.786577999168489,2.183387613487681,1.9285913269881367,2.0353233119286016,1.0471506470027443,1.6310934322911343,1.0311248481355302,1.2925573065087188,1.3751290043147846,68.95561315673959,77.11312985842592,56.242717758604385,155.56555894048645,170.7480074034012,155.2696777970378,141.5783926669246,1
1.3814419439277736,1.225024167263284,1.5604683384952132,1.5883233607864577,1.674848625990909,1.2681164600213155,2.6458068594245314,2.444674540724854,1.181099367652712,2.01359438064297,1.1759260349219414,0.5637630982880106,1.0019788006235935,0.5611410325919165,0.8872331427666316,0.8596303691998897,59.20828684213766,81.8173465374687,31.457331532668345,162.8637864697147,161.95190707525825,144.35614943055464,163.25297781459682,1
1.471271760596976,1.7332661787537156,1.7931642046888348,1.871654572636853,1.7787528739801075,2.087312167926455,2.5718159714760067,2.7583991654889024,2.590894964048338,1.7130587542383797,1.53326290728531,0.7072598377858575,1.2827805492615911,0.9054279824535962,1.2986214023801483,1.4750700519679711,95.2110094331905,80.96816911938583,38.659861029847924,174.1982037270466,157.31725763434102,160.74326583899415,142.25311665925068,1
1.0995380143383089,1.0240230698301647,1.3651241097210733,1.3543504667506499,1.3353426851182002,1.2645697368330437,2.3479450573660348,2.3617109543449133,1.3035997618786506,1.4019928050905401,0.6799001161398103,0.15541430278804094,0.7920183171532451,0.09137015458502669,0.5099418114045304,0.4887572757470915,75.00450966897445,75.87285561986062,12.597634694011118,171.1594263297408,170.58836960263045,170.0034879453486,168.96922948714786,1
1.4754860668559642,1.7635443279183318,1.6309972048771835,1.757860208329396,1.5906724751264563,1.8667072968810636,2.4654688304409107,2.794844158529235,2.388603503855033,2.0854932544735485,2.3492515429306358,0.9568056118150052,2.052773258525323,1.1127152478475009,1.1913651334487168,1.2613284060381438,77.7723734458779,84.7775910424375,58.148960579982905,177.99228762763852,166.08189081891024,159.9547445182305,135.22493409902512,1
1.598068984581093,1.6163679696849653,1.9026374268355442,1.7206921342069361,1.6287790764844496,1.8894691133918926,2.599038141566458,2.5767444461318343,2.3519503024450925,1.6149607157276862,1.4728835958587683,1.6192758691259073,1.1375488902605675,2.5803648245775785,1.2343468657398227,1.4073705538800882,85.60277493343385,68.13166309892016,83.69774445939177,164.92473137662617,162.3837610692505,157.77514742050232,151.41989832230976,1
1.3981830398386772,1.2470614503132167,1.3325966473322444,1.1992905093134434,1.1860494276437226,0.9281407089317264,2.4034115835128667,2.0521457917166566,1.4298532444168055,1.7866864932585653,2.0307838750573888,1.441907596259372,1.4091390110196917,1.52231710320251,0.8016620644610645,0.6957462207135228,52.284215541531026,63.80048338499002,79.05621004874163,117.75434600733593,108.6623477465782,130.74592472568054,145.84986367461207,1
1.0935746497659362,1.0188915510585284,1.320763466772549,1.8378532851077043,1.4529795778249206,1.0447616808744966,2.4336301582308093,2.66804843411068,0.8907724913302459,1.972225178844253,1.305851346333975,0.9843313827367516,1.1600632263138708,1.4176499441335573,0.6458194246726061,0.7690794461500498,50.80901995255111,79.1240883748842,51.03931711281187,162.41040137576937,169.24270016228093,135.5603789690663,164.71859127280516,1
0.8021582016884253,0.6898276983750574,1.7213990839327857,1.7331326315385485,1.4289630834119647,1.0360926086111668,2.7570824958428886,2.685479089486046,0.8894415941365986,1.718671364927082,0.895016746326965,0.3162710890465448,1.00917692851315,0.3514769922259533,0.5565289972612425,0.6251622262243954,48.51342706836572,88.6818464402575,17.5455327185337,177.38404970392983,175.6908484858893,122.73231436006937,138.37877923739745,1
1.1571710654776826,1.0859663376877804,1.6152235786453042,1.66128270021474,1.5698615858226719,1.2308591975194043,2.762363669788794,2.4298142647610286,1.143036566660425,1.9266136241257006,1.1259450523770744,0.738119802704325,1.0113478634412978,0.9441598751497257,0.7233483281765184,0.8569116507199881,61.83197284708319,80.6017802951902,41.344428409682386,164.15338240696985,157.12017304108394,141.1436387998364,163.01921492841814,1
1.0881228525470519,0.8341422009879575,1.2393634276938734,2.151064469426611,1.796223478868244,1.16842464369639,2.344708600619021,2.916708017413245,1.0628036092053772,2.5371877158153473,1.814177441330334,1.4507648064824008,1.7479101721260728,2.087238307407829,0.8627025592520379,0.9227281022064121,65.20664499784868,107.04053201336738,78.1620220962514,170.75054619408832,163.96348619265814,116.73740870695886,166.78772825389774,1
0.7465543185372491,0.8361644745143215,1.0456206290594803,1.0470172091091607,1.398083300643529,1.3802524053211065,1.7949146675927274,1.7908066692324505,1.4378344053684589,1.381931640585131,0.38414393714723044,0.41766107400791336,0.3852050561282715,0.2817778111910288,0.8543980413370852,0.9082197722330959,77.70010025210314,78.01590427198173,44.724445186857224,113.07762757838195,132.910749875755,141.22580579274475,127.83084060933423,1
1.4637897202881527,1.4572693284384532,1.4798290515264585,1.7754282326566706,1.6502751900431956,1.4875492605513907,2.6400135303798757,2.566078977134067,1.4354984554903514,2.2942177531295425,1.6854330486254563,1.0961992561398708,1.3754974864200207,1.405079288659276,0.9275058375851296,1.0343809414719147,61.58467307365331,73.5163519586372,62.07376695107721,159.43736359026894,153.47635595391435,142.0649779914444,161.39759532889806,1
1.4622019032010491,1.5654098550872024,1.6043822026666497,1.6273680952845773,1.3696792952783312,1.3746618154272068,2.366164551134977,2.707317191246559,2.0346863102118244,1.9131811419048068,2.0491986941982443,0.87362258930503,2.47742546210001,0.7471412545709167,1.1806546539129033,0.7124982183684713,52.27024265024439,56.01963248989734,55.22042865517129,153.7937236147797,165.9955694992067,154.52835247342531,153.45137657296985,1
1.0416442069832927,0.9212513792116281,1.3280542444930619,1.9248350951473152,1.471586624911848,1.1549303208197155,2.4279458953296986,2.7751830031250755,0.8628634357942957,2.0062060571185296,1.236513490637435,0.9990952907132189,0.9706788624288732,1.4624896405487746,0.6054467723305534,0.6372234893113181,51.54039808369432,83.0131966784938,49.125163700761874,164.39207802303326,166.71614831306167,124.01857068068057,161.5039526436627,1
0.8542447033090138,0.7300474412745236,1.9038038409019264,1.9457762884264185,1.4010353773131345,1.3680499228412826,2.9250628331336945,2.8211530350991216,1.5642528471210133,1.340951911775166,0.6584993503690962,0.3023160504175519,0.6576252264793457,0.2673193127110297,0.8100143641391963,0.805725320920656,94.50798945565879,77.47460236150248,16.018641434085144,164.54499794106255,175.61049701809233,149.71162707386893,143.82720187789315,1
1.2082540323358353,1.5052366274883162,1.8596246480013208,1.5504902314506535,1.4255325729441537,1.7923627007070926,2.6302900803162146,2.5257351411459235,2.2846843171207403,1.6049520620942115,1.7633434451982573,1.203248358226817,1.457451124130911,1.7666362210572009,1.1292797386670375,1.2225035416861423,82.22213547990984,71.34117423965849,69.92406516633011,168.2855339140117,173.14070067545512,151.70062266850235,128.9292714107219,1
1.625542746341932,1.354138337887592,1.4376003707642486,1.385704206656359,1.8751768340168122,1.4945650348125972,2.5352156106316124,2.3210420038595934,1.7892844736548161,2.2670354383220515,2.023169561332647,0.7596847070987259,1.6603247332472202,0.7478099324405997,0.9995533938537573,0.8486347734795775,78.59906765537885,81.72623389739964,53.81455259859604,163.02344109687814,164.49128882565466,127.92520202184527,159.7290269242641,1
1.5226946347909043,1.7388299356561154,1.8494909124533239,1.7071104387814853,1.7837977182079785,1.776038813231852,2.5385400637350437,2.8326693821254243,2.7871703781168535,2.9133163568489775,3.2620390966068173,1.679881984733096,3.3050093786639185,1.8917961783601291,1.443377802126085,1.0138926446011458,71.74261150740865,86.16458240066713,87.09119627030366,160.619062822519,171.1971821413143,149.43968697044568,147.6162747428722,1
1.2596711685722393,0.9522785391436563,1.4158937968019576,1.3753380167689717,1.8296175541445319,1.2699207772563785,2.500212300431408,2.2603415759249548,1.2880565529055237,2.171056369782062,1.3360474286622466,0.4045619766639894,1.4505479836995863,0.46178506575271755,0.7331613955661559,0.7175736204072096,69.60831799470235,97.07300006331118,23.887603728999487,166.7553996203074,176.17699202369943,131.002257048284,167.06346326758364,1
1.7105750181178156,1.8279019213577796,1.577862560340743,1.646534652722833,1.3721210879236228,1.65220952051286,2.506957501209128,2.7338271918129147,2.403718473051207,1.7347845675977684,2.13817003861969,1.1478455350077383,1.803592391111762,1.2895857434136193,1.0088654170748186,1.0978572558319302,64.58797484368463,54.88341813809515,70.6807123089004,172.35525011819374,158.15082926481816,170.8544321503452,150.57044100362054,1
0.6500693960952336,0.5881218921745134,1.3439721151838684,1.3346315155643294,0.8040825256749732,1.2226030423637606,2.342114846214107,2.335756662579931,1.4187901981964468,0.7305491147655276,0.6662942279393188,0.19612029609559248,0.8947529070576695,0.25890064576019955,0.449417721036316,0.3928461555891797,90.55502364067915,41.347592224465664,9.886731651376985,176.74547868035867,170.43113329898708,166.14665146804305,151.47763361159173,1
0.494978541535381,0.5377282758591585,1.3752282485051608,1.4097290845206298,1.1829891323912238,1.2168421927772177,2.373929764515531,2.4112432011751883,1.2401801437259545,1.1835495124813977,0.2856328993274425,0.10139564808879267,0.2963115447286517,0.07318359168867654,0.26686958166693603,0.2873511401148814,88.62114510963904,79.30052022780397,9.03673446331614,173.61485489377836,173.2202147073215,154.86701136446936,142.18703369113697,1
1.683193723496778,1.8293731528662434,1.6170257624274906,1.6206152627357324,1.3627288782858247,1.5919124017782131,2.578578188148036,2.6821666480418345,2.465142674686421,1.9002452202694209,2.5569229116155747,1.174625250191383,2.080476849583314,1.3583569856376476,1.0793281319526218,1.058594183286919,58.12529510958878,61.60998931625773,73.04804209097315,178.66252906913365,155.46857654755237,157.7109161522032,137.42236858856387,1
1.1527010425548563,1.3016562402428926,1.5808357665137354,1.6675521533588398,1.2102884008625434,1.4414927600884397,2.442346177101048,2.7994918347206275,2.0008717164641583,1.4811964502299932,1.8840730116736832,0.7496471149796097,1.6655169201558546,0.795656851569271,0.8204302318631006,0.8013578017394941,67.24388465005029,59.37226250344357,41.015451111636594,161.68416390464054,143.631475430139,140.90518389261166,124.11164588413774,1
0.9381906471733389,1.078865808461645,1.6562118438971793,1.5031979583413062,1.1731554239448627,1.5512559753872457,2.5657454530337747,2.538097371359886,1.9840962879821296,0.9895825728189466,1.1284040914343605,0.706545560653467,1.0296460017486857,0.9186498494192364,0.6663528430758673,0.7565932400200889,91.04403614648353,53.22701226305842,39.80672283960016,163.31290032947783,165.4350720840688,171.6076472207445,131.35850365616733,1
1.2842249841944642,0.9175475035082163,1.2255138669869021,1.2891134755649207,1.5597784158678394,1.1776971023994414,2.2951101741739226,2.218469505625295,1.014898216473471,1.8984286634875696,0.9426150793087785,0.5099805491262032,0.990109861976476,0.5355119676401874,0.6593443721557991,0.5574390215118206,62.66110873388888,78.35029937383362,33.99466500388951,170.73247834219825,160.67393554958983,142.48928154140734,168.67042363053093,1
0.8333713252914826,1.017083968858092,1.1868916065157458,1.2136958543226672,1.0595909628084843,1.1814605420552737,2.1046574077070836,2.2929718546405082,1.3359814844004576,1.0049206295633692,0.5933693215555943,0.27911715894198413,0.5029276155439766,0.2835945940481841,0.3944995162772553,0.5153460221785531,61.02571872832461,55.80015460026699,23.69375893272842,148.76746213279824,128.58864914316848,162.89137796580073,142.22702512874162,1
0.5626984959090573,0.8352557902514774,1.5359409635969592,1.4303760580513332,0.46798831099017374,0.27640070713764925,2.4611163702400822,2.4694703441880033,0.25679063019633663,0.49591419315858926,0.026054211751127276,0.03680187874217843,0.236368163887814,0.06694494727110241,0.5987588556546669,0.6258492728179557,22.11898725811413,29.30090693792466,2.1546222130596235,158.9120297588487,158.32604564050501,150.5872101866829,140.81675847168887,1
1.428839008480932,1.0202250504246135,1.329340598176195,1.3450429722352353,1.6570105898957586,1.146045137976867,2.4399899704213377,2.239703247978829,1.0730846743403688,2.028757512989849,1.2182872654117916,0.5424037160651598,1.2884098818084717,0.53268195141007,0.7296010388970091,0.6176215700826042,59.976333811575714,77.60190065435226,35.545499900682934,172.31311953369695,160.60917108146035,148.0795426549747,164.1657250958873,1
0.6385568086651036,0.4453912884279708,0.8663122309433555,1.0574663488589444,0.5503055295735322,0.5636915450504669,1.685688066945163,1.9569004842463917,0.6683581326533534,1.1807130920792008,1.1953386121940783,0.9689273260795028,0.9071880988176146,1.0847802353951383,0.2672124553707054,0.3090320405079768,35.03007245547932,29.497620570540484,103.61229376106603,107.90712330260094,98.31152368058378,88.59966933184168,152.95683036842289,1
