left_shoulder_left_wrist,right_shoulder_right_wrist,left_hip_left_ankle,right_hip_right_ankle,left_hip_left_wrist,right_hip_right_wrist,left_shoulder_left_ankle,right_shoulder_right_ankle,left_hip_right_wrist,right_hip_left_wrist,left_elbow_right_elbow,left_knee_right_knee,left_wrist_right_wrist,left_ankle_right_ankle,left_hip_avg_left_wrist_left_ankle,right_hip_avg_right_wrist_right_ankle,right_elbow_right_shoulder_right_hip,left_elbow_left_shoulder_left_hip,right_knee_mid_hip_left_knee,right_hip_right_knee_right_ankle,left_hip_left_knee_left_ankle,right_wrist_right_elbow_right_shoulder,left_wrist_left_elbow_left_shoulder,pose
0.5084115545923727,0.46674736785388843,1.061515110926836,1.550981446605881,1.2953388119890457,1.161449222802332,1.9238632363489212,2.1401713093121018,1.411673165621068,1.7695830172681812,1.7145615622172485,2.0944742822207476,1.0898002336953512,2.757996498646935,0.6013025209392127,0.7048092482297846,56.12419216560875,64.70998957701153,140.52048979874212,117.91161312279982,85.49792781726644,57.62370494225738,61.59568361025381,0
0.8742362688920864,0.3832179388939096,1.07394870041434,1.7757215299151983,1.257883342846043,1.1280807784414333,1.9621996826696932,2.37526507578575,1.5214123842854892,1.4300176526927952,1.5852478218607495,2.162745875117158,0.7497122684748029,2.887703114124873,0.46054266681404926,0.8382492984056806,56.94023214143724,48.487950479609665,137.97335118038626,127.09384549099278,89.79824798233507,53.89533935550294,73.87298896947898,0
0.4452051167288705,1.379280760414596,1.3814361388247116,0.9718165308076956,1.1733409006049693,1.7771021267315774,2.120328132319079,1.9329656694750672,1.3848713838180529,1.6232128206243381,0.8341164321054764,1.3826058568673898,0.3050714617037788,1.4871001421239343,0.799703578521582,0.7852439450155446,64.64281395869544,54.069160847780665,45.94958884149392,66.92668214051582,67.82150749578979,118.74044579410761,52.31983351760812,0
0.6151721809487237,0.9967036343809187,0.8992154057062179,1.1350802931419948,1.4881330358629783,1.3257133212620553,1.7881393512336003,2.0592069802575454,1.1240001137917932,1.6905682054203226,1.2493143724880449,1.5156886240637473,0.39497517511563146,1.3848058005625228,0.6398625782417894,0.507422820047448,67.60171805400253,99.29970078352468,97.28296294828844,107.114342763811,56.51265176217784,127.85534853586292,75.88655646363682,0
1.2208469695809152,0.5098569154033007,0.4788938337543667,0.7547663377531308,2.095196151676429,1.502593611184415,1.2898810333538626,1.1184973229615234,1.8320380035617094,1.7762499246163441,0.512215400680766,0.8173200493166327,0.28355874142541804,0.9872100788934425,0.9910161350789424,0.9671254349070375,104.60142870066461,122.13412406184332,32.217702702708536,45.98653595471905,31.674532118667145,65.58171266447866,130.7174125890886,0
0.5130312769510472,0.31564231697836265,0.65746642550027,0.7084191370593385,1.3627472071331643,1.2149880952273815,1.525734467585347,1.3767614835813025,1.039953110112925,1.79704497324205,1.0626985945555192,0.6319423821248287,0.9473277015500332,0.26957281726617044,0.6885386068379941,0.625605746618794,47.362762169045965,90.95016602239345,33.93448689682428,56.55392461950044,43.89767318233566,51.008370021860344,97.29640974714125,0
0.4680229959054736,0.535915597672428,1.2098342027920668,1.0199934896073815,0.652799815886873,0.8147778346878758,2.177834243522675,2.00973086588711,1.4276878093087697,0.9515471184535401,1.7209475474634732,1.1919602844088646,1.042461727806653,1.2937296721695604,0.3773019289872032,0.28477422141953135,51.37562462395121,23.35213572622196,125.1324391496366,103.65558473413267,125.5075626826114,55.248393496801675,49.04681932643579,0
1.0280061073486089,0.994123735307247,0.4454502101103219,0.45111862776489386,1.9532888173454,1.9205497889144851,1.0642486411559897,1.0605841013358006,1.9225126184132255,1.9653900478187583,0.43626691077011004,0.4233005851008208,0.19127440544773872,0.2948709833753354,1.0805434222389358,1.050137988726442,120.66067632519213,120.34583523853085,22.621385901773845,25.78178397266176,24.09625054543315,116.40772333519806,123.81785947729982,0
0.8801240546895291,0.9963122685632914,1.173141537019629,1.2490235453554166,1.0367967320519782,1.1417962811424698,1.6152223283602307,1.7728866915534434,1.6391254977235017,0.8277212163856627,1.0856715921169828,0.674463589977741,1.0860602616372914,0.5560279596295411,1.0058294294314498,1.0902686639450387,58.495647413535806,43.78781071503583,18.907334320170385,60.33576865717539,61.56058665274576,160.6518025483229,125.0413534005511,0
1.059403353418248,1.2742239332650485,0.6662699840656182,0.4025621426451948,0.5291623455747017,1.1170602015184716,1.0625165079536165,1.534095808396447,1.7363548139679552,0.6128800225710845,1.4826558516837933,1.123292402811955,1.3825875311306353,0.7053426199739862,0.5781704152846062,0.5000310598329982,59.930495722233005,19.288490816774853,105.81974822424304,25.720340263388493,93.80221584400951,163.880859914946,153.7266948056719,0
1.1379026805717223,0.9589729638969279,0.7049904429784911,0.46929120031555005,0.8976966358231608,0.8859459239815535,1.2832318290164135,1.3233334539211694,0.8673373899512438,1.0690736767971307,0.5778204589457243,0.7089051537066985,0.6590347056192776,0.49571711727879725,0.7649610640401283,0.582627108679972,33.47155660132035,35.43991432494656,21.593247897204733,26.968674102187148,24.14067498070071,137.8149073133962,152.0920366412814,0
0.8087970035811031,1.5909055972415207,1.6191551905325092,1.1639873593921863,1.6944078952049344,2.1115646629185107,2.182302234681729,1.8882908146748671,1.4953246884615452,2.3868191408465966,1.1805227827731575,1.2813735618848208,0.3930680168064483,1.5401471284193085,1.2800981312881763,1.1418993028944753,77.74207483719177,79.01140790435129,35.503442752021975,69.25521781830922,82.68668898868798,115.98859147113029,65.60045851698152,0
1.8418612034047825,1.598382670273216,1.4063334088566033,1.51906620941922,1.9300805978079594,1.5911131926808855,2.269828505033599,2.4418732609413465,1.6410612878840416,2.043712237047283,0.9668272752943631,0.9632554705468355,1.0446851843979985,0.7878323624680478,1.3418522800408996,1.2252656857587392,39.49785617914415,55.6663624147638,36.04331617672542,69.87283649896847,64.46839265208277,116.1986073217439,131.2777517804138,0
1.014234419375053,0.7982853109867541,0.8636757314537011,1.2806831453761964,1.0702468409660677,0.9300145278668506,1.2866328067240922,1.405870854102156,0.96531216267071,1.1673250247339468,0.7986763539670214,0.6749538503614629,0.5854794951189565,0.7676828968572449,0.3117471608684516,0.5625762913240778,85.60555616887667,82.76215312311162,21.99377208169502,56.76948403738049,42.04167143527705,121.34625114437756,136.29078285963462,0
1.5119374248775104,1.3929794668783246,1.4949398757110726,1.606203708587633,1.5852688091884655,1.400364168113896,2.3964218310806116,2.507675914902316,1.521911435679893,1.6337088693797774,0.9036101516898788,0.8948315888283768,0.9671691001670193,0.7766523878954911,1.1776309981388573,1.1639935212928116,36.93389535085925,50.32907995066885,37.175553197283314,83.00343414596628,83.09104931368783,109.2542468732694,130.33944924582096,0
0.8328960717629351,0.5296077057518396,0.7514689715907156,1.614217474588103,1.3211587529416482,1.1833238473809464,1.5387577579001164,1.7735022593838194,1.233829875040663,1.4118547766876313,1.1165300570338557,1.0311295724205907,0.7923774088013548,1.3466132622506726,0.3541198142622496,0.8460739500607449,133.86079399342,119.86576976098208,64.15248246276204,131.4416426473238,82.86589958642729,62.60073734922773,106.01054675472547,0
0.968666955175036,1.2908682517822614,1.2046021519789523,0.6809881271010899,1.89791661672592,1.9224407802832197,1.4078684315267564,1.324809382787546,1.5231269033805102,2.368145651102427,1.1520501475673137,1.136696221747647,0.552533358925863,1.2834744690616156,1.389560771462711,1.0633669567057475,116.28013156765886,130.14101135600694,36.5746907985874,52.19387930692891,67.09665087054391,160.59737484788639,151.12688448072475,0
0.5092006048933053,0.8786981158209407,0.6301042593893729,0.7636332736729612,1.4003842769083181,1.509143648121809,1.526492774204509,1.6573191438667163,1.3259995837126708,1.7741272621215887,1.2832394952478043,0.9413684724121225,0.47539069731501465,0.08538137567923165,0.4381354333961239,0.7820447286486427,152.4609938843096,140.87146301842458,109.15153905292111,65.67472112859564,79.09376947016744,91.94537895423753,96.89470845468846,0
0.6796788189924862,0.9656698951517452,0.7007430228542936,0.7073406827120743,1.5333836972189647,2.032739396763673,1.4992400870642362,1.7698502792384418,2.6444000352308925,1.6323563357721877,1.9650832647935437,1.351731671213013,1.7397808207459273,1.2041903837138348,0.5942784016003639,0.7976065060834853,142.77114736175156,125.82696019234044,122.68061928975446,57.62144543708465,76.34528246173478,130.71982197576315,117.32959617698037,0
0.5733803442290347,0.7538129407459908,0.6814513101866672,0.7121127523675703,1.3578879885304393,1.7333102084439909,1.5086811121518047,1.7520570386793246,2.2104092213885673,1.5085644235517333,1.6836086792415144,1.2474181446463084,1.4017591734480879,1.1070993070133683,0.5239740853571087,0.692459681407589,131.5882612011381,106.60223609922275,119.23384774242776,59.30171846681355,84.66620164715194,128.95180913721848,109.28271469379698,0
1.8698528450705636,1.6710741952232542,0.6117895711806349,0.6523469202583599,2.755249142418404,2.4655735107696786,1.4365552575670169,1.418481434795322,2.5130912915248405,2.7447172854361845,0.49584335534068275,0.7034350466730632,0.5607995351709055,0.48728667607187204,1.3953568851149851,1.2428267184963921,124.2687537488987,124.91615797050991,34.303471108530275,32.956836404034576,31.471977316216815,154.55752930461932,148.93971990149237,0
2.3229999935642938,2.069516821899659,0.9242041476868288,0.9123488324242253,2.7224429871003633,2.322504612197352,1.8955977847626522,1.8831781153608909,2.3701660186897464,2.7753852523274234,0.9158751052464179,0.9736493789606148,1.0511516730877832,0.6755375176780537,1.3478620183635457,1.1047515411132958,86.96452161671517,88.5349378301081,40.96376876649907,40.22012774772153,40.117175033592126,169.79305852885503,153.19665216531212,0
1.0464124266909551,0.5972410153457702,0.40840009896956947,0.45352900983342154,1.9657184052414738,1.3846571360171775,1.3476107628791507,1.2722543311756298,1.3447585837488885,2.164681587573299,1.0669478818077074,0.7703132138838001,1.1937805490057425,0.47624160525547704,0.9406998363714635,0.6541166490780467,112.97718420236512,125.69396917005318,46.63812460246692,37.637155161063475,25.88475614656,149.65077237724205,143.71295771090575,0
0.6440785416616024,0.585282147654548,1.1804588889031844,1.8951174891584122,1.472414488883236,1.2193876356959192,2.1949005792195377,2.3820126845543874,1.4158880493562418,1.907482072887064,1.7187929191807214,1.5503692238980324,1.2421359615016232,1.8861357558710006,0.6551293286820713,0.9249201226773847,83.29269905895242,96.09442202641574,99.96552846723208,147.23542300092586,109.35036910487615,84.06843734422816,108.92366884070319,0
0.4802137072284242,0.6774625671053277,0.2758020722828891,0.4422443123523292,1.1705281959966407,1.4510043453224886,1.1317981064485603,1.2845822846363282,1.6486537481485375,1.2726545144758161,1.2220098627455485,0.9040881051498602,0.8747091950283924,0.670543663573481,0.5627985470835477,0.7312753891472105,112.69555905449393,82.86918220011476,79.10162061487297,33.849845599702824,37.66387211552291,100.2834900122264,128.53328934494965,0
0.4794203783683943,0.7396602327737223,0.28519238638583694,0.4140658066886526,1.1508212218201623,1.5250376111748745,1.1087835337729595,1.2832544294406218,1.7737298830320196,1.2318028188003534,1.3066811308460757,0.9613414384095927,0.9841339777021215,0.6617035699092109,0.5704673322291952,0.7727140126509695,114.28339892554791,72.42459522041723,76.57329197461173,31.01283280866342,35.359660253126975,106.46390353749685,117.45926098512827,0
1.3878542063227117,0.9478814227818847,0.5043420851552279,1.0287859659185628,1.8607192882908488,1.9316865284790377,1.3859948967670166,1.6957658563267173,2.490465958442176,2.4397512131917174,2.3199560393529572,1.6798247450229962,3.133396343133133,1.5876773005917384,0.7649355748034005,1.081650768844146,142.10138422845745,111.97480512346178,60.358310278743424,41.77951098529809,34.298030716026396,176.77367425895432,164.57726448781045,0
1.7162714125733516,1.8811781038186512,1.3740603177757027,1.4014207172730875,2.488931171801825,2.561826715875586,1.9502348837179928,1.9832055041498564,2.6204566929813216,2.486251350643695,0.5807075621434914,0.5844485878228156,0.6047542804778201,0.5945209014836276,1.5774226822188513,1.6019829007516897,93.94133391193185,95.7273614808283,20.221528116993383,56.31930969906755,56.32501598707261,125.03022131992415,121.1359371355249,0
1.3844894898889843,1.3343483941129535,0.6794763282053597,1.2210611384225751,1.8373029599533308,1.650591300490328,1.5548621762338357,1.9480636687516961,1.2494696374008074,2.358365929006789,1.0765676720621251,1.0577941854679558,0.8292833441644768,1.1932406572383645,0.6263086267513386,0.250204478164914,112.2010744802799,118.62345328707421,35.48181952604785,65.76839220155541,43.55755813849103,132.7890480625337,138.56891519745616,0
0.8954852686761162,0.7011772677261037,1.056069799835278,1.0610433589180441,0.3473777229385787,0.39156101155285955,1.8444606848581988,2.1018730318443715,1.116496152566527,0.5856231556583603,1.376667158304635,1.4977687932191934,0.7914098171131148,1.5463121049488144,0.39514947595800015,0.3367509179875723,34.1362785858529,6.369468871939346,116.17900249796995,115.99958785075128,113.10870908903571,96.33000548174165,123.43425060718504,0
0.6512804820767196,0.5803660685805685,0.6593607270417927,1.0661889694565971,1.7005334471087916,1.405266053111337,1.726837469823375,1.8144234768605634,1.6156217759593465,2.1260788529662924,1.6507297794018623,1.5726542868289353,1.4188899842900398,1.5254080106061638,0.6399311734414568,0.5916128167979301,114.35605974856512,136.1978919347605,136.17087315643397,126.9377330254913,54.18434236751928,96.90587902875988,136.91201784265428,0
0.7992394295878402,0.6248239812086012,0.9822024460501695,1.2777231718305933,1.8919782691229445,1.4322522151284143,2.082227471001455,2.066104455107436,1.5161682751560082,2.337377501144721,1.6239914805360183,0.9803198638890567,1.528949850458887,1.0953614228907653,0.5513969805590839,0.583774187428712,110.83486999886436,155.87402349579557,98.97922781968506,142.24056804613807,114.62955060231036,112.29085176615924,144.42075794683575,0
0.9826361114351738,1.0479692449707758,0.7872127417973518,0.7726880180206115,1.5690255318667297,1.5834096394784614,1.6888875475663532,1.6511783338780275,1.4848649518972805,1.6476523151316735,0.5455865504443996,0.8156641354850652,0.14122259225017733,0.5783097127633423,0.7824799234074521,0.7816138501598296,82.39476486033358,80.00720941059275,35.88244140631161,39.99577821115947,36.538899029185856,110.15405553047954,107.41360455398203,0
0.7718089460363021,0.742338893017776,0.612726324308098,0.35989039802857403,1.5892374688972377,1.7430608514273132,1.2574812825137642,1.2617482891770504,2.0913862065478144,1.32002900451221,0.883226777381391,0.7863542600241163,0.6393313740652768,0.4596387439978678,0.846832928261754,0.8697643029568933,144.1855960326646,125.85371230269855,54.543808462521326,27.20162792052661,67.92506905373,161.87011329557873,152.47411569562146,0
0.6100540409546923,1.222724033340678,0.7979987338643155,0.4088445984127011,1.4775880284479272,1.951910044624468,1.250569399417973,1.2742919667715724,1.6854092110047976,1.7591386461635614,0.48919132617263406,0.9605389403956549,0.23404938306270284,1.1598444055758677,0.9866252633637193,0.8484905517839046,105.33009304509349,96.29797006362999,49.70923442100324,19.895555638401344,51.458056487272245,128.8308802702494,92.972743815914,0
0.7402097728658994,0.9393447426200552,0.7769857338960626,0.6794133933044378,1.409064290643337,1.791649130058656,1.3647092555841764,1.4365824845777446,1.612004229243868,1.6769549046393526,0.6437836482105446,0.7553801384152575,0.6300084898634503,0.6742723278277951,0.8946501608882015,0.9711901352716419,76.80861624418827,60.99783963360845,54.64540541855714,58.67440976902905,69.54372120742072,93.30512608066306,87.57903993575684,0
1.5212751543288248,1.8417518567544204,1.44394065137758,1.2083104361873682,2.311599908795718,2.313770896268692,1.8409133871963357,1.7944142018345441,2.0461052887624156,2.616210983606603,0.8140325018389594,0.9139543115071062,0.39761891630492374,0.8366626811354535,1.6054570815633196,1.5448874369326988,70.26278723247843,92.70671782360778,25.538359083792404,45.53371612305562,51.21879947105077,114.01479219098299,104.98397028040978,0
1.5983215263758328,1.5245441383243121,1.0992752559281964,1.0561138264083556,2.582950558877882,2.215335226933851,1.491336931135823,1.4097751113271,1.9400125812466011,2.8863892714950197,0.9239558361955886,0.6412688102948693,0.717078371525087,0.5603349968601652,1.6098423282443446,1.4393901123352277,95.9972974766602,116.89504536748554,20.573838215689694,43.082226433166525,44.64983160308868,120.05136000526893,122.86473011559285,0
0.5990523822871077,0.8510114326109386,1.5471275036073924,1.136695947179653,1.297610027117813,1.0458777299635607,2.3373312620976767,2.1947001460701356,1.1187366223673274,1.2349218136454099,1.1238854104667761,1.1733507759639803,0.2507829339979772,1.2739033584764474,0.3455349558958928,0.41461999491045226,49.395930942015795,48.82790880442273,103.04295666564099,131.20610327724563,164.82942851535051,82.40031040929237,77.15769229565899,0
1.9199350242687352,1.6739337187534375,1.5978487741042975,1.625249942822033,2.0993943013673557,1.9387908834276595,2.3481897693696525,2.3104579879986162,1.9276139883401737,2.159338793942845,0.4901192125071507,0.9387612887911653,0.4138463957183352,0.8311257091959209,1.5770250809876194,1.5110269334917534,50.82786768889852,51.88994512454428,26.67355121278796,51.39838730450848,57.356285649935664,104.36044298064795,114.85715445704604,0
0.6694813333119481,0.7236067198143914,1.2849712298013738,1.0982723609819636,1.5969828478612595,1.7114017838527198,1.8407983489199016,1.9615025111292652,1.9760334390612773,2.047262228794222,2.0881697388672076,1.5108333576269564,1.175774434229102,1.3372116870149837,0.8468696805274478,0.7833904989728638,140.1790914635777,128.1780255421144,110.51610639881416,100.72941393781161,122.08597733297266,86.59990896672129,77.60932287461806,0
0.8730387375079309,0.5029308028001124,0.9054178875813229,1.2725367193579846,1.171650757725841,1.1861872583572748,1.446280896172313,1.8863916405630854,1.3223000777694138,1.2453467085338017,1.3863167929999218,2.3130294682771635,0.3045194682940623,2.7428817130415553,0.45075111351045966,0.6130284043341201,74.64103062941015,47.486120877215605,147.0063884089046,81.79394662555171,88.53255523746296,65.43085856135168,107.75905151026491,0
0.6243234396299424,0.5627450324687507,0.4916252884994761,0.6968365915419453,0.6392528007766408,0.8052260924835706,1.4555397980183722,1.6712923223910665,0.8850151382498717,1.0785475534808697,0.9736969280801715,0.7823400159933802,0.7651551316937996,0.7457624513052215,0.23704924315609907,0.250390793250909,15.358748677192457,40.418926304009936,80.34830075389253,70.34809120305886,56.1999300351856,82.7493666038822,114.3552141771562,0
1.323655372669301,1.502794492667564,1.881367528721858,1.7589703123703158,1.1934156976429482,1.3835035095603598,2.2614191033970563,2.460155377504699,1.259245116302379,2.2639303833310316,2.0983097616922435,1.6664269670576404,1.6296848303550757,1.281050736369375,1.4556065656125632,1.4601654056019318,18.191767515991142,48.84195424401867,74.95950178064153,86.22019575887487,115.84969154572934,108.31171344697694,117.98267998119123,0
1.2092294862857442,0.9702132359926147,1.0363185511150192,1.0114536711122375,1.1782749976380835,1.0859368182245577,1.9668299387310544,1.9140149927675425,1.105051996384968,1.1922671057403476,0.806046436328172,0.35763980100028914,0.17795258061899766,0.2517117407315367,0.838736047445003,0.7441919395205108,46.63609496553339,42.93762504693649,13.978449949488596,48.49978360485024,44.10539609024379,98.91456045313818,109.10257539975119,0
0.960417383013294,0.31595649021461664,1.1784031366945247,0.9098800548233952,1.4193169379387283,0.9414839406340766,1.8169693323795462,1.8691852365453883,1.5778851117629735,2.2504443963962806,2.2381464411554624,1.8153591955251935,2.4696226895430824,2.152495390321949,1.0760484951824612,0.35253068225743056,51.26221640915054,76.42628684929693,143.26436565110617,77.88738116067304,123.86920037053301,38.306038273877434,140.17620396751437,0
0.9181161849846403,0.8548931376635578,1.0120753265564872,1.0197211667768753,0.9739281706061214,0.9137613401073471,1.9543236106380961,1.9613251185445815,0.9357802481184815,1.0001641981052778,0.8179157141767501,0.3786775420350029,0.1857652986729621,0.25781984968206073,0.6551991236870279,0.6284564698585731,37.1183737413851,34.96667507859099,15.727057774548818,51.45092016964738,46.5625461133715,91.06354972607784,89.14951560018432,0
0.8638241656728912,0.7040800051267289,1.4335880817873983,0.662056939527291,1.1249781086039927,1.1458840527098328,1.7578111132281447,1.6187305503473208,1.668642044490732,1.3306342642473192,1.9977240700674763,2.1062135454021904,0.8892861104561376,2.284804922434184,0.7685333206362666,0.6331744292813428,74.57218685479424,62.836939483663066,127.60184002221911,41.660737544782236,106.14491893025688,80.54463548921342,89.00317051851125,0
1.3063541447742386,1.3519849670953346,0.9338325585860994,0.969594400249808,2.2683332377874725,2.2539654418833472,1.3024325130651246,1.3202889160967293,2.298462533956029,2.264902619452888,0.6466289335229154,0.34258023453077796,0.5255930260406649,0.3783521157713952,1.382847083527402,1.3787661284909092,122.87751505933652,125.03885340119929,14.847678962299197,49.576074459277706,44.08456510621101,126.71191725634759,127.16650459174357,0
1.041377035917122,0.9151801073561171,1.4746028611410005,0.9536044310459428,1.2455635068350461,1.1231440129694334,1.922475734386162,1.884722178949605,1.4371379117805931,1.1752713659769252,1.7838955609340168,2.100887932768139,0.2679156173320123,2.2388914048003965,0.6802802823793401,0.7086361871773075,66.56767719521585,58.27464548661715,125.80432833911351,60.44464005337666,103.8031386072932,87.46246097188975,100.14931665916438,0
0.5129590301864339,0.9490038086436198,0.8817723985902809,0.7522888908798285,0.5243879209773997,1.0270909413724725,1.6165029702483658,1.5944181245851201,0.7601560148928267,0.7370798481140374,0.6804428978110302,0.9719123573330335,0.47436657421071016,0.6754524198402974,0.3522128007090544,0.7079022190522243,19.946270879124636,18.72637747780794,31.68334844633053,47.73653161208691,39.12580527553809,100.87412241450424,54.380585885005296,0
0.5905538080115192,0.633797537466279,1.0684480012336295,0.9683055651191871,1.359064886386361,1.4661894970831213,1.8327303661108365,1.937431372638064,1.900090187744331,1.4959116757881044,1.5984174230631016,1.0589149813198093,1.1610856514376369,1.008761041960265,0.6234569640326273,0.5857051165990873,117.43909885508228,113.28841832834021,96.63435186493597,91.96250870148175,111.21913800460958,121.92572172572915,92.9703089872788,0
1.1357725126053426,1.323546136864967,1.2981877156489958,1.6755194884779663,1.2109873331365786,1.1940999712898317,2.0487511496370905,2.447177124912071,1.7103906763309191,0.9612645680360719,0.8699025958923715,1.150222306330581,0.8725657045161173,1.0497383506804752,1.0437194417605067,1.2732705934350093,32.38731666999459,26.19634354852457,50.78883572408191,138.2517313774208,112.87655274394206,122.22126920208996,107.85156305895549,0
0.7213107524161113,0.7635808173314358,1.1249492271995045,1.3950737538794118,1.4794118141781338,1.1816048029760142,2.1650925002363355,2.1239386559151683,1.152486654472644,2.26154069578167,1.840774061234787,1.2868559714325243,1.416807849738705,1.5438817963431164,0.7325464713902863,0.6876951869976634,64.48114175582558,98.60694040574917,107.22266450365998,121.61990941881407,99.56878771129858,108.10635381727096,126.37689289009685,0
0.812464349584939,1.0688380885955513,1.1753255824016384,0.7324014260215662,1.4836087241815221,1.5926630391776035,1.8887151190200218,1.5735062247209708,1.5467753301652098,1.6425151137364236,0.7116042676133949,0.857938937704726,0.6383908146135279,0.7435766953095606,0.9723896416893038,0.8701302979808739,64.92540301393373,45.70847412445415,38.72913197173291,50.76501483834508,62.50473323978827,100.77432782815366,72.6044380422468,0
2.3402398651204948,2.332851318448599,1.9768886533849155,2.0568385847308277,2.485323041550799,2.477927239061104,2.621360492226751,2.665339473682277,2.4383553562648763,2.6090483549002785,0.8460273242730364,0.5877633925122869,0.7744394791921186,0.5486145568143401,2.035807632766165,2.0742739106672317,69.43323362038086,69.56236522330026,15.902536563587022,69.63694979644276,70.26575741332421,149.26434656558393,147.42659000952497,0
1.1290760634954307,1.1504342185782288,1.0179678270510975,0.8224623132613126,1.6809828096677415,1.6207640224855095,1.7507483227721887,1.6212745752500144,1.6613004876239963,1.7338424144562272,0.6394811551384496,0.7068972256124655,0.6411446058299681,0.467625281950834,1.0706817583355448,0.958253451524087,61.63596759711553,57.285062785137434,31.185633525187207,43.634192385631955,49.845401549656856,104.19405352760077,97.7074751305504,0
0.6799477367531467,0.6512744271505075,1.628045587815719,0.9034770105155024,1.013766555472478,1.3536718399837888,2.33854857449767,1.993146397953206,2.0978612614371466,0.9389054233584688,1.8935529375202407,1.6757731379261573,1.3223721539346276,1.776193959723396,0.6882637864886076,0.595606652057567,99.40973466607211,53.90668545538106,132.89459702440146,66.70957591099129,134.17931754287585,107.51570325713035,90.5567083083119,0
0.6789530981464513,0.6467814275807687,1.6693739017279063,0.8293633316508509,1.0865074127041836,1.4215575339783775,2.4537841222523,1.8882256035390108,2.111319048561108,0.7890649936137941,1.5861744814221561,1.6031046843314318,1.1651355682109288,1.841815602691855,0.6263535320277397,0.6312116039997355,110.66399306472019,58.022684809635216,132.90558774760876,78.83042292218651,153.2548292392792,136.81121200225334,104.06117121850171,0
1.9403290514257514,1.8872778220154298,1.0814195592019273,1.0909960963491028,2.661234114470791,2.6235348182157683,1.675767991671606,1.6937740931391452,2.5859895891831646,2.692563619952364,0.41440645167124374,0.7455808976867994,0.10327141523264212,0.7874082611878098,1.56019254402857,1.530345061318511,121.9015646828561,122.1566529247603,29.68474786367854,50.906365791105486,47.9594550951688,155.08038151649777,160.03794419094754,0
0.9847530067384745,0.47438103581100877,1.0361233045690996,1.0258033457857962,1.0650027989883455,1.0382412013508981,1.6010737977807505,1.5770212901713803,1.078080865493349,1.0839042751753933,0.7187032399111242,0.6671259248350179,0.6791188192260015,0.6828468586232818,0.20655114957311152,0.464467774156439,109.98714739396684,82.09729364034882,31.250524910434166,56.62508202659224,57.47390180017964,90.58506919625925,129.7681292158669,0
0.48294807340005375,0.47894441637155755,0.7103667817726409,0.7295892293954397,1.3500502265560095,1.3726200601898775,1.2918423146737026,1.2664070138602814,1.420506985256684,1.4198709305650932,0.635799994169783,0.5322805413529474,1.0149418260940082,0.5291894800153532,0.7689106214223882,0.7997266385885866,101.56564840493756,109.84204243215565,30.19653559094852,44.49705008091971,46.61645176000019,130.42315325378974,147.19126799337673,0
1.188100047046004,1.2725381590045677,0.7614658938529083,0.7898159913783237,1.9653922563435766,2.0579954422688114,1.369057240936285,1.3583632076313463,2.052274513498405,1.9868257587887992,0.41728391699090334,0.5531379024014967,0.1842890490290697,0.4497164035222199,1.1466259842788644,1.2198810254051757,100.94561440805836,97.74360868110543,23.168628626391506,35.49400378934482,33.9718718096703,123.36531336162446,121.32004789508574,0
0.7273762408679598,0.5819552070446874,0.6267035257531488,0.6391759586618709,1.6825596348778706,1.5363778966543449,1.3114416242115232,1.2863116498112313,1.5838077091828717,1.7198368972738722,0.5921863414507144,0.5125882626204681,0.9027836694918749,0.4973756387792934,0.8568154369597613,0.7820605665737413,131.68114379937447,145.63628165107608,27.995686262652896,37.09465108632437,37.0612554674117,144.31615908389935,161.16361662235553,0
0.6989500616948728,0.5791735490648315,1.0786678507101617,1.9464934406672756,1.475281373282009,0.9350495878657745,2.2001828160043986,2.6783493551748805,0.8115221256362046,2.1196754326078975,1.5919123752771656,1.6063988728134742,1.4102346547267512,1.9544831105681928,0.5975597598588139,0.7481773541302522,47.79170601123985,96.56924384907894,125.56305391984891,162.24792766591304,122.58684846841142,101.77483226440712,134.8238976242363,0
0.5464626460483628,0.8276845344040844,1.7529924717321768,1.6987365676913877,0.5469856583446241,0.47080760234642577,2.576657132893004,2.5076430368044584,0.8466061484439165,0.7529537651408057,1.036642023707702,1.062136272939347,1.0343835016410767,1.1315915906450513,0.6433693810346032,0.906475232828993,21.428035213073766,27.509802092410865,48.83216819546149,133.03510713523707,96.20707545323307,130.78245161477207,87.00022217353288,0
0.760453855754784,0.7425467863364714,0.955265542537612,1.0229756630065425,1.1483365488193071,0.766775425268986,2.0654307353560633,1.8971526126969207,0.5724822455402552,1.8086496416593498,1.4937606179467176,1.0402247275295768,1.1717537687222241,0.8944757306428134,0.5455488823555502,0.4014364567654981,25.20698086663168,69.30529007687015,115.95817368989296,151.0189806674319,95.24214218449194,111.1888505464347,122.36050495479827,0
1.2228680779986907,1.1645438047921028,1.0312926553808017,0.5894129394847643,0.2843245698613624,0.3653407345183702,2.011133373720941,1.3250399539789302,0.6200239735241159,1.126207394212709,1.4134876359432083,1.3076150918260265,0.7672088624343275,1.066967428553181,0.5646135514292075,0.226655902230109,2.4185300995235113,28.61716389615325,120.11988281751921,48.24688864465685,92.70428026767186,148.93582075684634,144.86399760652304,0
0.6950619830605707,0.7130056856469206,0.5206481778500014,0.3537654254935694,1.445553020440134,1.4551215487474545,1.128174724062635,1.1912246767227854,1.518105835925658,1.4306890322516652,0.4207656666977109,0.3473875886685088,0.5315619016702061,0.34714120223910583,0.8474146280238648,0.7806535698325989,103.26401689921022,107.56528224423913,18.950643972761988,20.292974443157544,34.432949977637556,164.96583746556507,156.2608062661142,0
1.554718492410498,1.3024774759207136,1.3527729597838363,1.978157913835037,1.7583011376639122,1.7416071423238222,2.201225902536412,2.557586878331421,2.0139443988199206,1.5695620320113302,0.7569338738970178,1.4609805378379255,0.45940374069630724,1.5184671156484761,1.184397669771816,1.536054375135463,49.37384002638333,36.31453877828933,42.33453255796156,73.81946370162355,63.511218820132235,83.92923586511604,90.88723088043291,0
1.3503390076410915,0.2677682380803746,0.8731513935815474,1.397905310496212,2.1687715084259014,1.283570525792862,1.483541588091333,1.7412471268090306,1.6337706768355589,1.811096332694406,0.4490416830022931,1.3533608698054032,0.5771540349985673,1.3533429394712417,1.1602189252874233,0.9734488426688861,69.07767338703442,102.16496621215738,49.12566740916994,65.90812109685984,60.3970827056042,25.412469361637157,109.50216801283823,0
0.5134776459563873,0.6368907610599154,0.6644673165862738,0.8845202139500219,1.1169638743685568,1.5425389411870631,1.446940479480913,1.4734654730788497,1.8588495532831446,0.9426270546898837,1.0944683915578064,0.7310364671536026,0.8348525528645687,0.9555551700494237,0.5298467887426674,0.9272241100522813,123.45657851318933,67.37481219981817,33.449662159617134,62.014204858694924,44.290453275498265,130.53575971928302,116.29657086913225,0
0.9536247650256071,0.7344669372421314,0.6019871127584271,0.6193107908607179,0.9639053270409074,1.642495004162324,1.5178201200370829,1.401211636542727,1.9565663655862675,1.181803459109254,1.603522140332661,0.9931499209602149,2.3065934522147256,0.7680047841321985,0.39227540979960274,0.8581512727936318,94.64381361512545,48.26202383359518,48.34127063100553,31.520437194620758,33.11206581966351,90.98909252275371,135.34563642708247,0
0.46000893716814334,0.6582707592593504,0.5807469335326029,0.8139815802522862,1.1063945596859512,1.5903083413782921,1.3129558324877058,1.4104556878166568,1.881196523668762,0.9779498466092861,1.0953615304149924,0.7065002268331081,0.894608777674442,0.9191293959903581,0.5200777191389937,0.9321067553460595,128.15363851402998,82.23487740349985,27.129619804411494,55.12794551496943,40.56920644880829,136.93496518953262,125.73152032296977,0
0.4403886350776621,0.8512321548065284,0.35467434931096214,0.6178799295411782,0.9718162453287666,0.7559986054001292,1.1821902802375954,1.510096422170669,0.6199181649256758,1.384060959088132,1.125725688698196,1.6215045702889157,0.639684226790655,0.6862259698817311,0.4269937219941273,0.4211920708679082,24.572546969134194,65.46581567653352,133.49270515576546,41.90870735998087,35.390512278725474,110.24255459985564,130.1316318859107,0
0.5916817476250666,0.6014100196658271,0.7676354816957743,0.8654938415855433,1.2485618850974411,1.186115014832811,1.4214571168915537,1.461181110838258,1.1751875232191082,1.2655321902368661,0.6074953838125766,0.7347006543954946,0.12673966277779056,0.7269795982367362,0.7755676632347526,0.7807604789498059,64.62299982057253,61.9588241886437,21.525659557733995,27.927093712137527,21.855566328314026,57.76134386313553,54.62829532269157,0
0.9189256894791303,1.3106679231029528,2.0456982180160512,1.9251215182245933,1.044634563209291,1.0739684304742056,2.5341509311432446,2.8453561967627237,1.2170478561535885,2.0882677609628506,2.4375032670363446,1.7378139683045724,1.3754777260865532,1.914505002685035,1.3634458915523897,1.2615584725121407,38.32821366839401,52.143287640259175,84.69230764150417,134.9207237379945,146.15450968871082,90.51648363031792,76.53502715344541,0
1.4933664738401111,1.3623397747222121,2.1823792759073157,1.4187234216007822,1.8668531262726105,1.537140390093784,2.5949048413171716,2.1450290105223817,1.0903858861024953,2.9059650359336335,2.1735192598090625,2.034278208084736,1.7266895228674277,2.5547098192655526,1.8489524343996562,1.1091119803941487,49.45806096043195,75.98219653132989,103.65659170834246,116.109432580026,143.06216290686962,95.10313713211244,134.1896789973688,0
0.7799251475582172,0.8399307504071493,0.7214821908702732,0.9170788031780749,1.3386468793755997,1.320473924300049,1.4988153608366697,1.6190504170773306,1.3326663738666487,1.3319957096719262,0.628912384385875,0.7647345093685814,0.12403689002092598,0.7542866067698809,0.7669451939779184,0.8403344149412882,60.13056538705859,58.958536619668,23.96085649242741,31.31847676333691,22.195407597087435,74.05476746309616,74.57070786296565,0
1.2221878009361835,1.020078534551503,0.6204920946976671,0.9088054656988425,1.6292809420545031,0.9819877797832731,1.566405267620674,1.6138485414521493,0.8469604734136565,1.1810649186443927,0.9563001968720399,2.0157839891718607,0.9088130098461937,1.5484175341501705,0.694123847008139,0.34298961822033713,47.66557419051257,69.12772475567742,118.16150437438523,51.12517961808896,50.98550252030411,67.23665347170075,93.8428883532479,0
1.0576615483784677,1.0580309856378756,0.4715951768471501,1.0077197928718287,1.4013639868620282,1.1587538629688132,1.346633015711964,1.6295404349563314,0.8815375329636532,1.1338816199455477,0.9909067378948824,1.7069906178735124,0.7585671396650506,1.8531096560795068,0.6002210601411806,0.33679333189406935,46.092407099435114,73.78750071483435,83.7073525514864,51.261981505586206,31.903207049202248,78.92639837277325,103.10403224613934,0
0.8422116166196996,1.2848945525772821,0.6497527319497786,0.6414994403371181,1.8104599884469357,1.983738345668162,1.2259706751085,1.2572355172551188,1.6485564585723733,2.1771863908401055,0.8711758708575436,0.9792224247432235,0.26297060406179806,0.6869854081727614,1.0755945911284683,1.0940397416069054,124.00573623719231,124.14298598095348,27.92153407629974,43.17985626389051,27.249314254001906,164.89247989387064,125.5191355210134,0
0.7332528767662231,0.8868572603274646,0.691224028614938,0.7526735007986819,1.4867832060771389,1.8364302896211426,1.5370039694894468,1.7726909720878221,1.6379027789665055,1.7805310395864806,0.5759217092031226,0.6207607258618713,0.6813397582372618,0.5802216348549081,0.6404118852169102,0.7219847792846885,92.71688934778606,77.50866906773291,83.17011207817157,86.7681381671598,92.05642281509165,113.81568071669271,98.23044056379301,0
0.6516870566948467,1.0204857509449128,0.6117680161967916,0.6545581350531252,1.4089733630150945,1.9578750350477054,1.4922433289780999,1.636611768249294,1.749278376967717,1.6858819720776033,0.5466365751541777,0.5439660517833499,0.674069941919334,0.4302054516241096,0.5574071237732824,0.8618615293760837,104.54634803179329,69.96465195652443,61.90160036038231,66.50028021997606,67.59301860379117,130.4109651831601,87.74894306710169,0
1.1467409415166172,0.8505752511803116,0.7532350784092848,0.7051745887987095,0.7354290548781419,0.4855839441590347,1.474834945840553,1.3023415970671082,0.35153007564887684,1.081257999583929,0.8806600774287806,0.8758345762792518,0.6586893675563339,0.4081696197330505,0.7171258590824535,0.559413031088905,14.387170213726561,40.62634550204489,49.238059433562015,50.875068116559014,47.728683913734145,130.7377720728976,157.93989415974525,0
0.9826458995125026,0.9256646468092145,0.7885459295059131,0.7904076004319744,1.9404884487241019,1.5512569536963996,1.4300038486943154,1.3954029176726503,1.3141845191546946,2.3934868391507274,1.493366454619274,1.1174000043136545,1.0675813491694732,0.6583519846205392,1.1376154499189877,0.9386013079519929,109.01917903104743,121.77305323680186,30.812927242743807,48.07442629112078,31.015099264840078,145.30340431126803,135.75423798826876,0
2.700843721045367,2.4915420613605193,1.340265734134561,1.4313063453915231,3.190366815855338,2.9795379844784997,1.7791504175034178,1.817890264581465,3.051345534930253,3.1415796209749765,0.446438617230456,0.8283074320068256,0.32183587127231994,0.9085297470359027,2.1109895293720675,2.0484770747105374,97.7300262277783,93.08517869239503,26.858404773747427,54.194296921090995,50.43566939122208,151.81678501381518,145.95355184884428,0
0.7093692416516597,0.7107286843477929,1.8634780345623398,0.9296084090215334,1.5716174452661884,1.6809834332088818,2.434976608998434,1.9692313194988829,2.3752574006238203,1.6875694154965737,2.0716580347469034,2.056013350867627,1.4401815587125761,2.3725030788053063,0.9039565804412518,0.623885127129316,124.20059225746772,113.8997188223751,131.50808685922186,72.47911022898494,138.79523707920384,97.60786275682668,93.22492932815207,0
1.5785047982509128,1.8525692891396648,0.8060789577315955,1.1234438466579577,2.3116742930785485,2.6204373151433447,1.4667379459234102,1.5589185938643018,2.7945737054216795,2.2032820217336684,0.7647531615249594,0.933095670242911,0.7919068342227665,0.6920569348185491,1.3248548719298332,1.6487032296472386,118.79926896040517,114.33817692500776,26.997790896102856,38.08589449220108,39.15124756802925,153.44668912741477,156.65878789570024,0
1.4473219411173113,1.8737050453288249,0.6885048583603423,0.8409539083542211,2.1981686962369356,2.708677959822305,1.4199791127516046,1.5046700092016014,2.82557233878099,2.1660146410513335,0.8747675723406343,0.7338257511242973,1.0632859943280228,0.5032431213963164,1.1629240855593306,1.5142095824542974,127.71539550328897,124.72230080026856,28.953086645679896,35.5005230637554,32.54158550978009,164.6029335204896,167.98511517153784,0
1.0606635810136418,1.194096335549419,0.5348440349655404,0.7050060843008188,1.8655849114581171,2.1819036158119207,1.208654260961083,1.3411511957682647,2.637253494642932,1.7141855374113049,1.5567900092946285,1.1300230198947359,1.3447107993177363,0.768096932221865,0.958922505317815,1.235629995734833,129.45638102877248,140.0868563265436,46.377277992951036,35.81258643483117,38.87391447721562,133.48808081489463,160.24939119830162,0
1.0086304436152624,0.7191542714512719,0.5312856740713838,0.7092083148059717,1.7179108913538914,1.26161614959655,1.2111315508899545,1.3914964841675788,1.2117319361684145,1.871906674159001,0.9432818370459903,0.8391536277539525,0.8008390574753772,0.47226618901213335,1.0127985677123799,0.7860976469532299,43.518761834485105,88.14198460269725,47.53651633702083,53.536989936904774,30.21051179916835,79.59781381032991,117.51201805708213,0
0.8744766558244843,0.8463371307839966,0.6609146903757338,0.6538780688159267,1.926034371037059,1.6983100724762605,1.7292650246072045,1.4629970019799465,1.7456504543780513,2.382975464595599,1.7334635362352842,1.2984936038846278,1.2628636372755901,0.8901554086970268,0.7549743007929935,0.6630572646285097,142.18204105248574,140.5547725428999,113.92133151453106,60.218417087716574,42.06195516733129,122.5634512839736,121.75055088584966,0
2.133686618279636,1.9285090485723146,1.5135281877200941,1.442424528154299,2.185218576820881,2.037953050472292,2.1955840123061137,2.1316907112710872,2.103380552907254,2.2276925102300464,0.8522085243199419,0.7106982868168752,0.8739709856624772,0.671505102633888,1.700098576388871,1.57910218252237,68.99930590140515,66.72816691569638,23.193783283195913,55.7470400252927,60.013459337258,152.89542008932537,153.1679759216708,0
0.794436023015521,1.0966073311760443,0.835440579533476,1.405047504925221,1.3366234652132205,1.9670387533310145,1.4408360360790597,1.6395733777546753,2.3424781312486975,1.3121117410321643,1.6025508485586437,1.2513735555446541,1.3808747152871483,1.2254654577823187,0.8143440001658695,1.4562980353552233,118.19803951433133,106.54447873731272,31.634881542832506,64.33313493118372,57.58540892547799,132.90127456968634,161.99043469564793,0
0.6537987223951762,0.6614101904232704,0.2865744277045524,0.4008619503160419,1.6166939638452738,1.3713434367628266,1.2305638558974783,1.1966599512395208,1.2624992003979285,1.9357378670083027,1.059424096978569,1.3091771267054961,0.8538269216142715,0.775499888232629,0.8381870191520578,0.59342256364627,106.28696099917667,125.5329637860222,71.83046609829148,32.904577516844824,14.090906695582401,134.6208958948648,146.88182975443246,0
1.732628213277501,1.566099810330113,0.8492976007035189,1.0140704041599096,2.084125811510953,2.1663540735929017,1.597425986906475,1.6654471137490043,2.4124374542203646,1.9284543415642315,0.9794514622077214,0.8830553519341533,0.6786842866910819,0.6690470152206492,1.2624775845075313,1.3731016329206103,85.87858201274582,88.23099384573086,27.02935270107695,37.302319540687805,38.08171890478574,119.73752654793306,163.42221603966695,0
0.9262052320736702,1.1018580147711685,1.150671842448877,1.3025330826268229,0.572293195995824,1.1528059273894402,1.8130486836100645,2.334839166421729,1.922857885792028,0.38795333272409005,1.589198964081102,1.305979666392263,1.3911029194503348,0.6259843978806338,0.41961219840198866,0.31139759040021764,67.595294972469,15.296701196897347,120.26694635028953,101.24631135087155,119.31634800345566,163.29972588777392,134.7590615231058,0
0.5990028071796948,0.6830307991036434,0.4473853611678447,0.5280397468747154,1.2031930195048692,1.4324607595830678,1.2227557996092449,1.196715468440145,1.5309138928543111,1.2719163328078371,0.9871663841336603,1.081132783505078,0.6817593018055623,0.4709710593533234,0.6250979154061209,0.8496439781957166,105.07319774197204,97.21208205017157,68.64095160773418,30.057659328911218,55.07821339053088,115.70818099476398,160.35924242876604,0
0.6019899398991745,0.6900567312162964,0.5394821291606007,0.6109798151457312,1.1952059895773552,1.4127305288320025,1.3035628812533662,1.229226998504572,1.5246857948534054,1.2381356269558352,0.9982077289154374,0.9137157816918122,0.6957498369725748,0.40496798917203086,0.6134806239832972,0.8649482619184253,105.34521361156105,89.39418946429869,61.672082961947865,43.67931807461157,66.38160150124492,116.61783461537198,153.2965156130755,0
0.5675751578036133,0.5500452550073788,0.8551671655349711,1.443579136874593,1.4110274451554037,1.2842496802421168,1.8766276228187615,2.15996884486348,1.348868933039223,1.9013824466396028,1.5342110826470914,1.637600485860769,1.0167271296045237,1.882253424934918,0.5605725196939959,0.6449270886792018,90.47143754559981,120.10224739508261,127.75445957607192,132.24505311416138,77.54608603440015,91.08332780982302,125.85816553388537,0
0.5002413919533862,0.48936200026409565,0.6835478008276731,1.4033928966512499,1.3780660775003861,1.266249927517328,1.69440515580249,2.1305301586863847,1.258299544582065,1.8391362946114853,1.3973125181417825,1.759557902091025,0.9311980502895064,1.9066236798589802,0.5432490887170541,0.6032227793989429,86.44223540758671,99.40907966361432,137.9023985011119,132.92104941995686,54.74597389378483,85.09479851082156,104.12210944908361,0
0.9437972331091818,0.8880918512560331,1.2826313598770063,0.8576986003493463,1.09346509863115,1.1044919464748781,2.271839482919844,1.1894146235115588,1.01869845859115,1.3864866360613946,0.8441635565882696,1.118992105569526,0.9197074110642156,1.1216614146436832,0.7636649742932032,0.9057491965043917,55.35735143001819,58.604985755428245,80.5612380524182,52.40132219098028,135.68279793008662,134.88624565036008,156.0085428775187,0
1.0262742238020772,0.8504053129846784,1.1528998180425956,1.1961106054965476,0.738466936085672,0.6226741211663469,2.1416488387165655,2.055022215839265,1.158081592853531,0.9722835021377151,1.4188362323720134,0.9217016987940669,0.9762997856591202,0.5622197588972054,0.7096740622025839,0.6880213879783792,43.39082258127881,37.88400952560776,72.95275978994422,124.11328197608835,87.32015282125899,136.44278720871915,138.35325051663798,0
0.6210394483005479,1.1489992636173427,0.4761518244390301,0.40282503511754214,1.0421347673448313,1.1657344086682782,1.2631220583911085,1.4119741846698952,1.0382147543039923,1.1592812501455687,0.3233780997599766,0.5078602437255539,0.2549297363962342,0.32553452961218465,0.5951790814989121,0.6270984156799284,36.14332458388866,37.47986258905842,30.72337976054527,33.320241965032125,29.2030157893109,121.80158014134504,73.96808262120464,0
1.6492163213816375,1.6541787283091438,0.975992255212199,0.9467112197576643,2.552899939118494,2.5108566010866755,1.0956776178267333,1.0854516150288713,2.506586782693452,2.564530494533648,0.34777731791983796,0.44094821288989483,0.1273371322620229,0.38928220336204417,1.655343870937727,1.6188933707260023,134.79840891963832,136.60945832351607,18.73266559321823,43.60675672506526,45.09744664763862,160.20304220157917,160.64961110485297,0
2.1562019027556243,2.135783799049466,1.2166308109981268,1.199754857343925,2.940066528335221,2.8751105765640164,1.426838570654345,1.4275925707326977,2.885868915809947,2.9401443061236443,0.4048861645536827,0.5696471188776441,0.1614742702302654,0.4880266670905546,1.9367405238668423,1.8947193885638278,123.4003455985366,126.32214774253536,19.60080502239559,44.79309559040053,46.24656469611128,163.3117055788056,165.69464934653115,0
1.736155581506904,1.6745473742910504,0.9384996462244651,0.9423819116306191,2.601538219555102,2.531559775273998,1.1201105871382901,1.1186054451124847,2.5275062704383604,2.6116701609441964,0.3533525958547065,0.4602503617109948,0.12480797325192655,0.399575467718936,1.6585609510130668,1.621805405727126,131.88492134605877,133.4886561690093,18.563563416036846,39.6732674447545,39.780916349855126,156.48052928539192,160.1492977366052,0
0.9196135842315378,0.9053309040583136,0.7714739525222939,0.6323090397648091,1.414141212745802,1.3790640243525278,1.230504974980832,1.1280450521652736,1.1894181357487086,1.6422927665012204,0.6443825552985495,0.7108816886589693,0.3565924319051423,0.528008823015966,1.028367878049485,0.9158278746409697,83.35864577232576,87.52965125973796,33.401217994729556,66.82276039996165,51.34264647636377,151.9415861103618,158.42469312609313,0
0.8040212088798069,0.8639341739882032,0.8522007234273034,0.5381280899092914,1.3816271990195177,1.428172617611103,1.2058096868282466,1.103139893339588,1.2275913140333476,1.6110890978957964,0.5508698137950141,0.7364755787861358,0.27006191172774513,0.7801928654107494,1.0441190568808958,0.8729664135311338,89.50875075925917,88.96978814323914,42.93922151849495,70.49053711787748,69.99450676728384,150.12509584040762,157.74481033930573,0
1.3926637289267143,1.2498576822368472,0.5191616225893311,1.1124157387945024,1.895373112538744,1.5725755583795327,1.4799089285069336,1.7963402480653732,1.7950300132561596,1.8169428187333987,0.8424399880441025,1.4219720515105427,0.8362221886612976,1.3575549889616225,0.8130818867515928,1.1464703808071368,86.22576454802463,94.35314845592866,66.6727698376656,51.41293056466684,31.673556852423086,152.44805101050468,161.0785037817961,0
1.2271556339782983,1.1118989155206596,0.5958214682081118,0.8809791737103857,1.8714046276143246,1.6451881149986465,1.4357251247314857,1.6612219243684665,1.8621224459027732,1.815009321597232,0.9099324874162885,1.0154603354798772,0.9834395730358588,0.7708211107035562,0.9930643821127951,0.9739538697416698,88.81901026200433,95.69594052581996,50.245857157993136,46.12388208574326,35.8184197449648,144.7121151287262,145.5459508933252,0
1.6571786880511665,1.336058888824952,0.5301121938370985,1.2550015952667253,2.214903765094771,1.7309279579804884,1.4712216270535146,1.8301894958310312,1.9848455115724792,2.079741688945722,0.8070053720421863,1.4147480860954464,0.8138457397839307,1.4075224895342213,1.0451715596774218,1.3120073377858135,89.11104141340572,101.23413047879724,57.05019768064779,54.72539282576664,33.65017635300894,152.97907293725305,162.70470117950492,0
0.8448882406604721,0.9995042449082561,0.6811876171489231,1.047085366531404,1.35682995330196,1.4140720418729624,1.5585504164107917,1.8593826963830287,1.6263642038061796,1.3683143247568639,1.0120002355761968,1.230907055374032,0.9552826372337087,0.8610960959311672,0.73259952618036,0.9045196892718342,78.92547331810216,67.21346221922654,53.72916590923831,48.62883837254514,47.33131972687229,132.19822805682387,128.3686257389965,0
0.4739086032585996,0.8415184582305885,0.747161906444654,0.6897293333971014,1.3256210587388981,1.6843738564152557,1.6480172052417699,1.5583906192483774,1.9968989338899392,1.1905467570774058,0.9250931900254997,0.6840614091601787,1.103621596990367,0.6210750939816444,0.5531413071017787,0.7883075584680769,105.33333927469724,72.28340403948053,52.8382306010018,50.218443970762394,55.74700993115204,130.86169593868902,94.34011812109512,0
0.4962856780932571,0.7522599067829163,0.8375675119764199,0.8547523397067562,1.298990791568846,1.6593322574280724,1.6129207343985936,1.5178400323544154,1.8818681853010302,1.2464800167576113,0.9576555227150182,0.6701388689777812,1.095359654162971,0.6592148126247338,0.6487929723171234,0.950581083423225,106.24466551300091,79.30092730941226,66.58007331767647,91.39417942671093,84.23851512149463,126.91588933198854,99.72510146212184,0
0.5042052040608965,0.7674843943305455,0.8668071791235863,0.9175259788536476,1.3080562293653581,1.6240623288236846,1.6268483815540882,1.5182954688473855,1.862960561250584,1.2562485319178305,0.9231898247061299,0.6862066691655521,1.1143260663690806,0.7157358909039635,0.6833184733301357,0.9877335329092628,101.56318486828324,71.15145787043087,63.42780965537386,95.48585685642003,84.93141998503488,126.22041270173108,99.11739108492448,0
0.7799486756292502,1.1325384123284146,0.4173638692765299,0.44715396818882025,1.7765742868684253,2.100979526199614,1.3582590304301438,1.4256959411814467,2.1336868973239027,1.7975323153390435,0.6093951540606672,0.4058714439536359,0.6196923181680393,0.33013467078588066,0.745815225722759,0.8665261562055803,146.92690903199872,151.53387316437224,26.33433830096569,29.333582886875597,25.37796457984117,149.79089405601087,141.98429587785978,0
1.2736163789354233,1.2802399061107996,1.1232865688177887,1.0022863454060582,1.952872281798697,1.9579114676056264,1.8384486163066023,1.8416429389492701,2.005135793175061,1.9239340580906654,0.4650288664601785,0.7801861382833768,0.130286135870385,0.5812762153729114,1.1507543882308178,1.0253316154236254,75.42578705773181,72.97192319102494,30.970395287415084,47.36099079101038,48.45109253346652,89.52501590753337,89.36151806204406,0
0.6804525022149182,0.6164326518153886,1.1191793647844166,1.458192768986382,1.6313411769763908,1.388241866175998,2.096096422495097,1.9919161427610954,1.4560410096860006,2.037550282032779,1.5468050537787665,1.1473894734522707,1.1466147304523433,1.4805592615374714,0.6193806452985725,0.7335666670247499,124.0415499664766,132.4301461945083,99.95184197269282,169.11535423056182,118.88446529802607,112.20320280699995,125.2388576341161,0
0.7235506248681396,0.6824523059082841,1.097384540649002,1.192215023732506,1.6754703176573293,1.4426857436457372,2.098042666167963,1.8581825920160449,1.4605562275584312,2.102474790712393,1.5020416016984164,0.9845739453893411,1.1384507552955738,1.17996151990474,0.6059031476744988,0.6020404445476975,123.998659513332,132.96487239342267,100.05992296245334,160.8403438150544,119.7894231436613,120.00774344656608,132.03420996031107,0
0.707245158026738,0.6944391777522845,1.1210938066980922,1.455753585659391,1.653075952331651,1.4872991314350645,2.113869283763004,2.0357929982579472,1.5254251723765866,2.0729249393811333,1.5320232071679591,1.141469891394788,1.1265732095593874,1.435238285690039,0.6177834268566478,0.730474241835794,119.52900574604332,131.40681377217223,98.9485755687557,164.71290315321082,119.38737700649096,116.89579187614885,127.84928089322783,0
0.6312009400402758,0.6032936129848958,1.1557591012507777,1.22938732347259,1.497909399676712,1.3285959912634,2.0442693965756717,1.7118788756397785,1.441770406427998,1.873295159643081,1.4658761660707318,1.0515103447442675,1.0643228612546227,1.3524358437667185,0.6420370222454859,0.6707746768630615,120.49160061077744,125.31225989131322,101.9876171488748,134.25766673117562,120.9239277027706,111.60261508927516,128.9055731177247,0
0.7543158163938462,0.6494915348241431,1.2107146409313434,1.2227844073811442,1.6584270382737152,1.3526564112658757,2.1878932757572738,1.9783969155354642,1.4359334177485255,2.198410513824745,1.730899123892061,0.979184624163412,1.3422737585884412,0.9843065324012986,0.6844467343134404,0.6240177851830503,115.62410395651594,127.50870661885293,94.29421393533718,123.71574741731408,114.95094169220842,109.45651117244451,130.72076776654015,0
0.46187540618143885,0.5571976911524243,0.9719187309290775,0.8719737664691223,0.7726627327513467,1.1039400234795722,1.7890369230945413,1.840238214094964,1.5332507168631269,1.3091895191128027,1.374039563625948,1.139620771079309,1.5462821788515582,0.7448398712579808,0.21853622078237078,0.3352598021353306,72.82909091579556,48.59757569537143,89.03831734283338,72.03742010898029,89.32096266668688,160.74055691585644,134.30618497182908,0
0.8974084279196475,1.0438412874573093,0.929969378570364,0.9259738535630164,1.5392080170811264,1.8039801489743155,1.8442345012981631,1.9140631267543733,2.2002130383251064,1.243868160534712,0.9548907673471361,0.8082277322139179,0.7978016829040866,0.5948088098765689,0.6422597575083195,0.7564272197129261,86.1739610714461,68.7714381062432,67.25652173608788,74.41987542069432,72.25408570232364,120.79704705479182,99.85063725815266,0
1.0721775954794108,1.0490903894060826,0.936808715972501,0.8813150938815252,1.302274361924922,1.6146309302511577,1.8769116816110902,1.8109902518383263,2.1893006869911584,0.9747873033948213,1.3114471855677143,1.0699968745955157,0.9934406374190068,0.8941976157144994,0.6969386971726003,0.8246009999453819,80.58035129704014,53.087291648855874,85.03109950425673,83.63438799210884,89.89150731046658,137.75824950452647,116.18809766892994,0
0.9870334017932965,1.3480164395368273,1.5761329777677449,1.5710972983669442,0.43868495940024094,1.5761755880221926,2.6054753505648294,2.533994949227453,1.610259508186614,0.48106855360537665,1.3337409854385038,0.10529419147015105,2.0046391492381823,0.07132019229482402,0.8181538197220833,0.7381793224108792,62.165506698373825,40.56461586753479,7.669900468698883,161.3575653668406,157.32268510034066,131.02202348129225,142.29171036922833,1
1.0269813376789036,0.9078073381579045,1.6070035601504633,1.4703245286557207,0.6262224644414338,0.06925980852136106,2.6879410115038187,2.384926760864359,0.7160081742558569,1.3921654940224197,1.5672861389573065,0.8279429746470123,1.340351844298893,0.9954910974458246,0.8246815064415512,0.7059110163896607,17.161897538535726,41.717376364234234,56.556307092329504,166.79671166891612,175.40543796745501,133.13026010724258,163.80927173965975,1
0.29995915906917625,1.138997420686266,2.1687907254478946,2.0479790165848057,0.8478073443471418,1.8046163652393212,2.9809930894906875,3.001674890283272,2.0476446912669055,0.9659847359285358,1.2892196497656703,0.5042391405460914,1.7123987429423138,0.44663055461674367,0.7924163387153601,0.25535914822944844,83.99369393788844,36.44512445102669,29.427419970254558,155.70493378662567,159.75511105924704,123.88762203214041,26.52638424159534,1
1.061488245007113,0.942184052268304,1.5880847852208344,1.489219198024625,0.5982005893221708,0.11056763190711626,2.6585714385624892,2.386720091463984,0.6699211050633836,1.3749947344937863,1.5221189684948415,0.9313075503795964,1.2657440289250188,1.1956276589752135,0.8440866279868441,0.7186103987644463,11.953218639840363,40.1615580085679,64.04387963026345,169.60715117178245,175.05285433158716,138.66929700104384,162.56755893033028,1
1.1444819697456983,0.3682867118210169,1.493914741897772,1.5741961905152608,1.8790059802220005,1.1178900022325462,2.5471143951076325,2.4697648477739977,1.1001317000264386,2.429297862644972,1.6055523537052585,0.8688288262350198,1.818983855448243,1.139745397217921,0.6217758424785899,0.3111305099913338,44.612786321638566,92.49202511227618,61.2052533289225,161.4905958115508,161.3899173366244,54.95790258663242,128.88095717312711,1
1.2567806263830656,0.6894966742637015,1.4881167765214975,1.5376311318593727,1.9857562830680138,1.2756746815811784,2.5312094600025117,2.458847656898354,1.0800609356219733,2.55959144779424,1.5720544167265957,0.87343165233111,1.6291101173539912,1.0956768673794834,0.696774101625426,0.258195660425793,49.33939240833341,99.0026476323863,63.40971076869032,161.98039688419348,158.30838406690938,87.0588949711657,140.87608421962847,1
0.5438527295223554,1.5027761010524974,1.4507304069177873,1.0981055992707294,1.1350566045878951,1.6163687307931318,2.2330578073808995,1.9818541354017782,1.2413799521905693,1.018812927317784,0.6082184955530894,1.3894703089337443,0.9119668498769687,1.8822454630649876,0.5811168950631099,0.6397018401596303,57.287984122699115,44.431787692291444,104.47955235737278,170.7034900110997,149.8540630834838,132.36301951820553,71.67098171600921,1
0.7944000186734642,1.378889196806192,1.486778774099297,1.101586197197522,1.3185894609932902,1.4018642505514483,2.358554318150883,1.9727245753476748,1.1291427961763298,0.980890171549581,0.7587905243558969,1.356706042573846,0.8937689263520198,1.839643920307485,0.5113716589921375,0.5414370697488371,40.37056150803639,51.13346695997613,100.11110032394673,172.04879325259304,160.55830232788912,119.84838382767119,90.96819700846218,1
1.1939146652580916,0.3467002111663602,1.9784183785248586,1.3320978204118474,1.67081163999162,1.0742139625623552,2.731874477583453,2.3623131353926605,1.3525411360984056,1.4115357668526323,0.7495900823086493,1.1441579122169907,0.37380479815893103,1.8893353221802602,0.18177957493498068,0.393262453600254,51.90458536869724,69.09501214136768,75.48182459670248,146.99197991622134,156.63497979799936,40.26424459665078,128.18837294162708,1
1.5011343725155541,1.3786425043267858,1.546430086761606,1.3380238627926568,2.2130230291665764,1.4619231721006483,2.5184266236107686,2.2698990185078975,1.7859329707975664,2.572737479224007,2.1255963715894066,0.33347474210501143,3.5313912883783773,0.5248294077395119,0.3587842956007029,0.9143893533641398,59.97117391167514,101.65248828506213,29.140756326295413,138.46071610530558,115.98616394882072,146.5097580361824,147.73715316398008,1
0.9016319988672288,0.4521031860947888,1.579587446384476,1.5197509705879746,0.603436877783645,0.8878208647491399,2.465002866992308,2.6227421122902688,1.26568848041585,1.2276685863622903,1.665440365393771,0.8095581894822703,1.5453620544175013,0.8642893886311186,0.8543605639921408,0.3787886526987661,38.28652040185547,38.98405124877558,53.073439193500164,159.87120494471873,167.0152846153505,50.47719282269562,161.9883203574698,1
1.4033214192850285,1.2977567914578185,1.5825912088455238,1.592068751964743,1.5469009369965205,1.4525606781278584,2.526573041386508,2.500919726437812,1.4815605821965665,1.5602724454806813,0.5682728013698128,0.3209251548677205,0.2965833520314127,0.4557288382645436,0.5023901941359649,0.4205215934018037,41.917628785693296,49.27751931367427,23.957897885230064,132.79790959535777,131.09253404585056,113.29127362111667,125.25530056918585,1
1.1258680574642357,1.4870721889845986,1.4023420173715009,1.6164187551191473,1.6626662664064025,2.3799214209666135,2.253869514266893,2.58825690911367,2.826417297735793,1.9982268561504695,2.161449753175963,0.5219339350809262,3.2212795955196056,0.3216398610671807,0.9640509324112508,0.425947913433817,136.2524482289278,100.63150503842782,31.4727835661816,168.27505034896316,176.7016276797483,173.2593641434553,170.1154229510335,1
1.2195408995457009,0.5024170030227658,1.1609547611364068,1.2933261038720307,1.0400625552199143,0.6927334858299274,2.170255062916381,2.276512610672152,0.887510342388518,0.7367680316906827,1.0246126062978498,0.682439802564578,0.24118291295288513,0.8003927120317318,0.4352701298293821,0.35085509716831437,29.56445776498243,23.85685938256304,47.8405051806081,133.19864386755143,119.38920044774555,68.69509430266602,127.3926920688141,1
1.2282266487906754,1.0663893724804665,1.1052525432594593,1.3378507281618768,0.9444276909623607,1.089360946550444,2.014173729849467,2.3031393573168097,1.5313756787501205,0.6285453768128736,1.0359993397132246,0.7641342082036525,0.6505154729869953,1.162875929833463,0.3747773151062515,0.6978883340184217,51.87800471792076,22.269420066736615,48.712607374831364,124.25622293252138,101.24571305117935,127.69248606918327,132.70668361762873,1
0.9004533426243206,0.8321470016231509,1.5607068204389067,1.4936381113686594,1.8429841478252578,1.8325117145150631,2.522253228455397,2.427531759432314,2.019546825531878,2.0467570733969853,1.366859750286372,0.6527006256480923,1.1977093254517066,0.7270377703872469,0.16076458628206802,0.38190748952914544,167.79927359226295,142.7486495100622,45.52572431501657,157.7328115540452,161.84957305169547,140.64449938595692,144.23074642668774,1
1.542855409884907,1.5990766204667863,1.262368362612516,1.5503178913952746,1.7451635027381531,1.8353985783512021,2.3146119947739923,2.423239468498078,1.6917982004481276,1.9819506049360032,0.7055954362870333,0.7919070026417288,0.7342220867216182,0.8930127680069986,0.7327750651881011,0.5210590361673401,56.87550997732307,54.42318760815279,51.077786244857414,112.49646078508792,80.21592916641089,131.08011471616564,130.10979468445277,1
1.4195281567213893,1.3994434198336045,1.6176203924222958,1.5909807508933642,1.8704623259371542,1.7187864094330705,2.6082173126760306,2.5366212430659374,1.7574318320771172,1.907179492703308,0.6165682734098931,0.4348422023337054,0.6449234026558536,0.5702569005929761,0.4924904580358887,0.6021990649212482,46.49798015511729,58.17082649690288,31.477834853911368,148.2263660289984,153.72073786069672,105.88180428173442,111.47735903921851,1
1.0941858281008265,1.0399696935951457,1.2584557754571926,1.2648237226275063,1.9486131005896354,1.8197683488363223,2.1009827553969003,2.0895803784991007,1.7371579935065877,2.0586100856171403,0.6561063394677253,0.29745890498671235,0.3559980452098457,0.3773130331512898,0.9777917236192495,0.8860967633355082,151.84817880779144,156.41655188470293,24.960436554305527,118.40254536280646,104.18035943571437,108.83482384026948,130.40598395943388,1
0.8842118898933581,0.8035306725025793,1.345625268442759,1.4988942478262863,0.6321596274627572,0.2811642283703119,2.3857929604138643,2.362995600110814,0.45541906526326364,1.2543709198543982,1.3692447280414943,1.0509924894363003,1.0303718800648798,1.432313307910447,0.6848677425632534,0.6346894605288081,20.45209193765825,38.90613968687299,78.76042017524023,160.69836930820838,152.86624239165593,104.0080911793657,146.93779227745082,1
0.6970227189566853,1.0508383086935487,1.247099250005691,1.3064208918013072,1.6235728720724667,1.7031090129731163,1.9920820803030272,2.1878754859208023,1.5205811265839144,1.8445281746193831,0.7238578136266482,0.33241261586807097,0.2176109575828268,0.4003670302237861,0.8433952310181104,0.9178736903437206,150.1465870674185,163.26266547960876,24.0851392808378,100.14973292303931,86.04187057454955,119.87366759186433,133.88390542166644,1
1.401142958636281,0.9039412401074894,1.6424530127004167,1.6309334475315505,1.6562830131175552,0.7593690289843052,2.498414075118883,2.7344598998859,1.5363912771402295,2.356609488729006,2.2876375580821677,0.900470358958182,3.041333144798314,1.0180638142426517,1.1997779699748508,0.7001633378108975,46.43588329964082,75.28792517653524,59.72753333512172,160.0792137447669,161.62973536359965,172.42786643325493,152.3303915168016,1
0.892765890251432,1.1008637189762651,1.4341879614225643,1.4833743682004346,0.20389939892629885,0.7792333061540643,2.245906659546176,2.572628994598084,1.4825618556470792,0.781450269361912,1.5691402994683215,0.9982883073059702,1.5393229896816416,1.423839679903796,0.7100363115921643,0.8092141447957683,43.79154955440355,27.048942161568466,73.51991990611658,143.17904923169542,134.62748566464936,174.5899320994102,130.51835509567988,1
0.9072007177273935,0.8257095667991875,1.3234286222091973,1.2485096799474584,0.43985634492224596,0.4088613448321904,2.217562974720881,2.185143966052871,0.4918869849152616,0.6183193601450017,0.5343549055952584,0.35163738925036625,0.5743375192533401,0.309340447984517,0.5019776652205699,0.47221954614123113,19.19377458352081,10.050194844494282,24.23387500607684,75.13713944166744,67.67235229667158,109.4909739297926,121.0332872359227,1
0.7263795350890799,0.6713977531375339,0.9441486905006914,1.1938660480885348,0.8800087679976463,0.6871373547813391,1.8731308689658972,2.1634338111075437,0.5868812010022417,1.0650755514938357,0.5175248899262811,0.581886723716369,0.5385932201200602,0.7736194301046285,0.5912279807498965,0.4542157811030587,16.603269351311127,39.2425611552387,60.10459396704042,143.15269288943094,116.88653484290136,118.65500913411336,142.56955240977996,1
0.9478969953841688,0.8616032427001842,1.4040479367558794,1.5721926965963657,0.54947952330861,0.18511592902894203,2.5368156580352075,2.3668929580314675,0.5297074065999373,1.2218273709388048,1.4132905436490584,0.9566094828398152,1.054451971309563,1.2512428711883712,0.647870628475887,0.7232627218240828,10.516558340710564,39.91067068701952,62.21359510592928,171.0285663502029,171.42029226408246,128.97212599407345,149.9465562116201,1
0.38682828301089056,0.5838896918744824,1.479955197843959,1.459129127909057,1.0539161019038494,1.2893388271691357,2.3440177393658432,2.5002760103730015,1.5902749772152878,1.1402753310495441,1.4604006240849,0.9025263709596634,0.9005386993170735,1.2960431451290302,0.3672550442408317,0.35694825350541,102.9083831446079,79.2041037700495,65.14849693491507,171.57746855320758,163.9340844590653,90.94531698688247,78.18207474770959,1
1.1426607596127716,0.7180501765860006,1.451405234687631,1.5881936022464551,1.446329584228508,1.1726203114226366,2.4502561601508486,2.5727938466139495,1.207537454870803,1.4657189214531994,0.4490926326246372,0.24741742825154567,0.5706344063458441,0.43578522979032763,0.6917316413852778,0.5764728856504238,33.96724335257825,46.37680585602878,17.521926368388907,170.2725627101621,175.4091031870353,89.87394897228754,109.33414987318312,1
1.3554350587660144,1.2636681539486867,1.556711674644542,1.4521228092096665,1.7560555459268161,1.6695214304864372,2.367709510995072,2.471589065418707,1.4062246886511625,2.263559367732727,1.3735598200489134,1.2490044494686732,1.0184159662687267,1.7553379291746993,1.191405245675136,0.4494023344381886,128.59507977676589,101.52667179246255,84.53151847969623,161.1807515105708,171.9532430710287,117.37979412589193,169.4732384528183,1
1.1977234534033006,1.6953483178426314,1.5598657139663776,1.3492955612981348,1.809576289647631,2.547065451164852,2.4051219402008654,2.37908075075952,3.205197263151554,2.2801632857027543,2.556996310390679,1.4172067567626447,3.685718815744314,1.7962273756372487,0.9406912430762505,1.045709303298421,133.00161040694036,112.30714835851217,98.65993330025391,139.19844620188206,171.6540746688904,173.09337492851753,167.88462996629485,1
1.7412977922386932,1.795868441932751,1.698209308008739,1.710326571856516,2.0649388471134444,2.0602613928897964,2.7025176928116603,2.688870630868755,2.0711509534077526,2.112762948087727,0.5352282743952028,0.45099140795207737,0.5167054280330321,0.5919335673356034,0.8912404413531396,0.9276046555669919,53.500177214476594,56.76527571486373,28.341337291701155,119.08106825323833,129.50305365086348,118.00093724442476,116.58404630372424,1
0.8730205339114329,1.4588430738124374,1.7168211787209926,1.347283824405091,1.7153413860456286,2.3550982859436664,2.502386815171909,2.358538235252422,2.889956158515377,1.9883234159774605,1.9682952979231225,1.4342996441771423,2.6008769031630523,2.0714477872765453,0.9313240641012187,0.7551076448533987,136.89141485477973,118.00150202083665,91.36667236261897,167.55505713060793,173.00131718254823,169.19549790769304,140.1362647693484,1
0.5778856449650935,0.71777828413257,1.7672886788011384,1.7123878599716236,1.554226496099422,1.4100398338970515,2.586135582793836,2.6473270789356804,1.3676754977055499,1.7159397409577022,1.0698616900303377,1.7938435266332908,0.3880183165185647,2.6200469913405584,0.5239793342633419,0.17207243761372962,156.7988573719056,174.69873240201537,101.40671161183873,175.08176916821444,171.4424533050342,94.16441466285633,117.90771146163182,1
0.9022396860076107,0.7936037422180503,1.28667260976173,1.7615327913609666,0.6876058288080176,0.2274911649999221,2.410671972084183,2.514086649446323,0.5220203156864988,1.4164360223195995,1.454936133398606,1.1437070948749946,1.2032058210201109,1.6304618772842103,0.5750227896225897,0.7731470662647555,8.382132774171085,48.69851475023313,69.87046849037539,172.73014959806065,175.61472253543977,129.42328020219352,156.38381939175713,1
0.9147365961915576,0.5957309692323334,1.1526009762880844,1.5792977975457054,0.6603889098206821,0.6033564913546643,2.1297531597373127,2.57173374479063,0.7688911126719723,0.6867554682239674,0.6351209274410131,0.9900575848958232,0.22991918448939896,1.2356717077134947,0.4348775396039436,0.5839368024242907,12.275529257660658,17.355003694302,75.79495001289504,176.25738716478872,169.6570536770045,115.09010781362976,122.48830564749946,1
1.364287096654995,1.4049224272832004,1.5758565178779387,1.5367256910090066,1.9563146513588046,1.9673881692594086,2.5173618819856554,2.5268683335809334,1.987035839049077,1.9286318060290086,0.25692581483229643,0.2944982572633484,0.12225116329317988,0.3900495632843462,0.35775696528144774,0.4354535339660926,97.42182230762435,98.19102316022112,24.161301959291677,151.94142500842,155.1969424209342,151.46415654973427,150.5380129822964,1
0.8793182434286341,0.9525153149483867,1.4421258020730199,1.3832250508793342,0.5968752917760798,0.8632302297338289,2.3746984705345713,2.451372973814081,1.1199118211813968,0.4667053701056635,0.7979008734131023,0.35204598509005725,0.6026918050484658,0.3764550811793178,0.659530990153596,0.6551306752997382,37.975521618947774,10.396137709148414,28.042375599180254,122.80872506081933,131.58053452933433,151.9177676548801,114.95640507044607,1
0.7998959567556615,0.7528770120559601,1.2556462734182967,1.9508086724905558,1.0121121273503233,0.23381142589935044,2.2143546930948976,2.7672827468982812,0.49391430421202254,1.6690817909731133,1.5087492986693427,1.4924942272770099,1.4881612812747456,2.311620476086448,0.7502845330954727,0.8634440877287026,20.5000077641908,55.098557161708094,100.99328202478692,164.86936714083652,145.36851131324158,94.31835265099541,155.05869880363912,1
0.7956636742140641,0.7279527546785884,1.3229197820893388,1.4460596911083665,1.1029269965704955,1.1950979610632968,2.329350205907415,2.426753054659861,1.2041812000094925,1.1631829929800528,0.5597946440540599,0.23719446682353762,0.5726801219113081,0.3850646090047474,0.4073263946738995,0.47937106727671586,36.10293215481761,33.34327739090209,17.405115261491538,168.5695023284053,177.65119868625308,85.25835742601426,91.98352956265428,1
0.6584594164666225,1.195240222872164,1.422849485004376,1.494973501256636,1.3961664872423742,1.4392034096099764,2.401830825945043,2.3934887536585445,1.318869883362962,1.541331777277038,0.6708448262318801,0.6057137025981183,0.23107782595507123,0.8089940115485913,0.2703281950408864,0.22600449280510904,42.37893790765587,69.12125889026476,46.07155347948812,154.87140805603025,148.6389090564125,115.0031034341577,84.31607534555815,1
0.626490892988295,0.8102427386430654,1.4764926897999233,1.5477819901146341,0.533357043662926,0.561836939760693,2.4043107538396082,2.592063115080487,0.8596576306150409,1.2756496757150624,1.5983737961392845,0.9543587210902529,0.9766839291723942,1.0197244115970232,0.6423781393954707,0.6347327295143893,13.05577821800126,34.69786932507414,63.618678274322576,173.09464577488896,169.97855940411168,104.49088590887227,98.69754052062135,1
1.7726767003231978,1.6350458174492015,1.361999732806611,1.3147156748387896,2.053086549150911,1.9855726442592154,2.329788622935819,2.2717573120261463,1.9810403769074476,2.078029036211242,0.3340953208299362,0.39579716378636076,0.21985736788667118,0.5355849564266397,0.6615751546652171,0.6345952608300599,74.72869339208614,70.50869795403815,33.32878617049489,126.99656128644622,126.69525702592682,137.06330162011272,138.27355161252348,1
0.9158063470188424,0.9526947762616884,1.549407825241092,1.4826460769019232,0.15280026291382295,0.5181752715195196,2.432453459161831,2.525217176024085,1.4563988230296334,0.8365729005719513,1.673349194289218,1.1272174086761573,1.3387003639137427,1.457891454432589,0.7165762552718845,0.7276516984237725,40.38584707286305,15.380024551173491,74.7109097560995,176.9998245454152,168.6183864153764,150.99549057377553,131.42377528374692,1
0.6104329971003818,0.7662625679260646,1.4824580164451382,1.5462540708583477,0.5823156516529766,0.5474555452396125,2.4529528290470477,2.5927691021061676,0.9360014003295984,1.2974568189948399,1.627345065073564,0.8815760974221062,1.0519973348093916,0.8665574282055251,0.5984364807015427,0.6047653672085235,15.454048823216764,35.30130690182847,61.89585916267976,169.38708001485236,167.75978890008162,105.71417950642181,98.01040114193047,1
2.090574368681102,1.322247506088083,1.706995625486578,1.749597639620021,2.2423145569385046,2.1220745646144086,2.461849230955663,2.807535482100399,3.342644372180988,3.4922779643499973,3.860736591816323,1.3577490537566947,5.284920508990905,1.4397344373800363,1.6515261929128922,0.5974785512999123,97.26413864072381,74.72561475764167,69.39021022378267,154.69500899704408,165.59936324153514,123.6171613980635,133.80052690632715,1
0.9692046404302564,0.8471429325826483,0.9732348638851341,0.9581614929049421,1.643810718784268,1.5265980006673179,1.8859682360077008,1.8860272062398675,1.5927342776968079,1.5912267921071406,0.40592539394740124,0.17813949943534818,0.16106446543725825,0.16134110154020798,0.7568931084746533,0.7069754957295538,88.81113375762915,89.05813722806418,18.98816228239316,109.16894724283165,110.38632550965885,134.24647371739403,133.52024846346444,1
1.327794343101712,1.3730311864807037,1.4806843971935773,1.4913841139443478,2.012961177160544,2.0850824932283847,2.4619693631118893,2.501766894655194,2.1357097777333784,2.0167792090963217,0.7674586886241607,0.28943398827091976,0.5692789532592338,0.4217991592178506,0.5448337846793744,0.6089066029421384,92.46221593441491,93.14204079086177,23.93754012519987,140.76380897479427,141.8538156785014,125.37334177166059,126.41269470615642,1
0.7705218444056846,0.8082178187680931,1.495751895361899,1.5368373245172853,0.6998174428960834,0.5156702999962157,2.463292082862612,2.5759190259473583,1.39878700644885,1.6110636903772504,2.029133408190785,0.822232336831435,1.925565679947762,0.8926118129111442,0.7303120921368681,0.6767701103393593,35.622436271867016,50.09025068561391,58.25303001570405,171.5757112366393,161.34951162039073,135.2690931387422,134.0672957446469,1
0.8836801129374096,0.9778716973843242,1.5936403493164069,1.544956256428275,0.2616728341228525,0.34237345224485827,2.5151231729913897,2.5595518863714997,1.0909615731448075,0.5707565755365869,1.3071516291912089,1.052610491652616,0.8818858356873086,1.366805209628529,0.6874219956765966,0.7713689971198157,19.382413358633514,21.73641577336097,68.13062897812448,166.76864551538526,165.46093428351597,169.98513573027523,113.0171225725279,1
1.4903192477046214,1.4354306024333756,1.7943974180270952,1.8004454671420356,1.7609029846949853,1.463740198734313,2.6136045425755636,2.7035565529192467,1.686440537934523,1.5732006972172214,0.4580954820059646,0.15849005463420499,0.39450268747008466,0.23631813615391595,1.3863106484985472,1.261896891699714,42.165783655405626,66.72436049010427,9.046572213223213,172.98103136437652,167.27847841501384,124.02973629346069,142.67523836566315,1
1.0412154306498378,0.9496831973193118,1.539592180997781,1.4788007440300934,0.6199622638937958,0.11085624844709267,2.6446041778548848,2.3939657775606937,0.7087097026077446,1.4142203595678746,1.6296578800930457,0.8065983579375118,1.317801154542196,0.8505544477558152,0.7869611535751195,0.7314616399948226,14.823915981791803,42.635110413902474,58.645607849370386,169.83731274899247,172.08820456568077,135.34780033671524,156.26584243680463,1
2.117791732147346,1.855840109945466,1.4086131750128585,1.329183554965083,2.4929782997740704,2.3121195348678465,2.448041444177531,2.2814440895359,2.127671277636089,2.735348482531351,0.6469598620203888,0.4716151275337464,0.6618936299589371,0.5974712554388382,1.0882192611223445,0.934440607289155,91.75572275579387,92.16141212798975,34.92828631045185,130.1573961974824,138.7894824226052,146.8367522003412,167.75146578903733,1
1.9795600743192159,1.8559046387473939,1.472132825284935,1.5727731246908425,2.4578600876049324,2.3371793902555633,2.4699522910622487,2.521777216005288,1.9582115113770318,2.90781728587341,0.8278531390916254,0.9508002811606494,0.781228554583834,1.3581145948772824,1.0883980965515074,0.620140685044379,97.6295816539871,101.13622393293923,66.50400332023496,158.22955677788036,153.0402141687246,154.74379345407388,169.49990588178323,1
0.8971269250867695,0.9268165279043444,1.394173751988123,1.4463193167779456,0.610349716601523,0.5707985378919638,2.396235914910262,2.4300065370015074,0.5194647298721456,0.7778050566601259,0.48171413187551804,0.36000854063480475,0.4192329657015423,0.43027224793786795,0.6709069262395475,0.6859509256138834,11.4369520412754,16.12172487913294,30.507883226936876,140.9183118637878,133.2793153961269,124.2670528802206,128.9192940312895,1
0.8766885108179301,0.9088414136059668,1.505197610207031,1.3883166679249384,0.18523501624693595,0.8454801776385208,2.339271405363414,2.449054201710846,1.7444367519830628,0.7407627449818309,1.8499389078101927,1.253857242408075,1.5758553015737553,1.607007234066849,0.67746811929725,0.7233625390695838,55.03869873060828,16.955414640015146,88.97429778307186,158.26644870791432,163.5655602114388,148.7584490317771,122.12930138540226,1
0.3807334411240756,0.6503142307941343,1.3016294481065747,1.6005859877379534,0.951497242386345,1.686459848436359,2.15952158716326,2.5476140636251086,2.2810748799741423,0.8529695764506027,1.5956699604409523,0.9576001550968217,1.477589396383406,1.2563633126164377,0.37259385784390203,0.695859488991067,130.9162007852672,44.001186063572526,70.79239256754597,160.39080425065436,149.30393315910237,142.61684264845852,68.21533069452339,1
0.27827560443659227,0.2790969970047535,1.376926410732091,1.5805064731301552,0.7361480749649852,1.0959219115186651,2.3002796381412414,2.596390318665854,1.5357674455522894,1.2813728826323738,1.7666168702005702,1.1036580712622286,1.4074704358924097,1.4356173095438787,0.4391851838470822,0.4166483191052654,56.59022238737369,50.64321335043605,79.54063480255964,172.05019193056046,170.57005735458446,48.591941187075626,38.42932515836006,1
1.801833691770915,1.8639175882606052,1.2038524216868751,1.1725853435423501,2.3217298421366013,2.3389577568729742,2.201336070342317,2.1425339583480487,2.3034794068726443,2.3565452729806466,0.3274122397361174,0.5130533039912443,0.019967805397245363,0.6667947669574221,0.8983662908062446,0.9688105397905455,100.03896318127171,104.5581238676991,43.1556386463325,98.60907985784338,113.0885235693041,161.53434701577476,165.01412858566684,1
0.4980409238766995,0.7299317724699929,1.2038410492792095,1.2100701221678893,0.5847329929287461,0.8376984381434587,2.202666015136004,2.0351621635309733,1.1603289740562561,0.6476222240569257,0.7883382738806924,0.7305568708472919,0.8802824901005355,1.2059470876883294,0.3438272543429289,0.7488095703614104,49.41256827367331,14.595954109136564,56.44552583813624,177.50032105645022,154.81796988871938,160.31499387731424,153.05350249261934,1
0.5636585298123553,0.25726663360633834,1.2371415231658018,1.1319962944352036,1.4766098777817844,1.2697289763026467,2.2075041871336323,2.133142647699943,1.290525770075093,1.474984556895677,0.5650662551336362,0.42222399706723396,0.40161695104977274,0.5999797884510173,0.20643697204967942,0.15210507275140778,151.38747786156114,143.47777319994657,41.69936208226757,135.06229313223224,146.6018780062925,57.011317837786855,105.14230722972286,1
1.2862676494054686,1.1241159579783362,1.5687497947374909,1.4520716000498097,1.7964570480514568,1.5486255981871302,2.5380146720710335,2.425934030638771,1.5963160218662191,1.8747549662784124,0.686217109754903,0.27145967015207007,1.0035660980865273,0.3951921046145788,0.3735042274669637,0.4684650551019807,43.45827314017607,62.81786983409828,22.27093392074625,122.34032910322851,131.09910585542366,105.26041481235043,119.22945218903281,1
0.5693422830668803,0.5734847932985191,1.32180186255838,1.2509194244365434,1.3079424760920515,1.3465223929550576,2.288903204702453,2.2504305292327,1.4288326207600903,1.3924662667893188,0.7759602822143054,0.4296532286728536,1.2100909332496768,0.6197048579944163,0.37357014393291993,0.37238641463148076,88.69251468250488,93.71687871066887,39.61826999823457,130.46682584602095,136.0102471624751,110.32505465869154,108.27992180188895,1
0.7060686319890125,0.727548024802734,1.2378138410544044,1.1401074749484352,1.6726807890669084,1.7123989175185979,2.2249536966302674,2.127547643763329,1.7468166355839945,1.7189243472587623,0.5574734121407543,0.40252963086322024,0.8023756637558332,0.5891766921524894,0.3325395661461059,0.3889358596105092,153.59932898483152,147.18412760500632,41.574813140472045,127.47743165924614,140.6695866686188,161.8363915289219,156.00675899803673,1
0.9630894779951149,1.092967427136048,1.5851196751068009,1.6289155250197311,1.4158568184975346,1.5418663356337654,2.5460970718294056,2.597318397921469,1.5604023437610164,1.4186343172893308,0.44638413388538,0.3368418823671453,0.22159396466695921,0.5043871237340785,0.33761331172904796,0.35630938048754157,50.43859756237525,43.70102964969373,25.755124575068475,150.56737849579554,152.47875448011783,99.07955871243983,89.84416277556795,1
0.9283285844487654,0.6343630131275768,1.5304783214579512,1.6638263001731126,0.40314524545475655,0.3907845210588439,2.6011321998409853,2.470426953530753,0.8542771020668102,0.7327970225244311,1.3507470793643177,1.1254334549477516,0.5967261629747126,1.5271738198472566,0.6379523285093512,0.6831914889172609,19.632442319888582,13.67817506708467,70.30967100283182,172.4394095240128,178.7703839239317,96.03352268301443,110.87242159381087,1
0.9605650024065717,0.6536852461065538,1.2317575014514452,1.300068504378621,0.5322415139958707,0.6552473199448826,2.2680443081653197,2.186976137705372,0.9666571820297731,0.5566779296327721,0.850767371344648,0.6247719431336881,0.5751016609058495,0.43903958961126993,0.6328188407300758,0.6052020264151038,28.068399815132732,20.93843732233726,47.12585267689775,155.94429220727784,141.8416238944108,129.50969245926615,126.6584537215285,1
0.892084312938834,0.5862578728467772,1.5151017512997922,1.7435243826517555,0.44885908443044603,0.4800074855570159,2.592099371463887,2.527046292687591,1.0112955894707822,0.8980677977340696,1.542933114089412,1.2498523133415675,0.8079720675774171,1.6972166583261348,0.6246547049891152,0.7566871335262554,28.492730306866434,17.63180573974302,74.85071038896753,171.21192379256237,173.14765662020162,87.29664562186542,109.0716946085574,1
0.9960865810327925,0.9677329580870098,1.2254909454803131,1.3854529232565638,1.427950164929997,1.4142388492178168,2.208657395746543,2.381190082305759,1.3493675647039833,1.5210913481074437,0.511858475804694,0.4227847463673943,0.23496173282556265,0.5391629874042433,0.6531105669373319,0.5296773101044958,62.701593976069596,64.9842406826027,41.14589784056996,148.19783896718434,131.74635442119515,124.91028442370516,127.8459605435206,1
0.7478591067269247,0.8939467411902645,1.2985147844542888,1.1618073923951084,1.652204275442093,1.9696220661106312,2.2167936285257284,2.20161392416838,2.2096081462302197,1.5848877712623086,1.123816835260459,0.6730149732690239,1.0106564622244494,0.8900081319547762,0.3085465071297299,0.46897276226369394,173.85945920541397,141.691466185153,62.170720102137,146.3052213771156,158.20209978613886,141.64791882233106,145.592297119978,1
1.7353498378022074,0.9850492253206715,1.6491430598154735,1.4282308198758564,2.0771916106814396,1.7362590669956377,2.4663675635383298,2.487245347726009,2.176944138393794,1.65842276719436,1.0909323410255485,0.9687927746622619,0.1445381626906534,1.355913613491491,0.36064721711975123,0.49313381641460075,110.80613815488944,90.60533463595473,67.37799860333469,159.3060005121177,161.90062763774182,123.07868952509905,166.4000220339454,1
1.4354172391319417,1.4501296996226007,1.2959671214619806,1.4036452331451716,1.9319906195848853,2.1762543301670982,2.26011696375757,2.432304832832201,2.3781792897977874,1.7874448595080545,0.864704769084615,0.61621700155408,0.6210435651937637,0.6889542870584453,0.703993917551601,0.7150286489119281,101.19939314400426,84.56508480217734,47.90573562339982,127.61329704773257,122.9012662737613,135.2766842060239,135.59226162397727,1
0.9848112709911411,0.8969505901693355,1.5967452285656316,1.4587543673179686,1.6130815353313288,1.6337784330905152,2.5067986803961553,2.4791553385796155,1.872160322138042,1.4698138789638728,0.6848814971366508,0.4248337207454746,0.769718065939637,0.606229802186529,0.20384207243972394,0.319527486894223,70.77815302718015,61.821569380086174,36.52075556393541,135.56511475381257,138.5699709889995,98.78858738160984,99.79773863722615,1
0.39704736756529924,0.69530270363257,1.4015316001220872,1.4534515696418173,0.6094764055052112,0.7804835103002905,2.3088547100706873,2.5058427406787516,0.8469502794659293,1.0363502583992168,1.2340476160756604,0.8022158870176805,0.5831667615494361,0.8976513941627007,0.503958989841376,0.5105807203056469,11.67696954948566,28.488787073840264,58.53043951117974,172.41765356362947,171.37489282315553,95.21586146232627,91.89111782792662,1
1.1241892877348578,1.0514418691861438,1.6968089910487318,1.53413523040521,1.4693240492072834,1.344703160078758,2.58045433384595,2.4624103229423446,1.3428034323240077,1.4622589904804104,0.3853372566476412,0.4196198209187611,0.14902790592080814,0.6909657265490978,0.19764510910715738,0.3587381909131447,50.0110053400373,52.47179664955579,31.84917310583531,137.56321166743083,140.1136958718578,111.41270828220456,110.69153289216234,1
0.7740590643001979,0.6178552410906677,1.559273065876365,0.7279181043966726,0.4070914053347856,0.47636683177035444,2.558611907979341,1.419037215821395,0.8430866244873021,0.6416063383487012,0.6436698707156251,1.241778717965464,0.6706920283723096,1.7548911479398634,0.6112917015917557,0.23309571167149135,21.003457118976346,20.444982720318254,113.25264343617916,73.90785950033224,143.84138519730286,174.85533870628217,159.43551881935804,1
1.2518291124983518,0.7789980454581816,1.7213254070080195,1.3234982099327792,1.6138705298955573,0.9331299325217057,2.483330957384777,2.371335543719629,0.8607580675886791,1.205977354691027,0.464183782134854,1.1182877738262025,1.0938453380002422,1.6050360952827893,0.11199548911913637,0.42842494707623424,23.030131714549068,64.2944711814263,70.15224523612628,171.91689266981464,173.5828173152966,83.42702175216273,120.94486753733084,1
1.4089171188450793,0.5303975395015332,1.802766889085988,1.4536925805385708,1.751731157423274,0.9188870030203371,2.5656491402044894,2.4836524224314425,0.9804198327565716,1.287503527030757,0.4964506516552724,1.184083089699192,1.0026053394759218,1.720993482735815,0.12744270640390695,0.39512169873779557,24.203282663689237,72.0207074345607,73.03246247795981,174.69122312231684,172.3042555763009,65.7730123378148,132.40238895140484,1
1.0118668566459488,0.9431677651110022,1.4119491385054126,1.3271288473530967,1.6507301132690189,1.1481405772668074,2.5291884083758647,2.2285612294017194,1.0036920121129962,2.022011101615662,1.4742975308600008,0.49777738991090736,1.069194270852657,0.45784394185373106,0.4995628423853835,0.37469533853202025,48.996363265484604,93.37807421183642,33.21226596767063,106.59523447272215,109.8150343127846,128.16899093763294,148.03174555675616,1
0.9355819208902619,0.9147545074628963,1.5207254013459657,1.5281104041495954,0.7926507980193825,0.9522521030070364,2.26213529155128,2.3744610267976034,0.9406544381566416,0.869484521088646,0.32996196124463206,0.35350975032979254,0.3445573079778672,0.44265498839064227,0.97882539362614,0.9810698464643793,42.4283494730819,48.24359930552737,28.429099834240926,176.6033215871426,171.53330009993417,148.96566023107314,173.66971495508085,1
1.0621701810725743,0.7311153216030364,1.3966656839938345,1.3548923298477802,1.844211093299659,1.227232328116353,2.515064017535941,2.2379371218849657,1.1943117125358615,2.103485425273138,1.5168840037191698,0.494953053900867,1.2332907543502736,0.42157825424454143,0.4629162221146901,0.24095291059538962,87.4576131242479,114.01738638489729,37.97153140657809,129.3524717849978,118.31415784092403,128.7874615801121,148.63033800866006,1
1.173089473464159,3.5937962347590173,1.2608219247578265,3.090640689526105,2.2525558786730477,3.3835945953119304,2.1548277619040492,3.6823475443260305,5.576269270162598,4.390771620854714,5.521509433327993,3.5099924080327627,7.552350597863922,5.232984165592957,1.1533406610178734,3.1166054444503355,66.61319876196396,126.82250690828626,123.72921542137261,170.18221283783606,112.60871388505888,140.20093664978236,113.95964065424981,1
0.6865475204129332,0.7135429736025326,1.2046997967635538,1.175110556962267,0.8313011013378708,0.69177572091678,2.1391185963540953,2.072477383508899,0.7394949574981395,0.8961209184363914,0.4539699078643494,0.3581015102519272,0.5442556574105544,0.4960948999919455,0.6228883630791976,0.628204205973883,17.497983970146137,27.046653788398093,35.53815817550112,123.72973345686991,140.5399596007426,115.2985290020485,124.4224967903033,1
0.9595411554558694,0.8519313231934184,1.2722121835671178,1.3358863487927652,0.5276419647714855,0.3127734411413185,2.3270586419612678,2.246987553750421,0.31058085623973997,1.051652624313094,1.0749359226236797,0.742063282700499,0.7532084969162144,0.9114540929603485,0.6558112471695366,0.6048616144986664,7.60516161992506,35.86304665051026,65.38145070902796,174.3210300472286,166.86640730400185,134.23548441151533,157.10659225531035,1
0.9009605956615336,1.017063710838299,1.542257709260273,1.4506782870448465,0.13828383038812822,0.6201834856234151,2.363304925038602,2.4988663133574605,1.469275606674206,0.9173717707073135,1.6583343830977058,1.2078632728417333,1.52890305431482,1.6358123194704808,0.7544935922678929,0.7542882679912759,43.85999279363091,19.941452493558632,82.9603720108652,174.39381554739754,172.8468155511862,159.22120995579158,143.71080164187424,1
0.835550406385989,0.9259294076322535,1.4148100158767747,1.3565543751875582,0.4124693295513383,0.5339579042010483,2.368260501611793,2.36772920646654,0.6998921416960288,0.4341069670071024,0.49450776901633187,0.35410572603055057,0.5076754241257614,0.44395780887473735,0.5630923538232053,0.6011704444503003,11.529599033440402,13.505644126537916,30.921988279906166,136.54289387279974,145.46655841126167,128.22471580845843,109.23313704675931,1
0.8271767343157974,0.975627003868627,1.5799629783548266,1.3482268710288428,0.33374928141769644,0.6321495054012529,2.4159021166265373,2.3969078744344237,1.2769065973885976,0.3906011719349513,1.2323861444332813,1.000343917439986,1.000645225963169,1.2718853643511987,0.6329709640972712,0.6300781066321671,30.800420348039378,19.64171849885918,75.98980211586762,144.72787865696068,159.85832692088135,164.35639825344052,102.59390772389835,1
0.7737745365725712,2.638151561928341,1.6004954596280352,1.8378133278507662,1.3728595691780876,3.0714613618191513,2.3561487950148705,2.68755984002613,3.417071608839474,1.7381412694068399,2.240662921745608,1.2892839083015335,3.687822576897416,1.1155493784654216,0.8131745668135357,0.8647229095222135,87.8906173565951,73.05678031536247,66.50763039364594,53.69319747799781,55.635216523635705,148.86141958685278,107.96142215429673,1
1.3750187585212954,0.48382636978969823,1.4791875177090235,1.4239809296913124,1.707079774804974,0.9631163705488465,2.4961170968198876,2.389727874752579,0.958014622021196,2.00370424061181,1.1118139328634524,0.5150025514374937,1.439993086288217,0.7122352702062699,0.7940184529884086,0.32668338765541566,8.170524991146024,64.17273916268734,37.67054523355044,153.4302483628846,159.1800596165068,67.63065778545143,130.80990379483256,1
0.95227541625576,0.759051525015474,1.399337493316737,1.4508738644954382,0.7668828314341158,0.19795327749406627,2.4771150937647475,2.3283405724546875,0.6281220739247431,1.5065497441411435,1.5558726943298407,0.98150943398507,1.3906009667008759,1.227562217974535,0.735226965988058,0.6321952389371237,15.531102406435219,45.91311679450754,70.0046801019449,168.1841764237505,166.4141678703451,113.67985658817786,169.99676059303468,1
0.9157561796505538,0.5375161866587702,1.3260824649209406,1.3290178589362116,0.16760771955923875,0.5064450664361779,2.2860785619231616,2.2794518809879993,0.4225374616793934,0.44086506613562176,0.4947432853472123,0.5333159474690485,0.26254179917858483,0.45877457975005614,0.6042760015088607,0.4195730009506968,18.043144453751925,11.596606874486236,62.80421285800222,154.5315515777347,136.16130588586455,142.98710094283905,159.67554904437384,1
0.8878272086132145,0.760006929682592,1.4012031871851773,1.5890768970025138,0.5772661129237627,0.23368484511432577,2.4782639665195334,2.4075035754227536,0.6282647864764983,1.3064268165215696,1.4356576676470096,1.1163028398355521,1.151746719187213,1.5217681693698901,0.6541880699714294,0.680344309188311,18.041038090646104,37.868599484251845,75.51097317685907,168.81767544730727,171.37753931342942,117.14552366919224,165.97610869937634,1
0.759341292349181,0.7965476554102754,1.239271020338062,1.2399993848892041,0.7675830099262414,0.7432034655001489,2.2154513916732346,2.251794366545199,0.8679482811756599,0.7427370661314476,0.4559855319876297,0.33310383632433427,0.4247958625441993,0.40653953413314065,0.511035478525661,0.5220431870715517,20.02782239194895,16.74920109750791,33.32223689741392,140.3132030252996,146.5662011301176,123.04651207437692,109.64534974208738,1
0.8094811999921727,1.007203572128869,1.7044600894272206,1.3803366414233336,0.1710141700651784,0.8078481434321241,2.5234926119454175,2.4369694813538447,1.5288623100710628,0.6210374941552161,1.5647914155088294,1.2609756437763102,1.4189758109654387,1.6442762035075171,0.7673963009319654,0.7399052724035614,46.35115133779154,28.160519221850496,82.89752659208811,153.24988129167278,167.41626367761086,169.30562680952264,103.955011963828,1
0.8449950163051468,0.9043141618154167,1.5367712949742875,1.3082590418133606,0.41554848176021597,0.8681321370702808,2.4091928821678135,2.3857029265294774,1.457310703284649,0.4679358683893847,1.2862457470260493,0.9879718237799029,1.1873020601834348,1.216537697669921,0.67246956015826,0.6340133781204709,46.559009068556605,15.699136081957535,72.31440903387573,154.71131614641638,171.07438309452152,166.223205880917,115.53561856836752,1
0.7043057464069302,0.5093253886539506,1.389490140274281,1.3464473662536862,1.395043745835302,1.1413687192401163,2.472813287706307,2.2617360348558786,1.2258326649519704,1.6130744219788857,1.4215804102363334,0.4778985242248725,1.0685793562091428,0.45872269079164607,0.3532064215518667,0.3272735497242236,97.41924422940554,99.97980533902926,35.0192598732803,135.28301298236192,132.14428044456776,102.27012408696541,121.72302712645386,1
0.8804994334405887,0.5496587480329171,1.3980114642294366,1.3551812272323818,1.6115985520589633,1.1736442510840968,2.478895918677397,2.2601622189312236,1.3012825659820482,1.953118346134909,1.6032068433495508,0.6038637900134806,1.5487348258141334,0.5623729287918837,0.39408083205595634,0.36745548337305317,98.67605385987147,105.27781088232207,44.371898679869794,132.08110272448744,124.33517971131434,102.60921979046317,151.72629239956635,1
0.9033540991643317,0.9807484931494581,1.282278133574657,1.402630772308595,0.6665589109479535,0.7013802012996861,2.2167488240680906,2.4121624572079923,0.8791962091734157,0.6489082816957404,0.5263414270729538,0.3459326013987826,0.5950369516643721,0.6994948288657803,0.4806469570325544,0.6520863273253329,17.147876963829255,12.137426754013504,27.995737239185996,105.99251599859537,85.67512858195329,129.7386961903413,115.32489306486954,1
0.286771974002317,0.5236962413704584,1.4118040358370354,1.5963419486701527,0.7335162986995069,0.6685583353089141,2.29144362616893,2.633043052346976,0.9515666858636589,1.0674917182253059,1.3561689499206735,0.5840061645523175,0.7926552724006808,0.4833977458476302,0.4981235597598064,0.5658947029754748,30.72283733810552,37.469924317594916,39.566678109399774,167.6861848875734,167.6501274396618,68.44196528002551,35.128384191513135,1
0.4663904374453877,0.8280559936429664,1.2665101492828381,1.270228020339867,1.1524030217596053,1.5088904329801072,2.10729004506835,2.322645534169876,1.8392677157018584,1.3641627984461577,1.6440318062010475,0.4661533809315392,1.7109850483867424,0.6054276234545466,0.5090174123437277,0.28613443087121404,102.09280965587178,86.71550292290507,39.53666694473252,156.24333755862645,139.20565728646466,133.28841129487688,116.27002398000397,1
0.26651417812265277,0.6071174882291017,1.283752295260105,1.1357895129260676,0.9139175881618145,1.2998632414858347,2.0356060015479067,2.1513036442148015,1.5202204707316935,1.0072600177222952,1.3746826638321439,0.41966874703299356,1.0043797955399332,0.5151707856416908,0.39734935611906624,0.28048857112369585,99.00339204350063,69.86826117534719,36.995948162181456,108.53386959834509,114.81826158494108,91.82355730387833,70.82973922296605,1
0.7201595363744165,0.4795004151990778,1.384379229661438,1.4614400940904781,1.6091028946329828,1.2374787898332338,2.4327507060583082,2.349737071856118,1.4349515571762679,2.2427877013992976,1.8339962634852827,1.0536682776816064,1.7598093786402587,1.3447608982422736,0.482720600486441,0.4466387577312755,97.49075519390749,115.30344057382648,74.24208976881813,170.49659263487465,175.90654216658322,88.55539667348977,146.91140444371078,1
0.538740224715338,0.5003627419090397,1.441305315038562,1.507464836674014,1.3757492491053995,1.245934072534244,2.5059915744779344,2.3835202165891296,1.6868592932432682,1.8122750531768135,1.8013937580450103,1.0198401802088772,1.5849647779951908,1.3201608949875943,0.3400094835830477,0.5879550420162066,97.66560616271074,110.80035242588717,69.81756777721912,172.1269371176439,176.39370060651603,107.19136069182643,109.48255799151806,1
0.8643996348259726,0.8416112960700284,1.3660770910967157,1.447064872941706,0.5414816577950775,0.5101249135518888,2.3519495475467487,2.4265336878831025,0.47271430088637084,0.8050804365022967,0.5431309768544951,0.49747673807803516,0.6234785631537657,0.7336277544208386,0.6828786845432335,0.6244344463337784,9.096979857567325,13.969438305212002,40.06462161574624,144.70477601661491,145.96276770958687,113.47925731203321,123.14489308890059,1
0.6703693353043982,0.6869487420402146,1.4271587781303825,1.3831325475156235,0.5599165168128318,0.43285568343654934,2.4691067291330393,2.338033996525487,1.115690193105595,1.2174577498472718,1.6522632989409953,0.8905805576405725,1.4347723273461903,0.9022899959656853,0.5483885827724239,0.6005776565822639,39.75615012738332,41.3165063925969,61.49187395478382,163.26445316515992,155.97716268848933,127.90058548880633,137.1505210194586,1
0.9496706914766477,0.9513381689841451,0.528680267103067,0.6502617369148882,1.9032640519508228,1.9611621203085796,1.4121790067488658,1.5054413229852863,1.975609607190097,1.8927440954327237,0.13020874160067591,0.356974152754389,0.10283364568290311,0.5544456865702155,0.813060272991053,0.8361200628818187,168.174990265093,158.11546002990758,46.007414771708376,81.74608557794095,76.16888624301173,172.54972173612805,169.0344368964632,1
0.5142785341945069,0.5174640712994136,1.1619185310145161,1.212694700968539,1.2397609855112535,1.2841513884759101,2.142244271772167,2.214688787301762,1.3028903769602678,1.3677209419410734,0.7226871544656894,0.3075261337093427,1.1245565756111662,0.42257132656363133,0.37032714062127653,0.3576156595745457,71.02099253034565,70.25741298594748,31.382825890911406,147.15255384266533,139.5757228843132,104.7617873731314,106.97100950476027,1
0.5966628990844098,0.6108391345884419,1.3768671552362777,1.3643193960485946,1.1345533238043684,1.1488722926507529,2.3636278828767456,2.3688414407449376,1.1990092004769268,1.2808624982052723,0.7338270686719461,0.30178597122985223,1.1965797954758535,0.4283491740022221,0.4137480990718645,0.42632786655969795,46.499528099502356,50.981340162565495,26.06098671209114,147.97188576841185,150.06287947919787,96.90452053037454,102.32785174369346,1
0.5720612869064611,0.5771181642037984,1.3516464554456469,1.3349614169306132,1.1391368391134393,1.1721975953900232,2.33800990167314,2.340681455838926,1.2214183057095955,1.2714992158736793,0.7260491712319379,0.28220608629652916,1.1648610960815104,0.4073498855235145,0.396342507392545,0.3953262097342016,49.60739427405809,52.41685458563052,25.499249131275327,145.7841037794469,145.39320038356394,97.81644944332956,102.62909683251145,1
1.0565735331309831,1.2582531725888637,1.489145442581765,1.52238368464576,1.4543210236259152,1.4005059116832979,2.571960786398659,2.3958646358041897,1.204595505695427,1.7231506823914338,0.9775286824757503,0.5404157693648315,0.49536149663694734,0.49673467694887036,0.4915884390400007,0.4738513687750766,58.30366284935648,75.40927965136311,41.67256827923532,139.40324972452802,119.0246482586429,143.9066785352118,131.9691563294606,1
0.9438315204455026,0.9625557436396158,1.471346495224231,1.4075143197172035,0.9122524237468218,0.7766839524672507,2.5647926149895293,2.3178150410119027,0.5866570156060041,1.2657552409945392,1.0414997617749666,0.47484906903629864,0.6089594181998201,0.4066982739850883,0.5693921106301687,0.5719321730310517,19.586366447436404,43.99822916581993,35.76784557956445,125.844582227752,116.21747165009967,119.1387211780719,136.9885745871062,1
1.4460887522421952,1.435994481855068,1.3518780293886337,1.4027329866948413,1.8614255727880091,1.8779590961457748,2.3088806592981146,2.4062259699924797,2.026366374587016,1.7915796462510118,0.6125410793639214,0.4629039406788129,0.6605895548324731,0.5334772229172008,0.5762115451444569,0.6023307979251123,78.75467842297691,74.20949653110391,38.02978816897087,134.6834157548855,130.76018423233816,143.2109853247461,141.23799807839507,1
1.5860344891765734,0.7600843679887942,1.416706481408362,1.3801638106542395,2.026421159408865,1.32628351662563,2.3680654510996906,2.38529119232588,1.459102810860497,1.9570017192996296,0.5807823409140419,0.43581724352668666,0.87729529028848,0.5756783814894179,0.5768326551000384,0.35865060303135404,79.06302378225881,84.28898606365367,36.38494693832299,143.3940457809554,145.89000345748312,138.21184656975169,152.56820668580298,1
1.6007973846165808,0.8158016971783516,1.5145390550801516,1.3683939439858952,2.000953248583617,1.3530934096790657,2.4454296680399974,2.352356344648237,1.4647390722688478,1.9492630495800054,0.608290698087154,0.5347904193623507,0.9175761310041274,0.7655276809320936,0.47874074631898095,0.356399752374609,70.47381564030142,82.92328301318695,43.63007455232497,144.57086707668418,152.66797769691848,127.85334223220319,155.87993106039005,1
1.6866327742937461,0.3360048974152062,1.529564204459686,1.384118729857249,2.1589412230990157,1.064695214087734,2.4731280483585456,2.359918763054238,1.1518364399631065,2.1287577016813244,0.7731241075923995,0.4722986617261013,1.4611922417380878,0.6843120599634455,0.515550274470033,0.22703227586561825,48.41081471100992,89.41808993311628,39.094559792728504,141.35333164697917,149.0356799692804,81.04193737612174,156.91215764083276,1
0.822253590666436,1.290312217426901,1.6129297227868802,1.6932387193487393,0.3577747453194419,1.3873889084779496,2.606816813969687,2.6500879115539555,1.194518634438745,0.11169468025260113,0.6239361795015415,0.33811543686753615,1.3555990744175088,0.3614307468454556,0.7494564727581183,0.6958339799137553,49.71976648595632,31.581987116680793,23.125437155705757,159.21162693944956,155.15819928635028,129.09494760001039,142.2684052360831,1
0.965477293633643,0.8674054655339744,1.1936786214241155,1.0892051494933963,1.7859642236889461,1.7483775152730725,2.1211655005625314,2.0167292267702543,1.971336670525565,1.6191121523638874,0.6100411297753372,0.4429391931840884,0.6035362895621376,0.4828005007413505,0.6718591569524505,0.7177514307922161,107.4856567658395,108.37694622320744,44.541863969960076,144.55949103129453,162.05000134816453,132.41094130697383,139.23866866038748,1
0.8341545655391508,0.7912165989746912,1.228836893996046,1.1479288882449457,1.6569003428983635,1.637661747928535,2.1771218151243215,2.0778189049980265,1.8389310793533347,1.5242596290189996,0.5843922814266617,0.44066959168054426,0.6727343919944185,0.5056866559894475,0.5852108896502591,0.6676181067294819,94.72154833853284,95.9582457063586,42.437439510547854,152.1888508136661,167.71293972785372,122.48648232136507,126.22159412614785,1
1.0893180882163422,1.1001808324144706,1.2792814837905648,1.1672434257346116,1.7666263964594335,1.8224469473314433,2.248902765479282,2.1107176162540098,2.1698033825661565,1.539656706005122,0.8418774871211632,0.6469590316920891,0.852935133128475,0.67409656080474,0.6876694144581614,0.7981288196014144,99.10556204917225,89.32275337348482,60.734521243904325,145.47446335619122,166.74225453566666,139.83619600758033,136.58331826633832,1
0.7804974177945893,0.7965518394048755,1.5869943834970275,1.4339152070383976,1.7883143024982604,1.7863346294002211,2.4960171155322586,2.3318452837609245,1.7993624950135247,1.848664062702915,0.6927694092222503,0.2591773445787254,0.602058832363053,0.32072890486129146,0.4439355656559062,0.46763060377225535,155.15830249958435,152.4320844311361,22.162955855028713,136.85563356940645,137.65316184196132,146.92886408397052,143.32482726043955,1
0.8027418986276217,0.7762357923799138,1.5416993367187648,1.4377015394840602,1.8054666094303553,1.7617213955914148,2.4553577620587146,2.350415796031518,1.7854814318708987,1.8484551529771502,0.6490325682013123,0.256979017177095,0.5792485644317594,0.303538210741533,0.4305998714914409,0.4119749562121722,151.81609554957834,157.33087383357852,22.12681280747246,138.01762044017062,139.53246675136276,146.87072980836248,151.9340226521052,1
0.6215111417838691,0.1379330821032428,1.8009161226199486,1.7340518601569603,1.103605506464049,0.913095996592554,2.787309001681642,2.753076289072318,1.3823706819782553,1.6406034040335107,1.7049137111582169,0.7863714639171591,1.6979776882297122,0.7780358938700866,0.5993834030647323,0.4473095533098555,44.58013225175829,55.76631587356163,51.36270766279814,178.32574799471774,175.2911367646584,16.940577492267916,85.43351899219942,1
0.8629192315698134,0.48046466248003417,1.8104565824251426,1.724252457303605,1.0258620687645332,0.8570104046342232,2.7824829521869927,2.7504402739902396,1.4603598515030347,1.5914500116075656,1.7702952004632964,0.7037046495975995,2.0584088341816926,0.7595127098823141,0.737031515940728,0.6109673784271998,60.182644730460886,50.92045269233094,43.436672677504966,172.23692724700913,175.0271623952675,104.2378127224547,126.24281199295577,1
0.6569164761438078,0.5098565509954477,1.8724213135212842,1.836555664723124,1.043692945843291,0.5619694370736853,2.851649976254657,2.8552425898862324,1.0618100550467204,1.472986296282665,1.5287614359969792,0.6794754030102763,1.4050524658711623,0.7365778053341607,0.6342957811636977,0.6460381717349147,36.39911124211539,42.33332594510792,40.37261356537155,169.21524972662968,173.49617886438773,80.69210569776394,82.12398968499265,1
0.5750701846446218,0.6507207623023927,1.094907045353254,1.2281327384074745,1.3032752377351178,1.4109007846795933,2.0721032917791176,2.2034485167836078,1.599285512467366,1.4456754410579464,0.9779286116968599,0.523965039488795,1.0529161514471903,0.661848232415181,0.1967725270126532,0.3601799321538115,78.34344029328732,86.14538304749931,46.97774542096685,153.30383571990507,146.6032281120988,113.27107608314611,124.05103602969017,1
0.74167490814691,0.4399097095989721,1.5639187382461175,1.5460800645438262,1.4635984805678626,1.29637930577177,2.447894427237077,2.5623837841439903,1.274774613516474,1.7301255567929472,0.8970564227145725,0.5495381935939944,0.9900960703719248,0.5731155979748568,0.10026297159726001,0.4391784785371983,56.447514176892824,102.44205359464752,44.25724085902536,162.90754133783406,148.4649258277171,84.53168870273983,141.03540797314486,1
0.9097613456683118,0.9350401648626121,1.3699741293380792,1.4011860861276264,1.1812542365621366,1.187318411847109,2.292137832623449,2.2554887758538795,1.2255957407804716,1.1533206671344096,0.3189396334945891,0.314325734493326,0.07815441317995575,0.4208953987706688,0.2205904743703994,0.14815980725008165,42.81540885278961,41.31908319307913,21.271352414681793,113.96109356689065,115.52617168365882,106.43180884516995,101.54954471434293,1
0.887406704007104,1.0052073420073853,1.3305115608834528,1.4108145379134371,1.3049278333827405,1.3845043586322558,2.300244184548827,2.2984367618537394,1.4035386111371873,1.295468884052013,0.32498032492591494,0.3787298391278325,0.13878424730937977,0.5900295713724419,0.296252254115495,0.12566949585112977,54.810816470763854,52.679815594893384,27.3710505020032,118.33597483334202,117.04154665456538,110.85523617813573,102.34594670961741,1
1.2440026666421369,0.7277285272290563,1.4099924357515539,1.5018448566609033,1.283473612053368,0.9876932692463396,2.339725272175049,2.4808324793189684,0.8370057960903191,0.9864223780069661,0.36294596675250684,0.4002660389162979,1.0183535758417221,0.44051473983529726,0.330676878879767,0.6196952401579017,37.813952987752714,43.15593879714772,30.078474688724203,148.38216580224602,138.72650748954493,84.99137768660502,133.6187743407534,1
0.8681674535066086,0.8280025957327041,1.4833255084353874,1.4839571601583619,0.5416052451386628,0.2253273569999647,2.601365212683004,2.3231756263233256,0.6873608799532434,1.3083612051903613,1.5784105632400605,0.8820427885728706,1.156840805098923,1.037721639240199,0.6149364060309686,0.6475379175633884,15.484433287813467,43.29664939454581,62.76769141933755,171.99789302919353,169.08319239948904,128.1943240687731,141.14141067610805,1
0.990305899849065,0.8828705212885916,1.4281265993105936,1.547790550527958,0.747334338605985,0.196457948468775,2.561586163732233,2.3635671088425574,0.58071074285423,1.5101622264694246,1.58234495395811,0.9676137741993677,1.3216624503561305,1.2038833619806644,0.6794867209366524,0.707600502687356,10.3154260240683,49.25955043444996,67.87445634683733,174.70069334760512,170.30490515511215,132.6455644439868,157.69308070023249,1
0.9949227893231863,0.8953806194543753,1.465454196341347,1.4929815217850542,0.6967521629882488,0.1946796540402996,2.5865120526282563,2.3403838572045936,0.6174605415980441,1.4864702840175879,1.617972917298028,0.9601400521848813,1.3043274495157458,1.155564060316767,0.7262001111745701,0.6939616276778106,10.683160664514768,48.46053317336032,67.95555499276509,171.80004165016334,168.05833985662466,132.8141140156725,153.5842811201787,1
0.9637885774067465,0.8816669685182645,1.4809270573423634,1.4353816306796274,0.7043781079320024,0.15108783522945715,2.6196998442612807,2.2885739380602588,0.6193038697637818,1.445213110590355,1.6152241695215417,0.772704546027399,1.3122711455744027,0.8395777084045741,0.6594970693505664,0.6637227716410069,14.077805533483115,49.47384440803241,55.07432249478025,170.38175219567646,167.91942805752225,132.11930034855888,149.91737500548828,1
0.9656087000900021,0.8854758399068493,1.4151748221463045,1.4379029529566318,0.7539858756980956,0.17745511929160238,2.544155698971292,2.282211842342112,0.5894007987404672,1.5022745696176198,1.597157783526658,0.8829844082306286,1.3350744621311257,1.0594081557570443,0.6709997460301059,0.6611972933215177,11.222810058678487,50.688646238240544,64.96905644565783,173.07481190942093,170.76245109368642,132.44767064227204,155.41059366332536,1
0.9890524176006633,0.873175872754522,1.4068199657023561,1.3156105768167767,0.7015620370698573,0.18518435866634564,2.5254501161002345,2.202252507409899,0.6065360544436992,1.468816074542973,1.5656490154910745,0.8279638058536205,1.3005706490164777,0.8810406107594825,0.6885317736218913,0.605621504338048,8.983974675564534,48.208565215166246,68.27576044517875,173.9080720903254,167.0881828674932,135.0325184925439,152.84540327935773,1
0.9761586740513399,1.2805017104174192,1.4862195326195917,1.468509740567119,1.5178458403588584,1.9702868720691493,2.4755060261565687,2.4751059209142596,2.5128463231258436,1.1990130705316675,1.3223747060441777,0.6751467093774249,1.2445887138676943,0.6583785026751158,0.5249177394587689,0.7684998508959429,88.23552266442958,65.75650749103185,50.74658315178095,153.89166552096117,155.70442295144187,127.24351740736103,113.52491862900602,1
0.9962541042201639,1.1925130239564548,1.5124220263118742,1.4726862317648688,1.40795116881811,1.7260125175008263,2.5151074997854295,2.4546468582548093,2.2497426967025094,1.164183359429844,1.3159072258239128,0.8301153897023533,1.159223742778052,0.8872134336869552,0.48918880687486366,0.8133199677898442,75.96713283196007,58.24712811154898,59.34141284591669,164.50052975955708,169.30237913159365,128.31399348613016,113.97117008802488,1
1.0049218559298083,1.263410674200642,1.4795273506899294,1.4961020940275067,1.6251698540297612,2.048610363637228,2.4236391711197744,2.518296963221639,2.5166936262153796,1.2963533484340535,1.1919142672752328,0.4907536419973238,1.0961267172102596,0.462288033280016,0.6342913433538633,0.7938981988195096,100.98635045494817,78.37890434924032,37.58898353687152,158.68759921436677,158.54123603187196,136.74920341035335,119.12557430500102,1
1.0218204381297336,0.6681043832327328,1.4659881986419319,1.4696643908097466,1.0704652993409356,0.9329365439912136,2.410677597422966,2.4501236526222194,0.9590280790635147,1.1822580285120394,0.6558308279663722,0.23188106684879378,0.7234135658782204,0.2930538482298897,0.5071292856837046,0.32301898449551847,60.77624558462516,54.60418610376658,16.760158531127026,174.98181605373074,175.04764681249563,151.9881365878964,155.36920446923347,1
0.707915503123703,1.2158731304971393,1.4547803451665642,1.4688108142043288,1.3715506336579792,1.9742824993389647,2.3980864050428545,2.456793243965447,2.065168381824968,1.3383561201209484,0.6743275451550662,0.2041188542817631,0.8742526115238356,0.26562085094362686,0.5618149941665765,0.820298476419839,99.66687117584569,77.76025993180527,14.99347834669369,168.93722030466077,178.18584327963254,138.9138976558533,134.48111797943665,1
