pose_id,x_nose,y_nose,z_nose,x_left_eye_inner,y_left_eye_inner,z_left_eye_inner,x_left_eye,y_left_eye,z_left_eye,x_left_eye_outer,y_left_eye_outer,z_left_eye_outer,x_right_eye_inner,y_right_eye_inner,z_right_eye_inner,x_right_eye,y_right_eye,z_right_eye,x_right_eye_outer,y_right_eye_outer,z_right_eye_outer,x_left_ear,y_left_ear,z_left_ear,x_right_ear,y_right_ear,z_right_ear,x_mouth_left,y_mouth_left,z_mouth_left,x_mouth_right,y_mouth_right,z_mouth_right,x_left_shoulder,y_left_shoulder,z_left_shoulder,x_right_shoulder,y_right_shoulder,z_right_shoulder,x_left_elbow,y_left_elbow,z_left_elbow,x_right_elbow,y_right_elbow,z_right_elbow,x_left_wrist,y_left_wrist,z_left_wrist,x_right_wrist,y_right_wrist,z_right_wrist,x_left_pinky,y_left_pinky,z_left_pinky,x_right_pinky,y_right_pinky,z_right_pinky,x_left_index,y_left_index,z_left_index,x_right_index,y_right_index,z_right_index,x_left_thumb,y_left_thumb,z_left_thumb,x_right_thumb,y_right_thumb,z_right_thumb,x_left_hip,y_left_hip,z_left_hip,x_right_hip,y_right_hip,z_right_hip,x_left_knee,y_left_knee,z_left_knee,x_right_knee,y_right_knee,z_right_knee,x_left_ankle,y_left_ankle,z_left_ankle,x_right_ankle,y_right_ankle,z_right_ankle,x_left_heel,y_left_heel,z_left_heel,x_right_heel,y_right_heel,z_right_heel,x_left_foot_index,y_left_foot_index,z_left_foot_index,x_right_foot_index,y_right_foot_index,z_right_foot_index
0,0.8105819821357727,0.3489838242530823,-0.14630737900733948,0.817891001701355,0.3428950309753418,-0.14648856222629547,0.8212750554084778,0.3430914878845215,-0.14661218225955963,0.8250249028205872,0.3432566523551941,-0.1466842144727707,0.8127568364143372,0.3423399031162262,-0.11920776218175888,0.8120831251144409,0.34209662675857544,-0.11928295344114304,0.8115061521530151,0.3418540358543396,-0.11934438347816467,0.8410326838493347,0.34681689739227295,-0.10701286792755127,0.8208847045898438,0.3454361855983734,0.01651664637029171,0.8174656629562378,0.3557761311531067,-0.12926475703716278,0.8106571435928345,0.354862779378891,-0.0937754288315773,0.8728246688842773,0.38301295042037964,-0.16858145594596863,0.7916966080665588,0.3923629820346832,0.1053919568657875,0.8265838623046875,0.39084193110466003,-0.3587096333503723,0.7348331212997437,0.40323108434677124,-0.00627320958301425,0.75140780210495,0.36399203538894653,-0.4446885287761688,0.7353931665420532,0.3662600815296173,-0.22525033354759216,0.7412987351417542,0.3558254539966583,-0.4985346496105194,0.727903425693512,0.3570442199707031,-0.26519471406936646,0.742846667766571,0.35370248556137085,-0.4761696755886078,0.732422411441803,0.3541386127471924,-0.26410579681396484,0.744945764541626,0.35659059882164,-0.4384765923023224,0.7355624437332153,0.35881996154785156,-0.23386342823505402,0.8465803265571594,0.49084606766700745,-0.07750643789768219,0.7959761023521423,0.49045810103416443,0.07747600227594376,0.8439471125602722,0.563427209854126,-0.0585988350212574,0.7927045822143555,0.5605670213699341,0.08976422250270844,0.8370873928070068,0.6297858953475952,0.06214424595236778,0.8175188899040222,0.6229511499404907,0.24116414785385132,0.8407114744186401,0.6331862211227417,0.06788487732410431,0.8304089903831482,0.631033182144165,0.2507878839969635,0.8242054581642151,0.6528558731079102,-0.06906908750534058,0.7835667133331299,0.637523889541626,0.1385398954153061
1,0.8098834753036499,0.3479502499103546,-0.06603918224573135,0.8165217041969299,0.34240415692329407,-0.06963089853525162,0.8197342157363892,0.34262827038764954,-0.06967449933290482,0.8236766457557678,0.3428437113761902,-0.06970130652189255,0.8121097087860107,0.3418499827384949,-0.03606899455189705,0.8116232752799988,0.34164851903915405,-0.036105699837207794,0.8111817240715027,0.3414662480354309,-0.036125198006629944,0.8411411046981812,0.3463015854358673,-0.04811783507466316,0.8207690119743347,0.34505540132522583,0.10608404129743576,0.8160850405693054,0.3554982542991638,-0.055545058101415634,0.8101497292518616,0.35475343465805054,-0.011090923100709915,0.8735028505325317,0.3808917701244354,-0.13323484361171722,0.7954128980636597,0.3881989121437073,0.1954348385334015,0.8252835869789124,0.3773093819618225,-0.3558597266674042,0.7374774217605591,0.3924492299556732,0.07247202843427658,0.759613573551178,0.34648382663726807,-0.45368245244026184,0.7415189743041992,0.35295888781547546,-0.18783770501613617,0.7516987323760986,0.33626216650009155,-0.5072212219238281,0.7365275621414185,0.34090694785118103,-0.2358790785074234,0.7538365721702576,0.3346685767173767,-0.4841882884502411,0.7434796690940857,0.3376142382621765,-0.23057019710540771,0.755396842956543,0.3384598195552826,-0.4467768371105194,0.7454128861427307,0.3442268669605255,-0.19783568382263184,0.8468744158744812,0.4868972897529602,-0.08882671594619751,0.7959773540496826,0.4851922392845154,0.08880756050348282,0.8431684970855713,0.55915367603302,-0.08569709211587906,0.791834831237793,0.5548638105392456,0.08703526109457016,0.8371031880378723,0.6291428804397583,0.0016786904307082295,0.8142743706703186,0.6235695481300354,0.21355780959129333,0.8415160179138184,0.6346358060836792,0.0036357890348881483,0.8277931809425354,0.6323583722114563,0.219612255692482,0.8077231645584106,0.6504138708114624,-0.1435411125421524,0.7802833318710327,0.6373456716537476,0.10830525308847427
2,0.8145956993103027,0.34722214937210083,-0.04535447806119919,0.8202799558639526,0.34187769889831543,-0.04642171785235405,0.8238046169281006,0.34203067421913147,-0.046463970094919205,0.8273253440856934,0.34201914072036743,-0.046493615955114365,0.8157473206520081,0.341457337141037,-0.01816253736615181,0.8150758743286133,0.3412560522556305,-0.018216868862509727,0.8135886192321777,0.3410031795501709,-0.018225504085421562,0.8420554995536804,0.3452070355415344,-0.016779650002717972,0.8212810754776001,0.343911349773407,0.11279553174972534,0.8202484250068665,0.35357609391212463,-0.032000914216041565,0.8141706585884094,0.35325324535369873,0.005331264343112707,0.8751057386398315,0.3776531517505646,-0.0862531065940857,0.7980467677116394,0.37919437885284424,0.18599575757980347,0.8283715844154358,0.3773214817047119,-0.3036891222000122,0.7379204034805298,0.3720080256462097,0.061220236122608185,0.7775124311447144,0.3314859867095947,-0.4194797873497009,0.758853554725647,0.32736966013908386,-0.1641392856836319,0.771040678024292,0.3197193145751953,-0.46925783157348633,0.7562006711959839,0.3161781430244446,-0.21070800721645355,0.7743724584579468,0.3190998435020447,-0.44954168796539307,0.7632413506507874,0.31542059779167175,-0.19954396784305573,0.7768436074256897,0.32413581013679504,-0.41483718156814575,0.764778196811676,0.3206068277359009,-0.17165301740169525,0.8470559120178223,0.48228782415390015,-0.0796465203166008,0.7957977056503296,0.47990936040878296,0.07953018695116043,0.8436054587364197,0.5562288165092468,-0.07594703137874603,0.7919725179672241,0.5527495741844177,0.06798622012138367,0.841514527797699,0.6265764236450195,0.004160935524851084,0.8085365295410156,0.6235408782958984,0.18157511949539185,0.8426833152770996,0.6346026062965393,0.0049416786059737206,0.8222078680992126,0.6313261389732361,0.1865997463464737,0.8105686902999878,0.6461639404296875,-0.14063063263893127,0.7803736925125122,0.6386122107505798,0.07577686011791229
3,0.8133781552314758,0.3472920060157776,-0.037445392459630966,0.8191635012626648,0.3416229486465454,-0.038028426468372345,0.8226225972175598,0.3415575921535492,-0.038018371909856796,0.8263218998908997,0.341266006231308,-0.03800709545612335,0.8136590123176575,0.3414347767829895,-0.01197910588234663,0.8126497864723206,0.34124329686164856,-0.012098874896764755,0.8114082217216492,0.34097257256507874,-0.012099663726985455,0.8410656452178955,0.34419065713882446,-0.007681137882173061,0.8184494972229004,0.3435591757297516,0.1114172413945198,0.8198131322860718,0.3536427319049835,-0.023871146142482758,0.8129686713218689,0.35352206230163574,0.0104829715564847,0.8722481727600098,0.37405940890312195,-0.07368151098489761,0.7978135943412781,0.37811800837516785,0.18177618086338043,0.8249993920326233,0.3504963219165802,-0.23959778249263763,0.7412751317024231,0.3576207458972931,0.11188339442014694,0.786229133605957,0.3094925284385681,-0.2893587648868561,0.7793148756027222,0.3123314082622528,-0.01809748448431492,0.7843741774559021,0.29769954085350037,-0.3317650258541107,0.7786722183227539,0.3013605773448944,-0.053686127066612244,0.7866761684417725,0.29724785685539246,-0.3136792778968811,0.7821415662765503,0.3017946481704712,-0.04171287640929222,0.7872434854507446,0.30184945464134216,-0.2842443287372589,0.7830635905265808,0.30728450417518616,-0.022726930677890778,0.847414493560791,0.47874197363853455,-0.07726892083883286,0.7973459959030151,0.4765692353248596,0.07707595080137253,0.8410268425941467,0.5546740293502808,-0.08013316988945007,0.7945345640182495,0.5514550805091858,0.059373896569013596,0.8413028120994568,0.6266177892684937,-0.01997183822095394,0.8090133666992188,0.624325156211853,0.1512269377708435,0.8450032472610474,0.6344921588897705,-0.018325554206967354,0.8219646215438843,0.6313010454177856,0.15451404452323914,0.8094779849052429,0.6466129422187805,-0.149699404835701,0.7799018025398254,0.6393276453018188,0.04996979981660843
4,0.8132492899894714,0.3498631417751312,-0.04013148322701454,0.818574070930481,0.3430558145046234,-0.03990820795297623,0.8223148584365845,0.3426995575428009,-0.03986658900976181,0.8262449502944946,0.3421516418457031,-0.0398217998445034,0.8111329674720764,0.34390953183174133,-0.010418244637548923,0.8091119527816772,0.3440746068954468,-0.010562735609710217,0.8071768879890442,0.34416624903678894,-0.010551037266850471,0.8406105637550354,0.3442125916481018,-0.010507859289646149,0.8124191164970398,0.3464616537094116,0.12464307248592377,0.8197794556617737,0.3553013801574707,-0.027415508404374123,0.8128170371055603,0.35647478699684143,0.01159828994423151,0.8713890910148621,0.3732912838459015,-0.07673925161361694,0.7981780171394348,0.37725645303726196,0.20306746661663055,0.8424718976020813,0.3357585072517395,-0.17241637408733368,0.754020094871521,0.3459665775299072,0.23145319521427155,0.7985655665397644,0.29434117674827576,-0.13327816128730774,0.7890337705612183,0.3013744354248047,0.20191344618797302,0.7985751032829285,0.2831896245479584,-0.16334468126296997,0.7904449701309204,0.29006731510162354,0.18272995948791504,0.8008778095245361,0.28246599435806274,-0.14986315369606018,0.7937832474708557,0.28849250078201294,0.18919697403907776,0.8007560968399048,0.28660088777542114,-0.1280181109905243,0.7938248515129089,0.2938714921474457,0.1968151330947876,0.8474205136299133,0.47689753770828247,-0.08055099099874496,0.7979764342308044,0.47433868050575256,0.08033143728971481,0.8399608135223389,0.5504423975944519,-0.09313728660345078,0.7948776483535767,0.5469161868095398,0.06426544487476349,0.8395242691040039,0.6246756911277771,-0.03496351093053818,0.8102614283561707,0.623933732509613,0.1447606384754181,0.8438761234283447,0.6344705820083618,-0.03317466750741005,0.8223012089729309,0.631253719329834,0.1464419960975647,0.8053361773490906,0.6443344354629517,-0.16126535832881927,0.7793776392936707,0.6387611627578735,0.040780164301395416
5,0.813159704208374,0.3504756987094879,-0.040965281426906586,0.8178642988204956,0.3436647355556488,-0.03805601969361305,0.8218454122543335,0.3430408239364624,-0.03799497336149216,0.8259745836257935,0.34235280752182007,-0.03793559595942497,0.808971643447876,0.3449826240539551,-0.012099431827664375,0.8064470291137695,0.3453531563282013,-0.012243794277310371,0.8041074275970459,0.3456711769104004,-0.012231545522809029,0.839300811290741,0.34439796209335327,-0.00033922254806384444,0.8084108829498291,0.3485211133956909,0.11977969110012054,0.8199267983436584,0.35550031065940857,-0.025107113644480705,0.8126246929168701,0.35724297165870667,0.009685877710580826,0.8711148500442505,0.3718450963497162,-0.0543864443898201,0.7980756759643555,0.37771278619766235,0.18830569088459015,0.8477643132209778,0.33042481541633606,-0.145955428481102,0.7682799696922302,0.33591192960739136,0.18942125141620636,0.8118897080421448,0.285087525844574,-0.1223207488656044,0.8023099899291992,0.2910786271095276,0.1610744297504425,0.8118398785591125,0.2752332389354706,-0.1566898375749588,0.804505467414856,0.27920669317245483,0.1368981897830963,0.8140504360198975,0.2754477262496948,-0.14407233893871307,0.8085650205612183,0.2793487012386322,0.14273057878017426,0.8142344951629639,0.2780895531177521,-0.1187974363565445,0.808481752872467,0.2824021577835083,0.15564578771591187,0.8484483361244202,0.4753674864768982,-0.06752710044384003,0.8001008629798889,0.47269147634506226,0.06724344938993454,0.8404415845870972,0.5493119359016418,-0.08803241699934006,0.800116240978241,0.5458350777626038,0.0585816316306591,0.8406649231910706,0.6256892085075378,-0.019911566749215126,0.8121777176856995,0.622803807258606,0.11837700009346008,0.8445737361907959,0.635209321975708,-0.018308719620108604,0.8222928643226624,0.6329119205474854,0.11786774545907974,0.8189922571182251,0.6448357701301575,-0.15390613675117493,0.7858951091766357,0.640011191368103,-0.0031686932779848576
6,0.8102444410324097,0.35208648443222046,-0.03750713914632797,0.8147313594818115,0.3447854220867157,-0.036450691521167755,0.81915283203125,0.3437950015068054,-0.03638392686843872,0.8237797021865845,0.3427729606628418,-0.036345936357975006,0.8054711222648621,0.34661978483200073,-0.00935091357678175,0.8031411170959473,0.34703290462493896,-0.00952888559550047,0.8009870648384094,0.34731632471084595,-0.009550198912620544,0.8377169966697693,0.34443625807762146,-0.006284280680119991,0.8067178726196289,0.34914281964302063,0.11809168010950089,0.8190019130706787,0.3562435507774353,-0.02472601644694805,0.8107223510742188,0.3582521975040436,0.01137735415250063,0.8700533509254456,0.3698272407054901,-0.06461562216281891,0.7986363172531128,0.37726178765296936,0.18589772284030914,0.8458625674247742,0.3269677758216858,-0.15255510807037354,0.7777254581451416,0.3281804323196411,0.17929647862911224,0.8267034888267517,0.28106820583343506,-0.10677345097064972,0.8173725605010986,0.2829383909702301,0.15535077452659607,0.8272243738174438,0.2723928987979889,-0.13553284108638763,0.8214501142501831,0.27381905913352966,0.13072070479393005,0.8286142349243164,0.27191871404647827,-0.12871135771274567,0.8246327042579651,0.27159029245376587,0.14148758351802826,0.8284069299697876,0.2757492661476135,-0.10518861562013626,0.8243017196655273,0.27586790919303894,0.1511937379837036,0.8488168716430664,0.47487300634384155,-0.06709571927785873,0.8015164732933044,0.47233086824417114,0.06679502129554749,0.8438844680786133,0.5494868159294128,-0.06986288726329803,0.7999866008758545,0.5443728566169739,0.06962881237268448,0.8436118960380554,0.6257940530776978,-0.018361344933509827,0.8093554377555847,0.6223986148834229,0.14034438133239746,0.8454701900482178,0.6352003812789917,-0.015248176641762257,0.8174358606338501,0.631536602973938,0.14160090684890747,0.8206299543380737,0.6449646353721619,-0.15098190307617188,0.7841036319732666,0.6403576731681824,0.02449992671608925
7,0.8033921122550964,0.3525054454803467,-0.03400440141558647,0.8086720108985901,0.34511739015579224,-0.03803795203566551,0.8130013942718506,0.34428101778030396,-0.037969812750816345,0.8174612522125244,0.34336185455322266,-0.03794664517045021,0.8002383708953857,0.34659677743911743,-0.006644294131547213,0.798492431640625,0.34690061211586,-0.006815463770180941,0.7969281673431396,0.34709030389785767,-0.006834276486188173,0.8336843848228455,0.3444652259349823,-0.025704313069581985,0.8050005435943604,0.34897565841674805,0.1155957356095314,0.8133976459503174,0.35680994391441345,-0.028469949960708618,0.80500727891922,0.35842424631118774,0.012625901028513908,0.8674378991127014,0.3680000305175781,-0.1002473309636116,0.8004692792892456,0.37640637159347534,0.18209195137023926,0.8478143215179443,0.32768136262893677,-0.19953010976314545,0.7854531407356262,0.328315794467926,0.17229898273944855,0.8400545716285706,0.27927350997924805,-0.17870913445949554,0.827924370765686,0.28035712242126465,0.11127976328134537,0.8425956964492798,0.2700044810771942,-0.2126346230506897,0.8323341608047485,0.27065372467041016,0.08429211378097534,0.8436257243156433,0.26962870359420776,-0.20221242308616638,0.8348725438117981,0.27052992582321167,0.0935598760843277,0.8424809575080872,0.2734029293060303,-0.17572560906410217,0.8340914249420166,0.27330854535102844,0.1056952252984047,0.8483777642250061,0.4742116928100586,-0.07686258852481842,0.8034307956695557,0.4722784459590912,0.07655294984579086,0.8432117700576782,0.5477434396743774,-0.08325202018022537,0.8004042506217957,0.5441538095474243,0.08378060907125473,0.8435548543930054,0.6250637769699097,-0.025954628363251686,0.8088416457176208,0.6224192380905151,0.14709876477718353,0.845656156539917,0.6344339847564697,-0.023704489693045616,0.8168748021125793,0.6314581036567688,0.14808829128742218,0.812352180480957,0.6450387835502625,-0.1520937979221344,0.7821584939956665,0.6403243541717529,0.03374800831079483
8,0.8018513321876526,0.3524529039859772,-0.014529935084283352,0.8072024583816528,0.3450925052165985,-0.017934393137693405,0.8114380836486816,0.3442760109901428,-0.01788465864956379,0.8157509565353394,0.3433602452278137,-0.017873598262667656,0.7989200353622437,0.3464899957180023,0.012264866381883621,0.797314465045929,0.34677654504776,0.01208269689232111,0.7958835959434509,0.3469717502593994,0.01206898782402277,0.8316774368286133,0.3440588712692261,-0.008617163635790348,0.8041253089904785,0.34875068068504333,0.12974867224693298,0.8125738501548767,0.35680848360061646,-0.00981265027076006,0.8039888143539429,0.3584083318710327,0.03028320148587227,0.8671184182167053,0.36656445264816284,-0.07860200852155685,0.8018431663513184,0.375420480966568,0.1877477914094925,0.8484666347503662,0.32344672083854675,-0.1457197666168213,0.7893503904342651,0.32705628871917725,0.21191106736660004,0.8460026979446411,0.28162682056427,-0.06577657908201218,0.8329231142997742,0.28353556990623474,0.21710385382175446,0.8486365675926208,0.27258729934692383,-0.08695460110902786,0.8388115167617798,0.27428585290908813,0.20005521178245544,0.8496922254562378,0.2726781666278839,-0.08263949304819107,0.8406928777694702,0.2745717465877533,0.21178171038627625,0.8476855158805847,0.27669960260391235,-0.0641075000166893,0.8393344283103943,0.27682867646217346,0.21434493362903595,0.8480866551399231,0.4731775224208832,-0.07691413909196854,0.80352783203125,0.4714674949645996,0.07661117613315582,0.8431719541549683,0.5464101433753967,-0.09276071935892105,0.801314651966095,0.5439203977584839,0.07870370894670486,0.8434072732925415,0.6248875856399536,-0.04192864149808884,0.8089380264282227,0.6214168071746826,0.12268482148647308,0.845770537853241,0.63422691822052,-0.04003887623548508,0.8198363184928894,0.6313837766647339,0.1209784522652626,0.8080595135688782,0.6513782143592834,-0.1599673628807068,0.7816072106361389,0.64044189453125,0.013727035373449326
9,0.7989802956581116,0.35229310393333435,0.001377771724946797,0.8053139448165894,0.344827800989151,0.0005585370818153024,0.8096447587013245,0.34412115812301636,0.0006066517671570182,0.8139614462852478,0.3432823121547699,0.0006308272713795304,0.7967993021011353,0.34594759345054626,0.028699496760964394,0.7952298521995544,0.3461485505104065,0.02850181795656681,0.7938716411590576,0.34625083208084106,0.028492148965597153,0.8289491534233093,0.34407109022140503,0.01608780212700367,0.8027222752571106,0.34830886125564575,0.14408127963542938,0.810007631778717,0.3568035960197449,0.007576608099043369,0.8008573651313782,0.35837647318840027,0.04480237886309624,0.8647368550300598,0.36591383814811707,-0.05110902339220047,0.8004928827285767,0.3753215968608856,0.19948381185531616,0.8492176532745361,0.3250124454498291,-0.10345002263784409,0.7874937057495117,0.326718807220459,0.23059208691120148,0.8517628312110901,0.2849341034889221,-0.018147461116313934,0.8372873663902283,0.28726115822792053,0.2570945620536804,0.8568840622901917,0.2751297354698181,-0.037272680550813675,0.845508337020874,0.27735432982444763,0.24393422901630402,0.8573983311653137,0.2760730981826782,-0.034582093358039856,0.8471776247024536,0.2774728834629059,0.25601062178611755,0.8553959131240845,0.2798004150390625,-0.016973955556750298,0.8451999425888062,0.2802324891090393,0.2553984522819519,0.8471670150756836,0.47184425592422485,-0.07678559422492981,0.8030647039413452,0.47104328870773315,0.07647412270307541,0.8402872681617737,0.5440208315849304,-0.09951159358024597,0.8016971349716187,0.5426024198532104,0.06785977631807327,0.8401811122894287,0.6241384744644165,-0.06620504707098007,0.811303973197937,0.6214832067489624,0.09019866585731506,0.8457886576652527,0.6332629919052124,-0.065775066614151,0.8249127864837646,0.630987286567688,0.0864277184009552,0.8059527277946472,0.6476762890815735,-0.17822234332561493,0.7819540500640869,0.6400771737098694,-0.015869922935962677
10,0.7984091639518738,0.35226917266845703,-0.009141262620687485,0.8044265508651733,0.3448084890842438,-0.010337680578231812,0.8087046146392822,0.3441063165664673,-0.010288259945809841,0.8130733966827393,0.34327325224876404,-0.01026484090834856,0.7964804768562317,0.34589916467666626,0.01825912855565548,0.7950034141540527,0.3460821807384491,0.018084309995174408,0.7936205267906189,0.3461640477180481,0.018074247986078262,0.8289991617202759,0.3440566658973694,0.006835967767983675,0.8025093078613281,0.34810376167297363,0.13706347346305847,0.8088359236717224,0.35668882727622986,-0.001954548992216587,0.800029993057251,0.35827264189720154,0.03590264171361923,0.8648099899291992,0.36607950925827026,-0.05859820544719696,0.7999195456504822,0.3753201961517334,0.19569794833660126,0.8488178849220276,0.3247217535972595,-0.11094989627599716,0.7853909134864807,0.3287615478038788,0.2354554980993271,0.8528558611869812,0.28633058071136475,-0.012928771786391735,0.8366116881370544,0.28825271129608154,0.2678024172782898,0.8602113723754883,0.2760351896286011,-0.030614405870437622,0.8458313941955566,0.2787610590457916,0.25553783774375916,0.8611723780632019,0.27737361192703247,-0.028037505224347115,0.8491186499595642,0.27817267179489136,0.26944607496261597,0.8588078618049622,0.2808973789215088,-0.011364927515387535,0.846052885055542,0.28295668959617615,0.2669298052787781,0.8469709753990173,0.4716472029685974,-0.0772913321852684,0.8017541766166687,0.4711316227912903,0.07699918001890182,0.8396269083023071,0.5441756844520569,-0.09753109514713287,0.7993599772453308,0.5427020788192749,0.06794638186693192,0.841678261756897,0.6233292818069458,-0.06249713897705078,0.8127967715263367,0.6215356588363647,0.11014888435602188,0.8467425107955933,0.6321731805801392,-0.056961726397275925,0.8248283267021179,0.6309081315994263,0.10900764167308807,0.8057622909545898,0.6458221673965454,-0.17311446368694305,0.7802971601486206,0.6401110887527466,-0.008811594918370247
11,0.7978295087814331,0.3518902659416199,-0.012896481901407242,0.8039624691009521,0.3443664610385895,-0.013624947518110275,0.8081708550453186,0.34379205107688904,-0.013584216125309467,0.8126286268234253,0.34304338693618774,-0.013560537248849869,0.7961161136627197,0.34522920846939087,0.014551717787981033,0.7946835160255432,0.3453618288040161,0.01437455415725708,0.7933620810508728,0.34540265798568726,0.014366702176630497,0.8283482789993286,0.3440248966217041,0.0073759364895522594,0.8021441102027893,0.3476620018482208,0.1345738023519516,0.8081501722335815,0.3565778136253357,-0.00460915919393301,0.7993402481079102,0.35803866386413574,0.03267333656549454,0.864897608757019,0.3661593496799469,-0.05578494071960449,0.7977943420410156,0.3753916323184967,0.19438131153583527,0.8504349589347839,0.3278065323829651,-0.12416136264801025,0.7843654155731201,0.3293667733669281,0.22112584114074707,0.8494517207145691,0.288076788187027,-0.056071192026138306,0.8343246579170227,0.28875383734703064,0.22923509776592255,0.8551101088523865,0.27668267488479614,-0.07910212874412537,0.8425421714782715,0.27955010533332825,0.21320584416389465,0.8562734127044678,0.27777212858200073,-0.0730847716331482,0.8453425765037537,0.2786325514316559,0.22682735323905945,0.8543211817741394,0.2812066972255707,-0.053880732506513596,0.8430428504943848,0.28364717960357666,0.22769711911678314,0.8476893305778503,0.47172579169273376,-0.07649208605289459,0.8015761375427246,0.47120603919029236,0.07620220631361008,0.8416160345077515,0.5456884503364563,-0.09632858633995056,0.7984988689422607,0.5427355766296387,0.064250148832798,0.8463650345802307,0.6248976588249207,-0.05218862369656563,0.8099935054779053,0.6218066811561584,0.11403237283229828,0.849082887172699,0.6348670125007629,-0.04963117837905884,0.8237391710281372,0.6310936808586121,0.11301708221435547,0.8113261461257935,0.6525101661682129,-0.17130228877067566,0.7754715085029602,0.6406713724136353,0.0013511850265786052
12,0.8027257919311523,0.3514610230922699,-0.020794713869690895,0.8077144026756287,0.3436868190765381,-0.015240726061165333,0.8119592666625977,0.34288159012794495,-0.015213088132441044,0.8165315389633179,0.34191471338272095,-0.015198193490505219,0.7989364862442017,0.3450832962989807,0.008330466225743294,0.7968446612358093,0.3453347384929657,0.008152426220476627,0.7949106097221375,0.3453681170940399,0.0081483731046319,0.8305083513259888,0.34309130907058716,0.02415781468153,0.8020889163017273,0.3476935029029846,0.1331833153963089,0.8130908608436584,0.3559964895248413,-0.006221086252480745,0.8028662204742432,0.3577936589717865,0.02527976781129837,0.8675335645675659,0.366244375705719,-0.025764910504221916,0.7965736985206604,0.3754061758518219,0.16992290318012238,0.851220428943634,0.327865868806839,-0.10590003430843353,0.7827240824699402,0.3294960856437683,0.15691380202770233,0.8489322066307068,0.28702297806739807,-0.06480103731155396,0.8329666256904602,0.2853791117668152,0.1668149083852768,0.8539286255836487,0.2755630612373352,-0.09060220420360565,0.8406136631965637,0.2767871618270874,0.14488498866558075,0.8557132482528687,0.27599722146987915,-0.08379066735506058,0.84400475025177,0.2769721448421478,0.16217371821403503,0.8539124131202698,0.2799447774887085,-0.0632501170039177,0.8415229916572571,0.2815304696559906,0.1663014441728592,0.8493189215660095,0.47189539670944214,-0.05976982042193413,0.801541805267334,0.47129613161087036,0.05944528430700302,0.843970000743866,0.5464667081832886,-0.08797883242368698,0.7983152866363525,0.542616605758667,0.04094447195529938,0.8462768793106079,0.6249846816062927,-0.029844827950000763,0.8082453608512878,0.6212353110313416,0.10038002580404282,0.8468801975250244,0.6348165273666382,-0.02814411371946335,0.8162277340888977,0.6299747228622437,0.09963532537221909,0.8192049860954285,0.6480497717857361,-0.1591852307319641,0.7767660617828369,0.640670895576477,-0.019763529300689697
13,0.8078246116638184,0.35031214356422424,-0.05956791713833809,0.8121287226676941,0.3423764407634735,-0.051266416907310486,0.8164300918579102,0.3414202630519867,-0.05123450607061386,0.8210350871086121,0.34036174416542053,-0.051195934414863586,0.8023046851158142,0.3445393443107605,-0.029862266033887863,0.7996419072151184,0.3450060188770294,-0.03001962974667549,0.7971358299255371,0.3452311158180237,-0.030020345002412796,0.8339719772338867,0.3418915569782257,0.01077998522669077,0.8021252751350403,0.3476791977882385,0.1072850152850151,0.8194268345832825,0.354745477437973,-0.03653417527675629,0.8072494268417358,0.35701853036880493,-0.00769513426348567,0.8696492314338684,0.36637139320373535,-0.034975722432136536,0.7953641414642334,0.3753201365470886,0.15270546078681946,0.850909411907196,0.3285353183746338,-0.10914772003889084,0.7747180461883545,0.33007487654685974,0.16707120835781097,0.8357242941856384,0.28726354241371155,-0.058759842067956924,0.8236742615699768,0.28651511669158936,0.19024895131587982,0.839113712310791,0.2758692800998688,-0.08592676371335983,0.8306844234466553,0.2774461805820465,0.1731235235929489,0.8398607969284058,0.2764640152454376,-0.07771758735179901,0.8334977626800537,0.2774127721786499,0.1865239292383194,0.8384318947792053,0.2802947759628296,-0.056785888969898224,0.831369936466217,0.2819482684135437,0.18969228863716125,0.8500948548316956,0.4736456274986267,-0.057487692683935165,0.8014534115791321,0.4726981222629547,0.05718442425131798,0.845868706703186,0.5498635172843933,-0.06324363499879837,0.7983130812644958,0.5439828038215637,0.04474148154258728,0.8466072678565979,0.6247661709785461,0.027405552566051483,0.8082765340805054,0.6216406226158142,0.14410783350467682,0.8465571999549866,0.6337710618972778,0.03195218741893768,0.8159719705581665,0.63006192445755,0.1471754014492035,0.8257049322128296,0.6472234129905701,-0.1012677326798439,0.7822781205177307,0.6406592130661011,0.02575746923685074
14,0.8120754957199097,0.3499520421028137,-0.06367091089487076,0.8164249062538147,0.3423132300376892,-0.05555161461234093,0.820798933506012,0.34144484996795654,-0.05549578741192818,0.825840175151825,0.34039559960365295,-0.055436838418245316,0.8069947957992554,0.34404629468917847,-0.03313477709889412,0.8045046329498291,0.34445619583129883,-0.03329182416200638,0.8020433783531189,0.34471017122268677,-0.03329852968454361,0.8394843339920044,0.3422275185585022,0.0011074984213337302,0.8056750893592834,0.3474751114845276,0.10159251093864441,0.8223459124565125,0.35468438267707825,-0.04331908002495766,0.8109374046325684,0.3566456735134125,-0.013444440439343452,0.8710569739341736,0.36962541937828064,-0.04905811324715614,0.7950674891471863,0.3753311336040497,0.15399031341075897,0.8507983684539795,0.331855833530426,-0.1441478580236435,0.7666985392570496,0.3351138234138489,0.14677709341049194,0.8197117447853088,0.28839871287345886,-0.13264437019824982,0.8071333169937134,0.2898715138435364,0.11713661253452301,0.8198577165603638,0.2775114178657532,-0.16645389795303345,0.80914705991745,0.2799428105354309,0.0920453816652298,0.8209782838821411,0.27691036462783813,-0.1559043675661087,0.8124991655349731,0.27973484992980957,0.10233507305383682,0.820442795753479,0.2807905375957489,-0.1307639628648758,0.812296450138092,0.2834121882915497,0.11348039656877518,0.8500950932502747,0.47512444853782654,-0.05848759040236473,0.8003210425376892,0.47294798493385315,0.058213118463754654,0.8467736840248108,0.55051189661026,-0.0664820745587349,0.7977234125137329,0.5441873669624329,0.048384010791778564,0.8469914793968201,0.62484210729599,0.014995882287621498,0.8075776696205139,0.6216396689414978,0.14417286217212677,0.8466381430625916,0.6337504386901855,0.0184719730168581,0.813659131526947,0.6300376653671265,0.14632548391819,0.8342012763023376,0.6464019417762756,-0.11691182106733322,0.780865490436554,0.6404668092727661,0.02376365102827549
15,0.8145042657852173,0.3476254940032959,-0.05790034309029579,0.8202869892120361,0.3414258658885956,-0.050678692758083344,0.824697732925415,0.34111204743385315,-0.05062810704112053,0.8295736312866211,0.34039735794067383,-0.05058068782091141,0.811674177646637,0.3418627381324768,-0.027821309864521027,0.8095187544822693,0.3419927954673767,-0.027984054759144783,0.8075447082519531,0.34198930859565735,-0.027995914220809937,0.8429027795791626,0.34288474917411804,0.005205908324569464,0.8125612735748291,0.3449632227420807,0.10271202772855759,0.8231702446937561,0.35348957777023315,-0.0390218123793602,0.8128198385238647,0.353787362575531,-0.009722034446895123,0.8708977699279785,0.3722679913043976,-0.04650823399424553,0.7949441075325012,0.37509334087371826,0.15693692862987518,0.8362992405891418,0.3439315855503082,-0.13765685260295868,0.7583166360855103,0.34050506353378296,0.1546207070350647,0.8039507269859314,0.2972186803817749,-0.11740235984325409,0.7939656376838684,0.2959633469581604,0.14871764183044434,0.8044160604476929,0.2852168679237366,-0.14714373648166656,0.7952507138252258,0.2846836447715759,0.13758952915668488,0.8067564964294434,0.2844589054584503,-0.13785552978515625,0.798240065574646,0.2862187325954437,0.13969528675079346,0.8065894842147827,0.28988584876060486,-0.11551538109779358,0.7984580397605896,0.28977787494659424,0.14387193322181702,0.849719762802124,0.4754820764064789,-0.05921529233455658,0.7977675795555115,0.4730977416038513,0.058970190584659576,0.8461439609527588,0.549972653388977,-0.08782287687063217,0.7947552800178528,0.5450915098190308,0.032350093126297,0.8461988568305969,0.622832179069519,0.006287332158535719,0.8070202469825745,0.6215983629226685,0.11276455968618393,0.8466602563858032,0.6312902569770813,0.014879193156957626,0.8129503726959229,0.6298999786376953,0.1141357347369194,0.8317835330963135,0.6452254056930542,-0.12102606892585754,0.7797077894210815,0.64034503698349,0.001272984896786511
16,0.814511775970459,0.3480426073074341,-0.04509036988019943,0.820538341999054,0.34191328287124634,-0.04863559827208519,0.8246302008628845,0.3417445123195648,-0.04858093708753586,0.829105794429779,0.34120973944664,-0.048518870025873184,0.8142595291137695,0.34201347827911377,-0.01684468612074852,0.8134084343910217,0.3420298099517822,-0.016989080235362053,0.8121305704116821,0.3420524597167969,-0.017013173550367355,0.84255051612854,0.34372109174728394,-0.021633939817547798,0.8207043409347534,0.34483790397644043,0.10493142157793045,0.8228077292442322,0.3538930118083954,-0.0374220572412014,0.814054012298584,0.3538457751274109,0.00039142812602221966,0.8701862096786499,0.3741217255592346,-0.09263402223587036,0.8031384944915771,0.3757188618183136,0.18159174919128418,0.8140208125114441,0.3534192442893982,-0.20479056239128113,0.7505465745925903,0.35101205110549927,0.19574390351772308,0.7921060919761658,0.30946582555770874,-0.18871943652629852,0.7835459113121033,0.30813005566596985,0.15564529597759247,0.7898247838020325,0.29702121019363403,-0.2185998260974884,0.7828696966171265,0.29629531502723694,0.14025014638900757,0.7925094366073608,0.2965846359729767,-0.2100902795791626,0.7860358953475952,0.29636743664741516,0.14597226679325104,0.793719470500946,0.30269157886505127,-0.18583838641643524,0.7869395017623901,0.3018370568752289,0.1515994369983673,0.8477572202682495,0.47833752632141113,-0.07797016948461533,0.7977094650268555,0.47596079111099243,0.07787947356700897,0.8426385521888733,0.5504328012466431,-0.08932791650295258,0.7946559190750122,0.5460984110832214,0.05575816333293915,0.8430740237236023,0.624242901802063,-0.0017146706813946366,0.8120410442352295,0.6233159303665161,0.1497085839509964,0.8465570211410522,0.6327778100967407,0.006689245812594891,0.8213822841644287,0.6318191885948181,0.15266413986682892,0.8076296448707581,0.6471914052963257,-0.11987575143575668,0.7792244553565979,0.640335202217102,0.056503407657146454
17,0.8148086667060852,0.3462962210178375,-0.07653772830963135,0.8212263584136963,0.34052056074142456,-0.08002614229917526,0.8248973488807678,0.34062913060188293,-0.08005575835704803,0.8291924595832825,0.3406088352203369,-0.08005178719758987,0.8158873915672302,0.34012892842292786,-0.05129676312208176,0.815384566783905,0.3400192856788635,-0.05135262385010719,0.8147552609443665,0.33995363116264343,-0.051394011825323105,0.8438803553581238,0.3436625599861145,-0.05769221484661102,0.8234665989875793,0.3434287905693054,0.0718129351735115,0.8225664496421814,0.3533483147621155,-0.06647886335849762,0.8146767616271973,0.35315197706222534,-0.02886936627328396,0.8708126544952393,0.37570720911026,-0.11467506736516953,0.8041937947273254,0.3763481378555298,0.1486414670944214,0.8205298781394958,0.36591073870658875,-0.27743813395500183,0.7429527044296265,0.3661597967147827,0.08637335896492004,0.7833762168884277,0.32246920466423035,-0.34144726395606995,0.7709694504737854,0.3232468366622925,-0.07535797357559204,0.7820360064506531,0.30991387367248535,-0.3845476806163788,0.7724255323410034,0.31144705414772034,-0.11259621381759644,0.7840555906295776,0.30920466780662537,-0.36992648243904114,0.7767883539199829,0.31174471974372864,-0.10293777287006378,0.7841715216636658,0.31490904092788696,-0.33724766969680786,0.776839017868042,0.3161870837211609,-0.08033112436532974,0.8466435074806213,0.48333853483200073,-0.07634466141462326,0.7978072166442871,0.4803403913974762,0.07620100677013397,0.841579794883728,0.5561884045600891,-0.05931079015135765,0.7980920672416687,0.5521994233131409,0.07681506872177124,0.8428542017936707,0.6253396272659302,0.02652561478316784,0.8131262063980103,0.6222668886184692,0.19278638064861298,0.8470512628555298,0.6335354447364807,0.03143682703375816,0.8241169452667236,0.6311863660812378,0.1985170990228653,0.8085131049156189,0.6479553580284119,-0.08878244459629059,0.7813447117805481,0.6401872038841248,0.10323098301887512
18,0.8158077001571655,0.3444001376628876,-0.090852290391922,0.8231573104858398,0.3395492136478424,-0.09291201829910278,0.8267793655395508,0.3399235010147095,-0.09296412020921707,0.831095814704895,0.34023672342300415,-0.0929839015007019,0.8175636529922485,0.3386158049106598,-0.06367579847574234,0.8167908787727356,0.3383600413799286,-0.06376050412654877,0.815943717956543,0.338178813457489,-0.06381519883871078,0.8469326496124268,0.34369808435440063,-0.06327822804450989,0.8228482007980347,0.3423468768596649,0.06945381313562393,0.8224112391471863,0.3515736758708954,-0.07736105471849442,0.8146833777427673,0.350938081741333,-0.038971833884716034,0.871286928653717,0.3780845105648041,-0.12535704672336578,0.8037981390953064,0.3807620406150818,0.15443362295627594,0.8193901777267456,0.3769393563270569,-0.27411383390426636,0.7371779680252075,0.3849317729473114,0.08873919397592545,0.7751531004905701,0.3356502652168274,-0.32478585839271545,0.762390673160553,0.34112006425857544,-0.11257492750883102,0.772804319858551,0.32221102714538574,-0.36693841218948364,0.7649415731430054,0.3289899528026581,-0.15516124665737152,0.776310384273529,0.32185447216033936,-0.3520762622356415,0.7711041569709778,0.3296264410018921,-0.14440764486789703,0.7766956686973572,0.3276976943016052,-0.3196946382522583,0.7707549333572388,0.33404284715652466,-0.11799844354391098,0.8454332947731018,0.48640140891075134,-0.0803346335887909,0.7978172302246094,0.4837985038757324,0.08026653528213501,0.8394805192947388,0.5584341287612915,-0.046540386974811554,0.7987558245658875,0.5563436150550842,0.10676942765712738,0.8413918614387512,0.6263495683670044,0.04613190144300461,0.8165666460990906,0.6224965453147888,0.23842087388038635,0.8472399115562439,0.6338894963264465,0.05107104033231735,0.8295976519584656,0.6318303942680359,0.2458876222372055,0.8076061606407166,0.6507082581520081,-0.07692280411720276,0.782435417175293,0.6402302980422974,0.14921273291110992
19,0.8196812272071838,0.34460392594337463,-0.11000354588031769,0.8292927145957947,0.3395112156867981,-0.10065984725952148,0.8349107503890991,0.3399462103843689,-0.10070258378982544,0.8410482406616211,0.340390145778656,-0.10069146752357483,0.8199218511581421,0.33846697211265564,-0.08100209385156631,0.8181014060974121,0.3382062613964081,-0.08107209950685501,0.8164225816726685,0.33802732825279236,-0.08111286163330078,0.853696882724762,0.3445499539375305,-0.04343685135245323,0.8225163221359253,0.34195390343666077,0.059511471539735794,0.8267896771430969,0.3517734706401825,-0.08259677141904831,0.816342830657959,0.35110345482826233,-0.05652019754052162,0.8761036992073059,0.3801296055316925,-0.07003433257341385,0.797120213508606,0.3817409574985504,0.12025327980518341,0.826214075088501,0.387050598859787,-0.2556507885456085,0.7319773435592651,0.39197567105293274,-0.018404483795166016,0.7804322242736816,0.3491162359714508,-0.3863457441329956,0.7651088237762451,0.35174277424812317,-0.24280428886413574,0.7799451351165771,0.33815550804138184,-0.4397108256816864,0.7697559595108032,0.34202900528907776,-0.29395371675491333,0.7831301093101501,0.33716192841529846,-0.4248906075954437,0.775241494178772,0.3416447937488556,-0.28002268075942993,0.7831959128379822,0.3408016264438629,-0.384894996881485,0.7748650312423706,0.3453948497772217,-0.24690145254135132,0.8460400700569153,0.4862635135650635,-0.0544351264834404,0.797095000743866,0.4842296242713928,0.05428527295589447,0.8429643511772156,0.5580379366874695,-0.025272512808442116,0.7989664673805237,0.5560440421104431,0.06580876559019089,0.8425200581550598,0.6261938810348511,0.07543297111988068,0.8090550899505615,0.6225214004516602,0.2149457335472107,0.8475936055183411,0.6333423852920532,0.07928209006786346,0.8194871544837952,0.6321432590484619,0.21554629504680634,0.8311560750007629,0.6458669304847717,-0.06309034675359726,0.7823994755744934,0.6401593685150146,0.09927551448345184
20,0.819614052772522,0.344367116689682,-0.09797025471925735,0.8294343948364258,0.33913394808769226,-0.09158393740653992,0.8349968194961548,0.33968889713287354,-0.09160112589597702,0.8412566184997559,0.3403165340423584,-0.09157872945070267,0.8200077414512634,0.33797791600227356,-0.0702788233757019,0.8180750608444214,0.3377159833908081,-0.07037115842103958,0.8163005113601685,0.3375706672668457,-0.07041759788990021,0.8548174500465393,0.34466418623924255,-0.022679822519421577,0.8221578598022461,0.3414304256439209,0.06293892860412598,0.8266164064407349,0.3518200218677521,-0.07754385471343994,0.8162546753883362,0.3510434329509735,-0.04687068611383438,0.8770962953567505,0.3803755044937134,-0.05122774466872215,0.7938337326049805,0.3820091784000397,0.12555557489395142,0.8295597434043884,0.3976498246192932,-0.20211640000343323,0.7298746109008789,0.3993964195251465,0.0009681896190159023,0.7828975319862366,0.3599017858505249,-0.3666287362575531,0.7669159770011902,0.36157774925231934,-0.19254043698310852,0.7820916175842285,0.34916794300079346,-0.42104005813598633,0.7739719748497009,0.35113686323165894,-0.2382645457983017,0.7850286960601807,0.3462246060371399,-0.3765319883823395,0.7802392840385437,0.35013657808303833,-0.21776369214057922,0.7853671312332153,0.351385235786438,-0.3492526710033417,0.7791474461555481,0.3541624844074249,-0.1928895115852356,0.8463766574859619,0.48575082421302795,-0.05504041910171509,0.7966331243515015,0.48368269205093384,0.0549100860953331,0.8434909582138062,0.5578036308288574,-0.03680671751499176,0.796509861946106,0.5551201701164246,0.045795053243637085,0.8442075848579407,0.6260643005371094,0.07161964476108551,0.8087658286094666,0.6227858066558838,0.17251259088516235,0.8475990295410156,0.6337646842002869,0.07087539881467819,0.8194084167480469,0.631922721862793,0.17783154547214508,0.8291407227516174,0.6446071863174438,-0.08830717951059341,0.7823665142059326,0.6386862993240356,0.061344213783741
21,0.8196029663085938,0.34407809376716614,-0.09437673538923264,0.829617977142334,0.33882278203964233,-0.08929624408483505,0.8351860046386719,0.33943456411361694,-0.08927031606435776,0.8412709832191467,0.34013447165489197,-0.0892176553606987,0.820043683052063,0.3376481533050537,-0.06771622598171234,0.818057656288147,0.33739399909973145,-0.0678068995475769,0.8162574768066406,0.33723026514053345,-0.06784862279891968,0.8544658422470093,0.3446059823036194,-0.007025378290563822,0.8219347596168518,0.3405885398387909,0.06352017819881439,0.8264924883842468,0.35188353061676025,-0.07147976756095886,0.8161737322807312,0.35088592767715454,-0.0439763106405735,0.8778461217880249,0.38031086325645447,-0.026180384680628777,0.7897638082504272,0.38183945417404175,0.1195501759648323,0.8398045301437378,0.40224161744117737,-0.1649572104215622,0.7318147420883179,0.40452083945274353,-0.011527243070304394,0.7862949967384338,0.3665793240070343,-0.27320557832717896,0.7713886499404907,0.3682633638381958,-0.18961212038993835,0.78495854139328,0.35473817586898804,-0.31495970487594604,0.7808745503425598,0.35846230387687683,-0.23334291577339172,0.7889904379844666,0.3526211380958557,-0.29894742369651794,0.7884679436683655,0.35496237874031067,-0.21222567558288574,0.7884691953659058,0.3575790226459503,-0.26911526918411255,0.7874922752380371,0.3614427447319031,-0.18890993297100067,0.8477088809013367,0.4855930209159851,-0.047175467014312744,0.7964971661567688,0.4835646152496338,0.047047216445207596,0.8445344567298889,0.5576191544532776,-0.01962045021355152,0.7960002422332764,0.5553579330444336,0.05020775645971298,0.8457370400428772,0.6259711384773254,0.07932659983634949,0.8084965348243713,0.6235414147377014,0.1738261729478836,0.84996098279953,0.6329859495162964,0.08241762220859528,0.8193822503089905,0.6317903399467468,0.18017849326133728,0.8345984816551208,0.6447504758834839,-0.060133881866931915,0.7850459814071655,0.6392539739608765,0.06364690512418747
22,0.8183961510658264,0.34375229477882385,-0.07285425066947937,0.8285157680511475,0.3381872773170471,-0.06684546917676926,0.8339294195175171,0.33871692419052124,-0.06690649688243866,0.8398823142051697,0.33939260244369507,-0.0669347420334816,0.81963711977005,0.337273508310318,-0.04741915687918663,0.8177708387374878,0.33704259991645813,-0.04752126708626747,0.8160645961761475,0.3368871808052063,-0.04755421727895737,0.8541296124458313,0.3441537916660309,-0.004055370576679707,0.8215221762657166,0.34007057547569275,0.07880565524101257,0.8244422674179077,0.35183507204055786,-0.04983203858137131,0.8144127130508423,0.35070353746414185,-0.024460583925247192,0.8777289390563965,0.3801974654197693,-0.03652089089155197,0.788007378578186,0.3817112445831299,0.1414623111486435,0.8436122536659241,0.4052325189113617,-0.17777900397777557,0.7327702045440674,0.4082877039909363,0.013360157608985901,0.7895290851593018,0.3689570724964142,-0.26652082800865173,0.7757329940795898,0.3728283941745758,-0.15955175459384918,0.7905431985855103,0.3579638600349426,-0.3036954700946808,0.7851859331130981,0.3617732524871826,-0.20174288749694824,0.7955199480056763,0.3544583320617676,-0.29037314653396606,0.790940523147583,0.3579722046852112,-0.18105898797512054,0.7939438819885254,0.3589772582054138,-0.26272568106651306,0.7895877361297607,0.3639266788959503,-0.15929487347602844,0.8479112386703491,0.48546847701072693,-0.05675588175654411,0.7964864373207092,0.4832811951637268,0.05671963840723038,0.843981146812439,0.5580872893333435,-0.03823791816830635,0.7949811220169067,0.5563529133796692,0.05079067125916481,0.8461002707481384,0.6259921789169312,0.033245403319597244,0.8085391521453857,0.6244153380393982,0.1713278442621231,0.8519067764282227,0.6330467462539673,0.034347858279943466,0.8197823166847229,0.6321583390235901,0.1774042397737503,0.8306454420089722,0.6444962620735168,-0.1073542907834053,0.7847165465354919,0.639590859413147,0.06431703269481659
23,0.8165040016174316,0.344386488199234,-0.06691112369298935,0.8264118432998657,0.33833929896354675,-0.06010875105857849,0.8315902948379517,0.33877032995224,-0.06017535179853439,0.837443470954895,0.339402973651886,-0.060205597430467606,0.8179610371589661,0.33766478300094604,-0.0416690856218338,0.8161507248878479,0.33743375539779663,-0.04176512733101845,0.8144482374191284,0.3372620940208435,-0.04179248958826065,0.8533276915550232,0.34414488077163696,0.0014398223720490932,0.8195720314979553,0.34027329087257385,0.08527689427137375,0.8225233554840088,0.3522942364215851,-0.04251580312848091,0.81257164478302,0.3512134253978729,-0.018193688243627548,0.8776474595069885,0.38017234206199646,-0.027763785794377327,0.7874440550804138,0.3816390931606293,0.14561191201210022,0.8462854027748108,0.4069831967353821,-0.17092309892177582,0.7332297563552856,0.41256579756736755,0.022360708564519882,0.7927914261817932,0.3695248067378998,-0.25801464915275574,0.7763180136680603,0.37399059534072876,-0.1548372358083725,0.7917952537536621,0.35844308137893677,-0.29237061738967896,0.7851547002792358,0.36304736137390137,-0.19611337780952454,0.7972656488418579,0.3549531102180481,-0.2793971300125122,0.7910977602005005,0.3603551685810089,-0.17549578845500946,0.7961520552635193,0.3590375781059265,-0.25415849685668945,0.7902429103851318,0.3647526800632477,-0.15427519381046295,0.8478646874427795,0.48525968194007874,-0.0570540688931942,0.7963559627532959,0.4830721914768219,0.05700257048010826,0.8440623879432678,0.5591579675674438,-0.038630787283182144,0.7945749759674072,0.5571936368942261,0.04665432125329971,0.848170816898346,0.627109944820404,0.02435687556862831,0.8083762526512146,0.6254751086235046,0.16278135776519775,0.8519012331962585,0.6347072124481201,0.024454092606902122,0.8200597167015076,0.6333823204040527,0.1682327836751938,0.8359323143959045,0.6445484161376953,-0.12034106999635696,0.7837944626808167,0.6406672596931458,0.054022084921598434
24,0.8155456781387329,0.3446640372276306,-0.07822640985250473,0.8250051736831665,0.3384397327899933,-0.07193554192781448,0.8301642537117004,0.3388420343399048,-0.07200487703084946,0.8361663222312927,0.3394511342048645,-0.0720597580075264,0.8159730434417725,0.33782947063446045,-0.05515396222472191,0.8137863874435425,0.33762067556381226,-0.05525989457964897,0.811734676361084,0.3374767601490021,-0.055309899151325226,0.8530697226524353,0.3442760705947876,-0.007030522916465998,0.815700888633728,0.3406182825565338,0.07119827717542648,0.8221652507781982,0.35268181562423706,-0.05052313208580017,0.8113987445831299,0.351558655500412,-0.02841331623494625,0.877538800239563,0.3802781105041504,-0.028729697689414024,0.7872718572616577,0.3815902769565582,0.13253511488437653,0.8502684831619263,0.4138060212135315,-0.1522573083639145,0.740185022354126,0.41727766394615173,0.023365966975688934,0.7932568788528442,0.3743613660335541,-0.2299761176109314,0.7763586044311523,0.377498060464859,-0.16225124895572662,0.7917861938476562,0.36145201325416565,-0.2612026333808899,0.7824897766113281,0.3657469153404236,-0.20319101214408875,0.79765385389328,0.3578636646270752,-0.250945508480072,0.7883331179618835,0.36110714077949524,-0.18416689336299896,0.7972723841667175,0.3617182672023773,-0.22674177587032318,0.7887293696403503,0.365964412689209,-0.16143617033958435,0.8478904962539673,0.485130250453949,-0.05539436265826225,0.796417236328125,0.4826264977455139,0.055309198796749115,0.8440684676170349,0.5587652921676636,-0.006708159111440182,0.7945836186408997,0.5565682053565979,0.07076757401227951,0.8478476405143738,0.6268584132194519,0.07364939898252487,0.8077540993690491,0.6252202391624451,0.19220227003097534,0.851904034614563,0.6341229677200317,0.07584120333194733,0.8198750615119934,0.6314454674720764,0.1989709436893463,0.8317662477493286,0.6460663080215454,-0.06224348396062851,0.7837199568748474,0.6405462026596069,0.09148965775966644
25,0.8141621947288513,0.34513038396835327,-0.08035792410373688,0.8223865032196045,0.33880752325057983,-0.07665398716926575,0.8270246982574463,0.3391323685646057,-0.07672486454248428,0.8326727151870728,0.33965590596199036,-0.07678487151861191,0.814062237739563,0.33834007382392883,-0.05721338093280792,0.8119063377380371,0.33817824721336365,-0.05733013153076172,0.809928297996521,0.3380841016769409,-0.057394132018089294,0.8511300086975098,0.34434348344802856,-0.024639198556542397,0.8144408464431763,0.3414749503135681,0.06829555332660675,0.8212487101554871,0.35291945934295654,-0.05655002221465111,0.810940146446228,0.35188668966293335,-0.03079012967646122,0.8773317337036133,0.38059425354003906,-0.048957113176584244,0.7882829308509827,0.38184770941734314,0.13528941571712494,0.848506510257721,0.4146732687950134,-0.15306225419044495,0.7442466020584106,0.4226500988006592,0.04872904345393181,0.786801815032959,0.37855321168899536,-0.18078827857971191,0.7736312747001648,0.3830298185348511,-0.13733355700969696,0.7799015641212463,0.36616024374961853,-0.20520010590553284,0.773813009262085,0.3731990456581116,-0.17598022520542145,0.7829961776733398,0.3616287410259247,-0.19536148011684418,0.7796266078948975,0.3665192723274231,-0.1570170819759369,0.7845527529716492,0.3657161295413971,-0.175751730799675,0.782027006149292,0.37201178073883057,-0.13610266149044037,0.8476592898368835,0.48523616790771484,-0.05968315899372101,0.796612024307251,0.48361268639564514,0.05964374169707298,0.843496561050415,0.5586569905281067,-0.016113219782710075,0.7942932844161987,0.55731600522995,0.0713486447930336,0.8475971817970276,0.6264890432357788,0.06701270490884781,0.8081513047218323,0.6254898309707642,0.19183920323848724,0.851927638053894,0.6345819234848022,0.07103897631168365,0.8212263584136963,0.6327741146087646,0.19853274524211884,0.8298633098602295,0.6480816602706909,-0.06990746408700943,0.7836647629737854,0.6411339044570923,0.09273626655340195
26,0.8104007244110107,0.3459356427192688,-0.08049631863832474,0.8186880946159363,0.33925768733024597,-0.07915185391902924,0.8225506544113159,0.3393941819667816,-0.07924485951662064,0.8267227411270142,0.3397228419780731,-0.07934055477380753,0.8109644651412964,0.3392384946346283,-0.058338966220617294,0.8093567490577698,0.33920514583587646,-0.058462582528591156,0.8078278303146362,0.33918753266334534,-0.05853518471121788,0.845754086971283,0.3443630337715149,-0.03814266622066498,0.814018189907074,0.3426066040992737,0.06194927915930748,0.8181871771812439,0.3531263768672943,-0.059786222875118256,0.8082751631736755,0.3525288701057434,-0.03200814500451088,0.8773736953735352,0.3816298842430115,-0.06028687581419945,0.7882246375083923,0.38567280769348145,0.1356946974992752,0.8486948013305664,0.41971325874328613,-0.1537451148033142,0.7508787512779236,0.43120497465133667,0.06132403388619423,0.7846217751502991,0.3858684003353119,-0.18096688389778137,0.7677204608917236,0.39205092191696167,-0.12097588926553726,0.7728210687637329,0.3741286098957062,-0.20260891318321228,0.7611801028251648,0.38357657194137573,-0.15682104229927063,0.7747120261192322,0.36817488074302673,-0.19223541021347046,0.7654353380203247,0.37680092453956604,-0.14178545773029327,0.7774100303649902,0.3742871880531311,-0.17527225613594055,0.7702844142913818,0.3819660246372223,-0.12135569006204605,0.8473767042160034,0.4881731867790222,-0.060942862182855606,0.7955942153930664,0.48594459891319275,0.06089526787400246,0.8436404466629028,0.5599327087402344,-0.005166628863662481,0.794130265712738,0.5575457215309143,0.10341814905405045,0.8472813963890076,0.6271229982376099,0.09418020397424698,0.8069953918457031,0.6248079538345337,0.24216261506080627,0.8518495559692383,0.6347229480743408,0.0992012768983841,0.819692850112915,0.6327976584434509,0.25102341175079346,0.8279414772987366,0.650873064994812,-0.03312353789806366,0.7811813354492188,0.6410391330718994,0.15242181718349457
27,0.8083162307739258,0.3482223451137543,-0.0860607698559761,0.8161173462867737,0.34065431356430054,-0.08721911162137985,0.8199870586395264,0.3406306207180023,-0.08731477707624435,0.8237909078598022,0.34070685505867004,-0.08743059635162354,0.8087359666824341,0.3408730924129486,-0.06489066034555435,0.8073055744171143,0.3408695161342621,-0.06500265002250671,0.8059698939323425,0.3408576250076294,-0.06507954746484756,0.8414455652236938,0.3448026776313782,-0.05155190825462341,0.813726544380188,0.3439250886440277,0.0534072183072567,0.8166353106498718,0.35443681478500366,-0.06862589716911316,0.8073216080665588,0.35442373156547546,-0.038722094148397446,0.8770151734352112,0.38326969742774963,-0.07357998192310333,0.7909352779388428,0.38883209228515625,0.13586834073066711,0.8593255877494812,0.42592868208885193,-0.15529176592826843,0.7609609961509705,0.4407990872859955,0.06485573947429657,0.7851123213768005,0.39835217595100403,-0.1969555914402008,0.7685273289680481,0.40560680627822876,-0.12466249614953995,0.7744025588035583,0.38986557722091675,-0.22104604542255402,0.7597712874412537,0.3998038172721863,-0.1621341109275818,0.7758481502532959,0.384394109249115,-0.20994092524051666,0.7651369571685791,0.3917614817619324,-0.15049563348293304,0.7797900438308716,0.38757097721099854,-0.1914079636335373,0.7702124118804932,0.39711251854896545,-0.12337064743041992,0.8462294936180115,0.48867684602737427,-0.061087921261787415,0.7956469058990479,0.48623576760292053,0.06105855479836464,0.8434404730796814,0.5580394864082336,0.005063872318714857,0.7943179607391357,0.556069016456604,0.09099714457988739,0.845255970954895,0.6258098483085632,0.12059710919857025,0.8065081834793091,0.6234216094017029,0.218678280711174,0.8506045937538147,0.6328465342521667,0.12727104127407074,0.8181067705154419,0.6302049160003662,0.22763368487358093,0.8273260593414307,0.6449247598648071,0.0006019824650138617,0.7812937498092651,0.640433669090271,0.14663605391979218
28,0.8051930069923401,0.34838077425956726,-0.08563783764839172,0.8126205205917358,0.3408243656158447,-0.08641726523637772,0.8166220784187317,0.3407697081565857,-0.08652256429195404,0.8204902410507202,0.3408045172691345,-0.08664291352033615,0.8050864934921265,0.3410957455635071,-0.06407467275857925,0.8038194179534912,0.34116655588150024,-0.06419235467910767,0.8027803897857666,0.3412466049194336,-0.06426544487476349,0.8363998532295227,0.34480446577072144,-0.05789962783455849,0.8121498227119446,0.34447264671325684,0.05514640733599663,0.8140812516212463,0.3548125624656677,-0.06865353882312775,0.8049817681312561,0.3551579713821411,-0.03815725818276405,0.8764688968658447,0.38364869356155396,-0.0823555588722229,0.7929215431213379,0.38929229974746704,0.13639162480831146,0.8674476742744446,0.4305020272731781,-0.1671934425830841,0.7626991271972656,0.44231027364730835,0.07585906982421875,0.7883498072624207,0.40998753905296326,-0.2129296213388443,0.7689425945281982,0.41926321387290955,-0.1202632337808609,0.7746241092681885,0.4037954807281494,-0.23904509842395782,0.7610806822776794,0.41924434900283813,-0.15862508118152618,0.7774612307548523,0.3976697325706482,-0.22827216982841492,0.7648841142654419,0.40226778388023376,-0.15149709582328796,0.7802692651748657,0.3996478319168091,-0.20698094367980957,0.7700789570808411,0.40476399660110474,-0.12406367063522339,0.8445659279823303,0.48885560035705566,-0.06194664537906647,0.7956563234329224,0.48641014099121094,0.061925262212753296,0.8428431153297424,0.5592825412750244,0.015016377903521061,0.7946767807006836,0.5565975308418274,0.11970526725053787,0.8456099033355713,0.625751256942749,0.12944495677947998,0.8063756227493286,0.6236971020698547,0.2501583993434906,0.8499358892440796,0.6331498622894287,0.1353621631860733,0.818490743637085,0.6302672624588013,0.25823813676834106,0.8266535401344299,0.6448501348495483,0.0065716831013560295,0.780613899230957,0.6398428082466125,0.16238504648208618
29,0.8010964393615723,0.35028812289237976,-0.08951017260551453,0.8083974123001099,0.34240806102752686,-0.09042210876941681,0.8126503229141235,0.3422728478908539,-0.09052487462759018,0.8172152042388916,0.3421590328216553,-0.09065377712249756,0.8004201054573059,0.3426862359046936,-0.06807812303304672,0.7992638349533081,0.34279388189315796,-0.06814834475517273,0.7983269691467285,0.34289324283599854,-0.06820471584796906,0.8327211737632751,0.34550780057907104,-0.05406985804438591,0.8079149723052979,0.34585505723953247,0.0533580519258976,0.8103615641593933,0.35645538568496704,-0.07118329405784607,0.8011093139648438,0.3568674921989441,-0.04106713458895683,0.8757421970367432,0.3845050632953644,-0.07685202360153198,0.7928887009620667,0.3893534243106842,0.13592317700386047,0.8731211423873901,0.43211570382118225,-0.15985924005508423,0.7663720846176147,0.4398208558559418,0.08145714551210403,0.7913510799407959,0.4164974093437195,-0.2152726948261261,0.7691926956176758,0.4299820363521576,-0.11497437208890915,0.7761340737342834,0.41132110357284546,-0.24544104933738708,0.7597981691360474,0.4285779595375061,-0.1552416980266571,0.7779415845870972,0.4060484766960144,-0.23660199344158173,0.7627757787704468,0.42141589522361755,-0.15209054946899414,0.7807508707046509,0.4076747000217438,-0.2103409618139267,0.769929826259613,0.4164718687534332,-0.12162662297487259,0.8446395993232727,0.4879433512687683,-0.059628523886203766,0.7956763505935669,0.48597532510757446,0.05961695313453674,0.8435166478157043,0.5599246621131897,0.011027577333152294,0.7945147752761841,0.5565938353538513,0.11451729387044907,0.8458837866783142,0.6256760358810425,0.11804422736167908,0.8054438233375549,0.6237024068832397,0.24010325968265533,0.8497874736785889,0.6326303482055664,0.12302932888269424,0.8159658908843994,0.6303192377090454,0.24749921262264252,0.8300652503967285,0.6448460817337036,-0.010181514546275139,0.7795442938804626,0.6395347118377686,0.14507117867469788
30,0.794704258441925,0.3504486680030823,-0.10145759582519531,0.802381157875061,0.34295356273651123,-0.1009984239935875,0.8066869974136353,0.3428497910499573,-0.10109934210777283,0.8114827275276184,0.342740923166275,-0.10124244540929794,0.7943761944770813,0.3431839048862457,-0.0807441994547844,0.793219268321991,0.3432932496070862,-0.08080261200666428,0.792244017124176,0.3433888554573059,-0.08084309101104736,0.8271169066429138,0.3458671569824219,-0.05352327600121498,0.8008165955543518,0.34642359614372253,0.043248310685157776,0.8043714165687561,0.35673004388809204,-0.07840217649936676,0.7948436141014099,0.3572431206703186,-0.051404740661382675,0.8732691407203674,0.384850412607193,-0.06849442422389984,0.7901155948638916,0.39085713028907776,0.13138523697853088,0.8806713819503784,0.4356749653816223,-0.1386651247739792,0.7684157490730286,0.438458114862442,0.10436376929283142,0.7931665778160095,0.42369142174720764,-0.20585647225379944,0.7696456909179688,0.4343685507774353,-0.058470409363508224,0.7773441076278687,0.42012396454811096,-0.23854376375675201,0.7605264186859131,0.43338543176651,-0.09409641474485397,0.7783951759338379,0.41460123658180237,-0.22952722012996674,0.7581238746643066,0.43341368436813354,-0.10102993994951248,0.7810724973678589,0.41522011160850525,-0.20148664712905884,0.7643673419952393,0.43275395035743713,-0.06768618524074554,0.8448314070701599,0.48790550231933594,-0.057574111968278885,0.795637845993042,0.48635950684547424,0.05755026638507843,0.8431269526481628,0.5604568123817444,0.014286918565630913,0.7922276258468628,0.5578392148017883,0.108856201171875,0.8458665013313293,0.6257659196853638,0.11448486149311066,0.8037611246109009,0.6243654489517212,0.23099617660045624,0.850162923336029,0.6337658166885376,0.11895202100276947,0.8115697503089905,0.6332892775535583,0.23702631890773773,0.8298677206039429,0.6514541506767273,-0.013142661191523075,0.7778374552726746,0.6408698558807373,0.13854272663593292
31,0.7871597409248352,0.3518849313259125,-0.10077530890703201,0.7941271662712097,0.3446849584579468,-0.10154212266206741,0.7983392477035522,0.3444470763206482,-0.10162842273712158,0.8029050827026367,0.344161719083786,-0.10175507515668869,0.7864930033683777,0.3451025187969208,-0.07979890704154968,0.7854044437408447,0.3452419638633728,-0.07987773418426514,0.7845314145088196,0.3453604578971863,-0.0799233540892601,0.818668782711029,0.346444696187973,-0.05583928897976875,0.7937744855880737,0.34792792797088623,0.0452849380671978,0.7976887226104736,0.35799044370651245,-0.07872834801673889,0.7882821559906006,0.3587755262851715,-0.050236187875270844,0.8705707788467407,0.3848891854286194,-0.07159283757209778,0.7883248329162598,0.3910568654537201,0.14245589077472687,0.885487973690033,0.4371550977230072,-0.14365968108177185,0.7721848487854004,0.4396332800388336,0.13886159658432007,0.7956123948097229,0.429980993270874,-0.20562462508678436,0.7697359919548035,0.4436134696006775,-0.020930137485265732,0.7791007161140442,0.42739254236221313,-0.2371288686990738,0.7580528855323792,0.4537277817726135,-0.05456157773733139,0.7788963913917542,0.42069706320762634,-0.2282286137342453,0.7571804523468018,0.4488748610019684,-0.06504121422767639,0.7812302708625793,0.4207490086555481,-0.20085996389389038,0.7635258436203003,0.44759488105773926,-0.0314740352332592,0.8456140160560608,0.4873344302177429,-0.0641496554017067,0.7959139347076416,0.48632049560546875,0.06419230997562408,0.8411919474601746,0.5601575970649719,-0.007324623875319958,0.7921144366264343,0.557357132434845,0.10722105205059052,0.8456035256385803,0.6263021230697632,0.08223094046115875,0.8034605383872986,0.6245344877243042,0.2124275267124176,0.8501614332199097,0.6339341998100281,0.08605378121137619,0.8146301507949829,0.6332937479019165,0.21757863461971283,0.8240902423858643,0.6547508239746094,-0.042637355625629425,0.7751567363739014,0.6420505046844482,0.11997587233781815
32,0.777936577796936,0.3555009663105011,-0.13495449721813202,0.7833842039108276,0.34885603189468384,-0.1385105401277542,0.787483811378479,0.3483942747116089,-0.1386130154132843,0.7917462587356567,0.34785041213035583,-0.13873709738254547,0.7766982913017273,0.34956976771354675,-0.11562056839466095,0.7758781313896179,0.34966233372688293,-0.11569993942975998,0.7752141356468201,0.34970206022262573,-0.11574572324752808,0.8076410889625549,0.34854358434677124,-0.09671439975500107,0.78619784116745,0.3512245714664459,0.011199274100363255,0.7895056009292603,0.3609207272529602,-0.11339235305786133,0.7815881371498108,0.36219310760498047,-0.08266539126634598,0.8660269975662231,0.3849600851535797,-0.10030653327703476,0.7868219017982483,0.3932960629463196,0.1118888184428215,0.8893530368804932,0.4375990033149719,-0.1701575517654419,0.7747296690940857,0.4418482780456543,0.12040363997220993,0.7979402542114258,0.43327632546424866,-0.23989202082157135,0.7698141932487488,0.4479750990867615,-0.04798603057861328,0.7817267775535583,0.431253045797348,-0.2753594219684601,0.7570192813873291,0.45459622144699097,-0.08280593156814575,0.7799069881439209,0.423250675201416,-0.2662922441959381,0.7546005249023438,0.448955237865448,-0.09159883856773376,0.7823503017425537,0.42321887612342834,-0.23565682768821716,0.7612804770469666,0.44791537523269653,-0.05863955244421959,0.8469333052635193,0.4873417317867279,-0.06389171630144119,0.797088086605072,0.4866478443145752,0.06393502652645111,0.8434861302375793,0.5604199767112732,0.033908579498529434,0.7919541001319885,0.5584152340888977,0.1349690705537796,0.8454541563987732,0.6260640025138855,0.14967024326324463,0.7989043593406677,0.624681830406189,0.2655697762966156,0.8484320640563965,0.6327308416366577,0.1549462080001831,0.8065370321273804,0.632401168346405,0.27360546588897705,0.8251556158065796,0.6493442058563232,0.018179167062044144,0.7740505933761597,0.6441925168037415,0.1737401783466339
33,0.7654721736907959,0.3631041944026947,-0.1252625733613968,0.7684617638587952,0.35702985525131226,-0.1250918060541153,0.7715808153152466,0.3563077449798584,-0.12518911063671112,0.7751878499984741,0.35542428493499756,-0.12530863285064697,0.7639411687850952,0.3578968644142151,-0.10277508944272995,0.7637999653816223,0.3578628599643707,-0.10285844653844833,0.7639557123184204,0.35771089792251587,-0.10290738940238953,0.793261706829071,0.35395777225494385,-0.08767934888601303,0.7772682309150696,0.35735633969306946,0.020667245611548424,0.7780113816261292,0.3676910996437073,-0.10207785665988922,0.7726870775222778,0.3692251443862915,-0.0729229673743248,0.8627977967262268,0.3860549330711365,-0.09284096956253052,0.7866103053092957,0.39522096514701843,0.11412450671195984,0.8941530585289001,0.438077837228775,-0.16319747269153595,0.7844461798667908,0.44207215309143066,0.11289669573307037,0.8027807474136353,0.43606966733932495,-0.21924082934856415,0.7793077230453491,0.4449795186519623,-0.038532767444849014,0.7861647605895996,0.4352170526981354,-0.2492610663175583,0.7628332376480103,0.4469960331916809,-0.07021915912628174,0.7825908064842224,0.4279746115207672,-0.2393040806055069,0.7549856305122375,0.44515833258628845,-0.08087784051895142,0.7860336303710938,0.4274543225765228,-0.2137720137834549,0.7617974877357483,0.4445033073425293,-0.04893961548805237,0.85125333070755,0.4876551032066345,-0.06122208759188652,0.7999683618545532,0.4878266751766205,0.06120073050260544,0.8476905822753906,0.5621451139450073,0.032205257564783096,0.7929760217666626,0.5599063038825989,0.12909407913684845,0.8454341292381287,0.6263455152511597,0.14219431579113007,0.7993724346160889,0.6251112222671509,0.25192874670028687,0.847684383392334,0.6334206461906433,0.14705348014831543,0.8072702288627625,0.6323122382164001,0.25932833552360535,0.8253511786460876,0.651622474193573,0.010227583348751068,0.7751296758651733,0.6445637345314026,0.15878407657146454
34,0.7577441930770874,0.3740260601043701,-0.1216965913772583,0.7584792971611023,0.36630091071128845,-0.12523818016052246,0.7613863348960876,0.36540061235427856,-0.1253272294998169,0.7646045088768005,0.3643598258495331,-0.1254543513059616,0.7543143630027771,0.3675086498260498,-0.10409099608659744,0.7539342045783997,0.3675329089164734,-0.10416422039270401,0.7538825273513794,0.36741310358047485,-0.10420829802751541,0.7832238674163818,0.3623431324958801,-0.0871097594499588,0.7659181356430054,0.36623990535736084,0.013030899688601494,0.7706604599952698,0.37917065620422363,-0.09988388419151306,0.7649893760681152,0.38092702627182007,-0.0714239627122879,0.8591123223304749,0.388075053691864,-0.08775360137224197,0.7794434428215027,0.39779847860336304,0.10245069861412048,0.8952338099479675,0.43848928809165955,-0.14992737770080566,0.7853037714958191,0.4433682858943939,0.0996696799993515,0.8062863945960999,0.4387267529964447,-0.21541990339756012,0.7788666486740112,0.45148783922195435,-0.0465194433927536,0.7898443341255188,0.4375273287296295,-0.24583996832370758,0.7712592482566833,0.4462639391422272,-0.07989658415317535,0.7852578163146973,0.4306834638118744,-0.23732520639896393,0.7635987401008606,0.44895419478416443,-0.08598102629184723,0.789176881313324,0.4300401210784912,-0.21083450317382812,0.7694828510284424,0.4480160176753998,-0.056216005235910416,0.8559961318969727,0.48790234327316284,-0.056512657552957535,0.8037569522857666,0.48919686675071716,0.05642801523208618,0.8521022200584412,0.5628140568733215,0.031886987388134,0.7961455583572388,0.5600007176399231,0.12138587981462479,0.8492735028266907,0.6263540387153625,0.14056362211704254,0.8012096881866455,0.6254287362098694,0.23298834264278412,0.8516213297843933,0.6332481503486633,0.1455036997795105,0.8091180324554443,0.6328747272491455,0.23950783908367157,0.835333526134491,0.6519175171852112,0.01050940714776516,0.7769445776939392,0.6445345282554626,0.13779620826244354
35,0.7531252503395081,0.387741357088089,-0.14199016988277435,0.751232922077179,0.3787200152873993,-0.14752456545829773,0.7536277174949646,0.37719660997390747,-0.14761053025722504,0.7563552260398865,0.3755652606487274,-0.1477455049753189,0.7474389672279358,0.3805139362812042,-0.12757262587547302,0.7469214797019958,0.3803732097148895,-0.12763173878192902,0.7464845180511475,0.3802749514579773,-0.12769418954849243,0.7723918557167053,0.37095728516578674,-0.10772655159235,0.7560123205184937,0.37683942914009094,-0.012297222390770912,0.7664899826049805,0.38954001665115356,-0.11930950731039047,0.7608422040939331,0.3915531039237976,-0.09209226816892624,0.8510603904724121,0.3897263705730438,-0.08826467394828796,0.7726141214370728,0.40260061621665955,0.07349701225757599,0.8937132358551025,0.4385747015476227,-0.14724762737751007,0.784850537776947,0.4451156258583069,0.07879029959440231,0.8069684505462646,0.44150805473327637,-0.2153996080160141,0.7849873900413513,0.4535745084285736,-0.06106799468398094,0.7917612791061401,0.4411105513572693,-0.2463369369506836,0.7770580649375916,0.46903443336486816,-0.09265661239624023,0.7866896986961365,0.43520388007164,-0.23898929357528687,0.7729546427726746,0.4642433524131775,-0.10634288936853409,0.7909805178642273,0.43444767594337463,-0.2109549194574356,0.7776469588279724,0.46208086609840393,-0.07112179696559906,0.8594459295272827,0.4902757704257965,-0.04679635539650917,0.8060790300369263,0.49188071489334106,0.04666706174612045,0.8578691482543945,0.5657414197921753,0.03176456689834595,0.7982231974601746,0.5636746287345886,0.11614029854536057,0.8498958945274353,0.626500129699707,0.1754758656024933,0.801076352596283,0.6260785460472107,0.24033625423908234,0.8515172600746155,0.6332374811172485,0.1839114874601364,0.8060473799705505,0.6333814859390259,0.24817460775375366,0.8346699476242065,0.6474460959434509,0.04895787313580513,0.7763410210609436,0.6449813842773438,0.13911694288253784
36,0.7502146363258362,0.4027033746242523,-0.13985294103622437,0.7473244667053223,0.3955564796924591,-0.13933151960372925,0.7490779161453247,0.39336293935775757,-0.13943280279636383,0.7511712908744812,0.3911301791667938,-0.13957001268863678,0.7438262104988098,0.39729008078575134,-0.1184617131948471,0.7430375218391418,0.3969428539276123,-0.11852601170539856,0.742030680179596,0.3963758945465088,-0.11858037114143372,0.763781726360321,0.38288161158561707,-0.10594825446605682,0.7494008541107178,0.39077329635620117,-0.01657470501959324,0.7621610760688782,0.4024648666381836,-0.11416369676589966,0.7571119666099548,0.4046304225921631,-0.08454371243715286,0.8415555357933044,0.3949066996574402,-0.09101212024688721,0.7677702307701111,0.4107567369937897,0.06306329369544983,0.893048882484436,0.4388653635978699,-0.1479453444480896,0.7884517312049866,0.4611278474330902,0.06771295517683029,0.8078497052192688,0.4473251700401306,-0.19964568316936493,0.7837865352630615,0.4695945382118225,-0.04784398525953293,0.7918562293052673,0.4491477608680725,-0.22703537344932556,0.7780291438102722,0.47557154297828674,-0.07575342059135437,0.7869262099266052,0.44381093978881836,-0.21770237386226654,0.7744705080986023,0.4710758626461029,-0.08665871620178223,0.7913674116134644,0.44234275817871094,-0.19463594257831573,0.7790804505348206,0.4689313769340515,-0.05664173141121864,0.862415075302124,0.49102672934532166,-0.04636513441801071,0.8093715906143188,0.4949854910373688,0.04621244966983795,0.862488329410553,0.5658996105194092,0.019586216658353806,0.8062000870704651,0.5642343759536743,0.0978444516658783,0.850968599319458,0.6275935769081116,0.10147590935230255,0.8044766187667847,0.626898467540741,0.1965380162000656,0.8522748351097107,0.6341729164123535,0.10415799170732498,0.8082155585289001,0.6339226961135864,0.2018992155790329,0.8452457189559937,0.6497783064842224,-0.028745455667376518,0.7762570977210999,0.6447402834892273,0.10223263502120972
37,0.7422806620597839,0.41560229659080505,-0.09394343942403793,0.737481415271759,0.4083370268344879,-0.10417554527521133,0.7387905716896057,0.40653887391090393,-0.10420800000429153,0.7407189011573792,0.40484532713890076,-0.10432202368974686,0.7347223162651062,0.4098762571811676,-0.08447854965925217,0.7344101071357727,0.40960025787353516,-0.08457859605550766,0.7341902852058411,0.40918222069740295,-0.08460549265146255,0.752924919128418,0.39726632833480835,-0.09304412454366684,0.7426612973213196,0.40392065048217773,-0.007972639985382557,0.7541124224662781,0.4159174859523773,-0.08061708509922028,0.7507340312004089,0.41819366812705994,-0.054000142961740494,0.8303022384643555,0.40195566415786743,-0.08976534754037857,0.7655993103981018,0.4223358631134033,0.07452484220266342,0.8928662538528442,0.4405727982521057,-0.1483352929353714,0.7874796390533447,0.46762579679489136,0.06316466629505157,0.8138532042503357,0.4533475339412689,-0.1982048600912094,0.7785875797271729,0.46775832772254944,-0.07267548888921738,0.795216977596283,0.4574071764945984,-0.22334054112434387,0.7770700454711914,0.4709025025367737,-0.10267647355794907,0.7910417318344116,0.45293551683425903,-0.21310874819755554,0.7723553776741028,0.46553510427474976,-0.10390600562095642,0.7941153645515442,0.4516987204551697,-0.19277288019657135,0.775808572769165,0.4644046425819397,-0.07834442704916,0.8660579919815063,0.4925614893436432,-0.05042453482747078,0.8150456547737122,0.49811139702796936,0.05025315284729004,0.8668563961982727,0.5647850036621094,-0.04417983070015907,0.8140841722488403,0.5635214447975159,0.09829027205705643,0.852544903755188,0.6275039315223694,0.005762819666415453,0.8161615133285522,0.626893162727356,0.18545736372470856,0.8552087545394897,0.6341046094894409,0.006568171549588442,0.8234150409698486,0.6336957216262817,0.1897531896829605,0.8484920859336853,0.6474791765213013,-0.12084463238716125,0.7770859003067017,0.6445881128311157,0.09973127394914627
38,0.7387014627456665,0.43086832761764526,-0.095519058406353,0.7321596741676331,0.4242266118526459,-0.10577503591775894,0.7339509129524231,0.4224057197570801,-0.10578419268131256,0.7356134057044983,0.4207218587398529,-0.10586296021938324,0.7299055457115173,0.4256584644317627,-0.08576291054487228,0.7296086549758911,0.42533549666404724,-0.08586536347866058,0.728390097618103,0.4249892234802246,-0.08588583767414093,0.7476139664649963,0.4122537076473236,-0.09749677777290344,0.7362515926361084,0.41903629899024963,-0.006330657750368118,0.7510937452316284,0.4298672080039978,-0.08426989614963531,0.7485650777816772,0.43219423294067383,-0.05740620195865631,0.8214735984802246,0.41056784987449646,-0.09961115568876266,0.7642465233802795,0.43163833022117615,0.07674948126077652,0.8895668983459473,0.44389525055885315,-0.14852260053157806,0.791966438293457,0.47133898735046387,0.07605559378862381,0.8156677484512329,0.46103009581565857,-0.19209395349025726,0.7637234926223755,0.4729542136192322,-0.03351251035928726,0.7974259257316589,0.465811550617218,-0.21626593172550201,0.7642017006874084,0.4736814498901367,-0.053845301270484924,0.7932747006416321,0.4615596830844879,-0.2038542628288269,0.7508522868156433,0.47143644094467163,-0.06412570178508759,0.7956357598304749,0.46017804741859436,-0.18583163619041443,0.756678581237793,0.47031688690185547,-0.041711874306201935,0.8710975050926208,0.49306121468544006,-0.05641460791230202,0.8230376243591309,0.4993824064731598,0.05636914446949959,0.8732923865318298,0.5616176128387451,-0.08687777072191238,0.8219237327575684,0.5634151101112366,0.08595282584428787,0.8650277853012085,0.6265339851379395,-0.050623904913663864,0.8245697617530823,0.6265770196914673,0.16704194247722626,0.8681653141975403,0.6342272162437439,-0.051256127655506134,0.8296554684638977,0.633573055267334,0.17033986747264862,0.8527153730392456,0.6528782248497009,-0.17491647601127625,0.7902806401252747,0.6443139910697937,0.07977063208818436
39,0.741466760635376,0.44652143120765686,-0.14525911211967468,0.7349952459335327,0.441495418548584,-0.16278225183486938,0.7366308569908142,0.4403662085533142,-0.16281282901763916,0.7378556728363037,0.439045250415802,-0.16286161541938782,0.7326160669326782,0.44209104776382446,-0.13947145640850067,0.7321755886077881,0.4415530562400818,-0.13957151770591736,0.7308305501937866,0.44108566641807556,-0.13961628079414368,0.7466418743133545,0.4292958378791809,-0.17831732332706451,0.738129198551178,0.4330654740333557,-0.07236536592245102,0.7534916400909424,0.4449692368507385,-0.1439632922410965,0.7506250739097595,0.445639044046402,-0.11334295570850372,0.817961573600769,0.42315906286239624,-0.16765841841697693,0.766855001449585,0.4361599087715149,0.02186918817460537,0.8896647691726685,0.4448675215244293,-0.17946857213974,0.7910434007644653,0.46772176027297974,0.14737531542778015,0.8240737915039062,0.4649563729763031,-0.16748495399951935,0.7721530199050903,0.4711039662361145,0.18603681027889252,0.8039434552192688,0.4689663052558899,-0.18548963963985443,0.7672906517982483,0.4731968939304352,0.19393229484558105,0.8003279566764832,0.4657030701637268,-0.17084985971450806,0.76570063829422,0.4710776209831238,0.17459629476070404,0.8024027347564697,0.46510547399520874,-0.15934842824935913,0.7669821977615356,0.4712028503417969,0.18009638786315918,0.8727176189422607,0.5022025108337402,-0.06338685005903244,0.8325536847114563,0.5043317675590515,0.06339415907859802,0.8722511529922485,0.5647153258323669,-0.07090408354997635,0.8254753947257996,0.5654470324516296,0.06600450724363327,0.8630873560905457,0.6264443397521973,-0.013759647496044636,0.8259871006011963,0.6274594068527222,0.12884490191936493,0.8707379102706909,0.6345981359481812,-0.010590092279016972,0.8285450339317322,0.6346374154090881,0.1310291737318039,0.849364697933197,0.6558076739311218,-0.13074840605258942,0.7871673703193665,0.643252968788147,0.06185471639037132
40,0.7421373128890991,0.4584980607032776,-0.26177507638931274,0.7370784282684326,0.4541071951389313,-0.28139281272888184,0.7388825416564941,0.45277294516563416,-0.2814120054244995,0.7404024004936218,0.4513641893863678,-0.28142571449279785,0.7339683771133423,0.45458984375,-0.2595551013946533,0.7340371608734131,0.45469388365745544,-0.25965628027915955,0.7328185439109802,0.45376524329185486,-0.2596661150455475,0.746543288230896,0.4421288073062897,-0.30275553464889526,0.739985466003418,0.4452490210533142,-0.20231609046459198,0.7548073530197144,0.4567646384239197,-0.2620876133441925,0.7509135603904724,0.45702725648880005,-0.23313526809215546,0.8101370930671692,0.4313250482082367,-0.26702064275741577,0.7755249738693237,0.44187992811203003,-0.09865868091583252,0.8859371542930603,0.45292872190475464,-0.26859596371650696,0.8154976963996887,0.46533679962158203,0.08074699342250824,0.8262813091278076,0.47369518876075745,-0.25360965728759766,0.7936022281646729,0.4779757559299469,0.17920216917991638,0.8074250817298889,0.4774637818336487,-0.27450087666511536,0.7872655391693115,0.4811214804649353,0.20042936503887177,0.8042459487915039,0.4754432737827301,-0.26309287548065186,0.7807137370109558,0.4824289381504059,0.168556347489357,0.8047659397125244,0.47330108284950256,-0.248210147023201,0.7833071947097778,0.481149822473526,0.17103703320026398,0.8720422387123108,0.5069800615310669,-0.06068938598036766,0.8356137871742249,0.5039491653442383,0.060822948813438416,0.859973669052124,0.5657373666763306,-0.061905812472105026,0.8337823748588562,0.5666410326957703,0.06582465767860413,0.8410289287567139,0.6287616491317749,-0.010879444889724255,0.8255735039710999,0.6285577416419983,0.13377469778060913,0.8454081416130066,0.6364055871963501,0.009104610420763493,0.8297914862632751,0.6368187665939331,0.13596566021442413,0.8066802024841309,0.6492365598678589,-0.0434907004237175,0.7924465537071228,0.6433310508728027,0.06702627241611481
41,0.743306040763855,0.4735490381717682,-0.23693838715553284,0.7376127243041992,0.468621164560318,-0.2557230293750763,0.7388697266578674,0.4676441252231598,-0.255793035030365,0.739904522895813,0.46648526191711426,-0.25582677125930786,0.7336354851722717,0.47005224227905273,-0.23710568249225616,0.7333295941352844,0.4697200655937195,-0.23719997704029083,0.7324880957603455,0.46922653913497925,-0.23722733557224274,0.744455099105835,0.45556163787841797,-0.2790584862232208,0.7374777793884277,0.4614132344722748,-0.19247756898403168,0.7551277279853821,0.4704909324645996,-0.23829564452171326,0.75168776512146,0.471884161233902,-0.21335436403751373,0.8122293949127197,0.44626912474632263,-0.2563810646533966,0.7754347324371338,0.45270562171936035,-0.11288058012723923,0.8858797550201416,0.4563797116279602,-0.3006598949432373,0.8190785050392151,0.47433653473854065,0.01624354161322117,0.8296036720275879,0.4779127240180969,-0.3385070264339447,0.795420229434967,0.48631319403648376,0.10890604555606842,0.8135290145874023,0.48600277304649353,-0.3685635030269623,0.7887075543403625,0.48819559812545776,0.11840637028217316,0.8052031397819519,0.4828181862831116,-0.3513128161430359,0.7851406335830688,0.4861680865287781,0.09310847520828247,0.8089718222618103,0.4811270236968994,-0.33304882049560547,0.7834199070930481,0.48832210898399353,0.10111131519079208,0.8712810277938843,0.5142762064933777,-0.049064751714468,0.8421692848205566,0.5154109001159668,0.04918769374489784,0.8546594381332397,0.5706548094749451,-0.0006061991443857551,0.8354353904724121,0.5721238851547241,0.09100066125392914,0.8375614881515503,0.6291831731796265,0.11963938921689987,0.8247718811035156,0.6289511322975159,0.18916195631027222,0.8398444056510925,0.6365188360214233,0.13058382272720337,0.8291605710983276,0.6370221376419067,0.19557641446590424,0.8124052286148071,0.6473203897476196,0.0724000632762909,0.8029331564903259,0.6433151960372925,0.13530094921588898
42,0.7450688481330872,0.4834739565849304,-0.23207494616508484,0.7377419471740723,0.4800252318382263,-0.24928182363510132,0.7395880818367004,0.4785548150539398,-0.2493056356906891,0.740494430065155,0.47702544927597046,-0.24933978915214539,0.7362070679664612,0.480792760848999,-0.22816185653209686,0.7361809015274048,0.4804597795009613,-0.22828198969364166,0.7357972264289856,0.48000818490982056,-0.22831088304519653,0.7448461651802063,0.46709442138671875,-0.2733331024646759,0.7384352087974548,0.47256097197532654,-0.1754845827817917,0.757605254650116,0.4803701937198639,-0.2349654585123062,0.7541474103927612,0.4819643497467041,-0.20682252943515778,0.813572347164154,0.4530571401119232,-0.25876185297966003,0.7758455872535706,0.4679151475429535,-0.08520475775003433,0.881801962852478,0.461273193359375,-0.2617371678352356,0.8245468139648438,0.4840494990348816,0.017507394775748253,0.8322948217391968,0.48620086908340454,-0.22657911479473114,0.8066717982292175,0.5003143548965454,0.06636903434991837,0.8183794617652893,0.49435338377952576,-0.24388766288757324,0.799494743347168,0.501714289188385,0.0806570053100586,0.8080052733421326,0.49262842535972595,-0.22755089402198792,0.7987102270126343,0.49896240234375,0.05277767777442932,0.8111646175384521,0.4889555871486664,-0.21851885318756104,0.8015740513801575,0.5024081468582153,0.057437554001808167,0.875672459602356,0.5173109769821167,-0.057724352926015854,0.8474928736686707,0.5215267539024353,0.057924117892980576,0.8536220788955688,0.5720310807228088,-0.07550013810396194,0.8347272276878357,0.574641227722168,0.08269757777452469,0.8381849527359009,0.632940411567688,0.008775911293923855,0.8251177668571472,0.628921389579773,0.18287979066371918,0.8420203924179077,0.6399428844451904,0.014101928099989891,0.8348868489265442,0.636046290397644,0.18794570863246918,0.8156319260597229,0.6582084894180298,-0.06673821061849594,0.7995990514755249,0.6448606252670288,0.11919906735420227
43,0.7453888058662415,0.49260956048965454,-0.21583913266658783,0.7382605671882629,0.48963016271591187,-0.23366816341876984,0.7400031089782715,0.48873916268348694,-0.23368683457374573,0.7407376766204834,0.48736125230789185,-0.23371009528636932,0.7363368272781372,0.4902815818786621,-0.2116827368736267,0.7362849116325378,0.4898747503757477,-0.2118026167154312,0.7360719442367554,0.48926228284835815,-0.21183808147907257,0.7438763380050659,0.4774351119995117,-0.27350762486457825,0.7388863563537598,0.4807908535003662,-0.1673513799905777,0.7588860392570496,0.48929423093795776,-0.22185510396957397,0.7544698715209961,0.4906536042690277,-0.19170759618282318,0.8094536662101746,0.4624410569667816,-0.27048319578170776,0.7800551652908325,0.47125428915023804,-0.08333975821733475,0.8632935285568237,0.4750429093837738,-0.27086636424064636,0.8215541243553162,0.48520851135253906,0.017041444778442383,0.8293581604957581,0.49344903230667114,-0.2192171961069107,0.808235228061676,0.4969746172428131,0.0666964128613472,0.8164063096046448,0.4991498589515686,-0.235961452126503,0.803495466709137,0.4987785816192627,0.08039391785860062,0.8092679381370544,0.49793902039527893,-0.2212085723876953,0.8025233745574951,0.5013874173164368,0.05571950227022171,0.8109327554702759,0.49708253145217896,-0.2119380682706833,0.8031654953956604,0.5011860728263855,0.05867145210504532,0.8772616982460022,0.5209429264068604,-0.06375978142023087,0.8542444705963135,0.5224664807319641,0.06399308145046234,0.8538113236427307,0.5772005319595337,-0.08125287294387817,0.843297004699707,0.5753446817398071,0.09202948957681656,0.8414742946624756,0.6345685720443726,-0.0037929138634353876,0.8263614177703857,0.6277636289596558,0.18320345878601074,0.8434727787971497,0.6397846341133118,0.001657760003581643,0.8335801959037781,0.6347616910934448,0.18839433789253235,0.8176412582397461,0.6606651544570923,-0.06730091571807861,0.7994115948677063,0.6430932283401489,0.13367623090744019
44,0.7445453405380249,0.4968263506889343,-0.08585797995328903,0.7371510863304138,0.49453791975975037,-0.11010277271270752,0.7378401756286621,0.49352583289146423,-0.1100815013051033,0.7383992671966553,0.4925450384616852,-0.11006465554237366,0.7344195246696472,0.49582070112228394,-0.08182768523693085,0.7353344559669495,0.49439793825149536,-0.08195491135120392,0.7352081537246704,0.4937171936035156,-0.08202796429395676,0.7417939305305481,0.48329418897628784,-0.18109959363937378,0.7375888228416443,0.48508238792419434,-0.05174797400832176,0.755682110786438,0.4936622083187103,-0.10739324241876602,0.7536224126815796,0.4942115247249603,-0.06994013488292694,0.8009571433067322,0.47085875272750854,-0.23450244963169098,0.7872876524925232,0.4716903269290924,0.018683981150388718,0.8577136397361755,0.4848688542842865,-0.26275867223739624,0.8426232933998108,0.48224860429763794,0.07087649405002594,0.8288088440895081,0.5027419328689575,-0.22159504890441895,0.8368917107582092,0.4955177903175354,0.0674465149641037,0.8169112205505371,0.5086079239845276,-0.24248605966567993,0.8343035578727722,0.498380184173584,0.08024801313877106,0.809181809425354,0.5063654184341431,-0.2248431146144867,0.8272313475608826,0.5005138516426086,0.05626038461923599,0.8116706013679504,0.5031957030296326,-0.2134215086698532,0.8279749751091003,0.4993746876716614,0.05937880277633667,0.8784049153327942,0.5251659154891968,-0.08124547451734543,0.8624661564826965,0.5234563946723938,0.08151115477085114,0.8522023558616638,0.5811707377433777,-0.10467376559972763,0.840772271156311,0.5752067565917969,0.0974470004439354,0.8248341679573059,0.6343141794204712,-0.06521860510110855,0.8220247626304626,0.6258507966995239,0.155606210231781,0.83106929063797,0.6405512690544128,-0.0639064759016037,0.8248836994171143,0.6348786354064941,0.15578915178775787,0.779297411441803,0.6465014815330505,-0.12482848763465881,0.779357373714447,0.6360465288162231,0.10860957950353622
45,0.7419917583465576,0.5027413368225098,-0.12066452950239182,0.73527991771698,0.5005866289138794,-0.14378835260868073,0.7356717586517334,0.49970197677612305,-0.14376899600028992,0.7358861565589905,0.49872198700904846,-0.14374206960201263,0.7333974242210388,0.501261830329895,-0.114275261759758,0.733435332775116,0.5007206797599792,-0.11438339203596115,0.7330418229103088,0.5000576972961426,-0.11444339901208878,0.7357844114303589,0.48906534910202026,-0.2012493759393692,0.73387610912323,0.49035486578941345,-0.07346498966217041,0.7507538795471191,0.49872222542762756,-0.13929139077663422,0.7495498061180115,0.49942588806152344,-0.10068920254707336,0.7956243753433228,0.47214001417160034,-0.2539139986038208,0.7813649773597717,0.4727604389190674,0.008251103572547436,0.8616265058517456,0.48195528984069824,-0.2913074791431427,0.8237102031707764,0.48235946893692017,0.06401345133781433,0.8387019038200378,0.5083960294723511,-0.2579176723957062,0.828281581401825,0.5013546943664551,0.04072784259915352,0.8348037600517273,0.5171944499015808,-0.2861366868019104,0.8258225321769714,0.502519965171814,0.04662540182471275,0.8233745098114014,0.5163856744766235,-0.2663725018501282,0.821319043636322,0.5041477084159851,0.027141626924276352,0.8239380717277527,0.5133451223373413,-0.24879375100135803,0.821160614490509,0.5026125907897949,0.0318569578230381,0.8796768188476562,0.5234705805778503,-0.08558952808380127,0.8579912185668945,0.5224243402481079,0.08579736202955246,0.852389931678772,0.5796821713447571,-0.11231876909732819,0.840175986289978,0.5747250914573669,0.08072657883167267,0.826224684715271,0.634465217590332,-0.06885084509849548,0.8205164670944214,0.6259094476699829,0.11485607177019119,0.8309965133666992,0.6418154835700989,-0.06759180128574371,0.8232102990150452,0.6359834671020508,0.1128852516412735,0.7814266681671143,0.6456525325775146,-0.13449153304100037,0.7764840722084045,0.6368739008903503,0.050466325134038925
46,0.736327052116394,0.5093275308609009,-0.14312662184238434,0.7302262187004089,0.5066574811935425,-0.1519981026649475,0.7316582798957825,0.5052202939987183,-0.15203848481178284,0.7310375571250916,0.5035805106163025,-0.15207791328430176,0.728269100189209,0.5074798464775085,-0.12598660588264465,0.7275354266166687,0.5071277618408203,-0.1260737180709839,0.7267085313796997,0.5066220760345459,-0.1262747347354889,0.7327782511711121,0.4938715100288391,-0.20661884546279907,0.7250603437423706,0.4986177086830139,-0.08554410189390182,0.7466314435005188,0.5048311948776245,-0.15435512363910675,0.7435315251350403,0.506905734539032,-0.1206769272685051,0.7950704097747803,0.4713048040866852,-0.24745480716228485,0.7631971836090088,0.4851588308811188,-0.003886575810611248,0.861774206161499,0.48622697591781616,-0.2784827649593353,0.7953373193740845,0.5004578828811646,0.048213329166173935,0.8371663689613342,0.5236033201217651,-0.25194934010505676,0.8033909201622009,0.5231248140335083,0.02819659374654293,0.8338021039962769,0.5345225930213928,-0.2774568200111389,0.8079550266265869,0.5287176966667175,0.02971785143017769,0.8240254521369934,0.5336072444915771,-0.2604910433292389,0.802260160446167,0.5308891534805298,0.010905741713941097,0.8221001625061035,0.529899001121521,-0.24355274438858032,0.8095270991325378,0.5269743800163269,0.01952521875500679,0.881328821182251,0.5221296548843384,-0.08135375380516052,0.8557602167129517,0.5210989713668823,0.08154098689556122,0.8550007939338684,0.5803723931312561,-0.11779850721359253,0.8287112712860107,0.5732415914535522,0.049486953765153885,0.833613932132721,0.6384456157684326,-0.07015465945005417,0.8204241991043091,0.6259580254554749,0.06898538023233414,0.8419404029846191,0.6453626155853271,-0.06669912487268448,0.823266863822937,0.6346284747123718,0.06732726097106934,0.7995592951774597,0.6596525311470032,-0.1311284750699997,0.777679443359375,0.6383032202720642,0.010067140683531761
47,0.7319434881210327,0.5133248567581177,-0.14364030957221985,0.7259695529937744,0.5092981457710266,-0.15808817744255066,0.7267407774925232,0.508094310760498,-0.15809249877929688,0.7267572283744812,0.506761908531189,-0.15808841586112976,0.7234036922454834,0.510769784450531,-0.13260498642921448,0.7224841713905334,0.5104576349258423,-0.13270817697048187,0.721272885799408,0.5099735260009766,-0.1328253597021103,0.7276127338409424,0.4977796971797943,-0.19777490198612213,0.7197893857955933,0.5023692846298218,-0.08197405934333801,0.7418365478515625,0.5089303255081177,-0.1539062112569809,0.7387806177139282,0.5108312368392944,-0.12056350708007812,0.7893781661987305,0.47776898741722107,-0.23672494292259216,0.7562217712402344,0.4934144914150238,-0.00029100137180648744,0.856067419052124,0.5045567154884338,-0.2582024931907654,0.7847557663917542,0.5159090757369995,0.05904354900121689,0.8360523581504822,0.5428599119186401,-0.2325417697429657,0.8046835064888,0.5431109070777893,0.035088103264570236,0.8328068256378174,0.5539426803588867,-0.25783050060272217,0.8087098598480225,0.5514996647834778,0.041331253945827484,0.8251895308494568,0.554526686668396,-0.24827170372009277,0.8091041445732117,0.5494807958602905,0.021805670112371445,0.8243836164474487,0.5502111911773682,-0.22666238248348236,0.8099260330200195,0.5480763912200928,0.026878662407398224,0.8793513774871826,0.5222933888435364,-0.07966622710227966,0.8414989113807678,0.520923912525177,0.07983717322349548,0.8554401993751526,0.5812953114509583,-0.12116680294275284,0.8149297833442688,0.5730569958686829,0.05063857510685921,0.8326845765113831,0.6381434798240662,-0.0703817680478096,0.8194360733032227,0.6268147826194763,0.056766558438539505,0.8409979343414307,0.6445369124412537,-0.0651932805776596,0.8258765339851379,0.6346403956413269,0.05413184314966202,0.7970889806747437,0.6617723703384399,-0.11967884749174118,0.7787653803825378,0.6409772634506226,-0.0009805967565625906
48,0.7242006659507751,0.5168830156326294,-0.1423427164554596,0.7148855328559875,0.5131393671035767,-0.15838196873664856,0.7165361046791077,0.5114408135414124,-0.1583615094423294,0.716829240322113,0.5103434920310974,-0.1583293378353119,0.7142687439918518,0.5140848159790039,-0.13113568723201752,0.7127593159675598,0.5135628581047058,-0.1312226951122284,0.7119267582893372,0.5131155252456665,-0.13130268454551697,0.7191182374954224,0.5020071864128113,-0.2015950083732605,0.7127553224563599,0.5060092210769653,-0.07946961373090744,0.735630214214325,0.5128846764564514,-0.15520820021629333,0.7326539158821106,0.5144528746604919,-0.12009043246507645,0.7759702801704407,0.48122113943099976,-0.2549912631511688,0.7513059973716736,0.49298420548439026,0.002620985032990575,0.8393845558166504,0.5175619125366211,-0.2950257956981659,0.7790489792823792,0.5249605178833008,0.05172351375222206,0.8264610171318054,0.5615345239639282,-0.27579230070114136,0.7988665103912354,0.558525562286377,0.009746543131768703,0.8269047141075134,0.5723713040351868,-0.3078628182411194,0.8008838295936584,0.5693374872207642,0.007636261638253927,0.8211277723312378,0.5735567808151245,-0.2954595983028412,0.8021605610847473,0.5698500275611877,-0.017558755353093147,0.8209664821624756,0.5703784227371216,-0.27012139558792114,0.8034124374389648,0.5655159950256348,-0.00236076139844954,0.8740547299385071,0.5212724208831787,-0.08375795930624008,0.8396734595298767,0.5200547575950623,0.08391647040843964,0.8298319578170776,0.5745853185653687,-0.14945195615291595,0.8027331233024597,0.5699880719184875,0.042667537927627563,0.829142153263092,0.6314331293106079,-0.08439426124095917,0.8136259317398071,0.625642716884613,0.06023184582591057,0.837369978427887,0.6394299864768982,-0.07733868062496185,0.8252149224281311,0.6317108869552612,0.05809919163584709,0.7931241989135742,0.6487094163894653,-0.1258576661348343,0.7795217037200928,0.640693724155426,-0.000932303664740175
49,0.7204242944717407,0.5211988687515259,-0.1429494023323059,0.7102010250091553,0.51729816198349,-0.15926295518875122,0.7106531262397766,0.5164177417755127,-0.15923041105270386,0.7122279405593872,0.5146154761314392,-0.15918876230716705,0.7090530395507812,0.5179131627082825,-0.132649764418602,0.7082056403160095,0.5175397992134094,-0.13274094462394714,0.7074010968208313,0.5171469449996948,-0.13282510638237,0.7142224907875061,0.5075735449790955,-0.20299214124679565,0.7076618075370789,0.510019063949585,-0.08018235862255096,0.7332956790924072,0.5153421759605408,-0.15601366758346558,0.7281548380851746,0.5190305709838867,-0.12102416157722473,0.7717076539993286,0.48852381110191345,-0.2573874592781067,0.7411504983901978,0.4938819408416748,-0.009938389994204044,0.828611433506012,0.5314754247665405,-0.29081231355667114,0.7743454575538635,0.5311112999916077,0.03691437840461731,0.8198334574699402,0.581656813621521,-0.26916733384132385,0.7935529947280884,0.5749505758285522,0.002304984722286463,0.8249736428260803,0.5949485898017883,-0.3025992810726166,0.797109067440033,0.5848318934440613,1.111345409299247e-05,0.8199619054794312,0.5956333875656128,-0.2909281551837921,0.8022856712341309,0.5865336656570435,-0.025901341810822487,0.8171171545982361,0.5914285778999329,-0.26387348771095276,0.80316162109375,0.5764296054840088,-0.009170157834887505,0.8733490109443665,0.521242082118988,-0.08356454968452454,0.8443501591682434,0.5233544707298279,0.08375634253025055,0.8339417576789856,0.5714120864868164,-0.14447125792503357,0.8027957677841187,0.570183515548706,0.040138062089681625,0.8304530382156372,0.630454957485199,-0.07386478036642075,0.8155913352966309,0.6221467852592468,0.07443177700042725,0.847491979598999,0.6338685154914856,-0.0667797327041626,0.8287034034729004,0.6258169412612915,0.07391376793384552,0.8078011274337769,0.6495967507362366,-0.10468193888664246,0.786318302154541,0.6402121186256409,0.01676691323518753
50,0.7137702703475952,0.5277187824249268,-0.21082395315170288,0.703581690788269,0.5235521197319031,-0.22788387537002563,0.7043488621711731,0.5227664709091187,-0.22787830233573914,0.7066781520843506,0.5209373831748962,-0.22786098718643188,0.7013017535209656,0.5241934657096863,-0.20184114575386047,0.7004112601280212,0.5238520503044128,-0.2019406259059906,0.6995894908905029,0.5234960317611694,-0.20205368101596832,0.7094863653182983,0.5095961689949036,-0.2691744565963745,0.6997419595718384,0.5169485211372375,-0.15219399333000183,0.7268219590187073,0.5232604742050171,-0.22277118265628815,0.7213526368141174,0.5258668661117554,-0.1886911392211914,0.7678923606872559,0.49118804931640625,-0.3061186969280243,0.7332846522331238,0.5026860237121582,-0.07468423992395401,0.821237325668335,0.5339812636375427,-0.3255833089351654,0.7495339512825012,0.5462258458137512,-0.012875139713287354,0.8212976455688477,0.5994588136672974,-0.29987794160842896,0.7735234498977661,0.5892928242683411,-0.03704841807484627,0.8282559514045715,0.6163941621780396,-0.33573564887046814,0.7732847332954407,0.6022053956985474,-0.04238678142428398,0.8180925250053406,0.619792103767395,-0.32426154613494873,0.7802134156227112,0.6052203178405762,-0.07384629547595978,0.8139802813529968,0.6131060123443604,-0.29497164487838745,0.7818741798400879,0.5993839502334595,-0.050695646554231644,0.8659526109695435,0.5209804177284241,-0.07522863149642944,0.839040994644165,0.5258394479751587,0.07535992562770844,0.8329017758369446,0.5687218308448792,-0.08327938616275787,0.8064212203025818,0.5745335817337036,0.06784921139478683,0.8340747356414795,0.6235970258712769,0.028862319886684418,0.8157628178596497,0.6220909953117371,0.15045265853405,0.8484423160552979,0.626555323600769,0.041722919791936874,0.827563464641571,0.6250185370445251,0.1562117487192154,0.8120261430740356,0.6493640542030334,0.016647420823574066,0.7877799868583679,0.6399419903755188,0.1109352856874466
51,0.7125228643417358,0.5353134870529175,-0.27821338176727295,0.7049512267112732,0.531234085559845,-0.29628169536590576,0.7069421410560608,0.5294111967086792,-0.29630622267723083,0.7084890007972717,0.5283992886543274,-0.29628539085388184,0.7021222710609436,0.5315643548965454,-0.2692278027534485,0.7010387182235718,0.531110405921936,-0.2693198025226593,0.699910044670105,0.5306226015090942,-0.2694403827190399,0.7091587781906128,0.5154539942741394,-0.33389556407928467,0.6978491544723511,0.5241619944572449,-0.21284425258636475,0.724102258682251,0.5308669805526733,-0.2875990569591522,0.7174065709114075,0.5330830812454224,-0.2523718774318695,0.7668740749359131,0.4974951148033142,-0.3581051826477051,0.7205303907394409,0.5096529126167297,-0.12528322637081146,0.8141542077064514,0.5452456474304199,-0.38434258103370667,0.726676881313324,0.558630645275116,-0.07945937663316727,0.8047599792480469,0.618849515914917,-0.37925010919570923,0.7495421767234802,0.6106802225112915,-0.1305815875530243,0.8140047788619995,0.6321468949317932,-0.42493247985839844,0.7466056942939758,0.623096227645874,-0.14167603850364685,0.7894253134727478,0.6308161020278931,-0.4096296429634094,0.7506396174430847,0.6230374574661255,-0.17965245246887207,0.7903044819831848,0.6287662386894226,-0.3745770752429962,0.7538267970085144,0.6187204122543335,-0.1473311483860016,0.8547581434249878,0.5219288468360901,-0.07486103475093842,0.8226631283760071,0.5288730263710022,0.07503969222307205,0.8314222693443298,0.5688905715942383,-0.0669768676161766,0.7905436754226685,0.5779500603675842,0.0965166762471199,0.834197461605072,0.624987781047821,0.06355778127908707,0.8056754469871521,0.6181797385215759,0.20526540279388428,0.8483543395996094,0.6282768249511719,0.07851992547512054,0.8152922987937927,0.6197067499160767,0.21517659723758698,0.8119254112243652,0.6497885584831238,0.05569242313504219,0.7824185490608215,0.6373750567436218,0.17774349451065063
52,0.7061256170272827,0.5410712957382202,-0.32785630226135254,0.702884316444397,0.5383304357528687,-0.3467118442058563,0.7058994770050049,0.5361241102218628,-0.3467668890953064,0.7073407769203186,0.5353890657424927,-0.3467089533805847,0.6979164481163025,0.5384005904197693,-0.3191125988960266,0.6967772841453552,0.5379893183708191,-0.31919264793395996,0.6936306953430176,0.5372149348258972,-0.3192750811576843,0.7061011791229248,0.5233200788497925,-0.38135990500450134,0.6907217502593994,0.5287354588508606,-0.2577328085899353,0.7192012071609497,0.5357969999313354,-0.335030198097229,0.7107694149017334,0.5379754900932312,-0.2989364564418793,0.7606577277183533,0.5071280598640442,-0.38910573720932007,0.6931622624397278,0.5096088647842407,-0.16865280270576477,0.7974783182144165,0.5564222931861877,-0.4262867271900177,0.7052167654037476,0.5641250610351562,-0.1259051263332367,0.7909741997718811,0.6242298483848572,-0.4504808187484741,0.7183507084846497,0.6177443861961365,-0.18075630068778992,0.8020071983337402,0.6432122588157654,-0.5068744421005249,0.7059901356697083,0.6289013028144836,-0.19386982917785645,0.7780603170394897,0.6369642615318298,-0.49038347601890564,0.7122951745986938,0.6280485987663269,-0.23912332952022552,0.7775247097015381,0.6351348161697388,-0.4474942982196808,0.7180939316749573,0.6241040229797363,-0.20027807354927063,0.8380864262580872,0.523648738861084,-0.07551299035549164,0.8038129210472107,0.5286272168159485,0.07579882442951202,0.8032752871513367,0.5690096616744995,-0.06813392788171768,0.7750920057296753,0.5781270265579224,0.11250531673431396,0.8114742040634155,0.6067657470703125,0.0996352806687355,0.7983952164649963,0.6127877235412598,0.24029091000556946,0.8199447393417358,0.6064667701721191,0.11907356232404709,0.8082988262176514,0.6132970452308655,0.2528502941131592,0.7909481525421143,0.6284573674201965,0.11358630657196045,0.7839048504829407,0.6297174692153931,0.219623401761055
53,0.6906614899635315,0.5491932034492493,-0.2865700125694275,0.687555730342865,0.5446169376373291,-0.30505767464637756,0.6890827417373657,0.5438079833984375,-0.3051232397556305,0.6902214288711548,0.5430816411972046,-0.3050899803638458,0.6802834272384644,0.5457624793052673,-0.2791174054145813,0.6793404817581177,0.5452159643173218,-0.27918541431427,0.678145170211792,0.544562578201294,-0.2792656421661377,0.690983235836029,0.5341962575912476,-0.34050989151000977,0.6779071688652039,0.5360797047615051,-0.22415262460708618,0.7020257115364075,0.5440611839294434,-0.2946068346500397,0.697811484336853,0.5447244644165039,-0.2605973184108734,0.7456333637237549,0.5173914432525635,-0.3495757281780243,0.690005898475647,0.5122988820075989,-0.1420833319425583,0.7799263596534729,0.5682398676872253,-0.38533252477645874,0.68858402967453,0.5694418549537659,-0.10864220559597015,0.7547202110290527,0.6348363161087036,-0.40392372012138367,0.6904875636100769,0.6213109493255615,-0.15499800443649292,0.747850775718689,0.6474553346633911,-0.454717755317688,0.6783515810966492,0.6301574110984802,-0.16342678666114807,0.7369258403778076,0.646065354347229,-0.4292979836463928,0.6821109652519226,0.630829930305481,-0.2049669325351715,0.7370709776878357,0.6441463828086853,-0.3971801698207855,0.6904903650283813,0.6288555860519409,-0.17196011543273926,0.8333470821380615,0.5343837738037109,-0.074846550822258,0.803051769733429,0.5326287746429443,0.07520168274641037,0.8121877312660217,0.5919277667999268,-0.03865835815668106,0.7835180759429932,0.5882980823516846,0.13525977730751038,0.8303984999656677,0.6105172634124756,0.16690967977046967,0.8117853999137878,0.6106486320495605,0.307492733001709,0.8381672501564026,0.6075388789176941,0.19111059606075287,0.8218129277229309,0.6090319156646729,0.3268497586250305,0.8169668316841125,0.6294595003128052,0.21726074814796448,0.8080939650535583,0.6260923147201538,0.324997216463089
54,0.6768372654914856,0.5541415214538574,-0.3665444254875183,0.6733708381652832,0.5519145131111145,-0.3854803740978241,0.6761475801467896,0.549854576587677,-0.3856065571308136,0.6770768761634827,0.5493984818458557,-0.38555610179901123,0.6688721776008606,0.5516995191574097,-0.36061757802963257,0.6678087711334229,0.5512137413024902,-0.36070001125335693,0.664086639881134,0.550283670425415,-0.3607686460018158,0.6779855489730835,0.5413665771484375,-0.40960732102394104,0.6662704944610596,0.540962815284729,-0.29751819372177124,0.6871187686920166,0.5506616830825806,-0.36889350414276123,0.6826362609863281,0.5504745841026306,-0.3360762298107147,0.7389837503433228,0.5300499200820923,-0.3837331235408783,0.6684635877609253,0.5159430503845215,-0.2220819741487503,0.7562344074249268,0.5843206644058228,-0.42946454882621765,0.660047173500061,0.5712906122207642,-0.19496335089206696,0.7186402082443237,0.6442391872406006,-0.48437368869781494,0.6476349234580994,0.6253999471664429,-0.2421705275774002,0.7120596170425415,0.6540460586547852,-0.5428247451782227,0.6354426145553589,0.6342760324478149,-0.2573741674423218,0.7044575810432434,0.6535302400588989,-0.5228816270828247,0.640072226524353,0.6349404454231262,-0.3016544282436371,0.7052029371261597,0.6520682573318481,-0.4820776581764221,0.6477884650230408,0.6325733065605164,-0.26001352071762085,0.8160826563835144,0.54243403673172,-0.06851550936698914,0.7759879231452942,0.5362504720687866,0.06895981729030609,0.8177827596664429,0.5951403379440308,-0.05207296460866928,0.7765691876411438,0.592451274394989,0.1264645755290985,0.8266404867172241,0.6123765110969543,0.20380853116512299,0.8077014684677124,0.609282374382019,0.3205794394016266,0.8346450924873352,0.6087256073951721,0.23370668292045593,0.8178972005844116,0.607734739780426,0.3468787670135498,0.8143196105957031,0.6286600828170776,0.2610248327255249,0.8034204840660095,0.6235471963882446,0.35481980443000793
55,0.6550589799880981,0.557498574256897,-0.39550912380218506,0.652709424495697,0.5555406808853149,-0.41486531496047974,0.6557785272598267,0.5530883073806763,-0.41500943899154663,0.6564725041389465,0.5526602864265442,-0.4149931073188782,0.6471900343894958,0.5551022887229919,-0.3920491933822632,0.6463285088539124,0.5546538829803467,-0.39216148853302,0.6451802849769592,0.5541843175888062,-0.3922409117221832,0.6595495939254761,0.5393085479736328,-0.4315650463104248,0.644260048866272,0.5448504090309143,-0.32788509130477905,0.6665079593658447,0.553950846195221,-0.3938576877117157,0.6607160568237305,0.5535725951194763,-0.3635343313217163,0.717535674571991,0.5319565534591675,-0.3940943479537964,0.6457186937332153,0.5207352042198181,-0.2458096146583557,0.7230747938156128,0.5909534692764282,-0.4249119758605957,0.6340081691741943,0.5738617181777954,-0.20407487452030182,0.6950591802597046,0.6436337232589722,-0.4796302318572998,0.6138945817947388,0.6299710273742676,-0.23868988454341888,0.6880797743797302,0.6541789174079895,-0.53855299949646,0.6020881533622742,0.6382652521133423,-0.256020724773407,0.6792503595352173,0.6543813943862915,-0.5192789435386658,0.6048308610916138,0.6384178400039673,-0.2979157269001007,0.6811456680297852,0.6510154604911804,-0.47737088799476624,0.6114994883537292,0.6358335018157959,-0.25568699836730957,0.7969183921813965,0.5445703268051147,-0.05931974947452545,0.7571941018104553,0.5386046171188354,0.05984358862042427,0.8186366558074951,0.5927280187606812,0.07074692100286484,0.7707250714302063,0.5892876386642456,0.21061153709888458,0.8218598365783691,0.6168829202651978,0.3633875846862793,0.8027822971343994,0.6094032526016235,0.4478280246257782,0.8309127688407898,0.6115056276321411,0.394919753074646,0.8142780661582947,0.6088209748268127,0.47434595227241516,0.7940240502357483,0.6297956705093384,0.3975007236003876,0.7875410318374634,0.6255160570144653,0.4551539123058319
56,0.635487973690033,0.570155680179596,-0.4091329276561737,0.6293516159057617,0.5658951997756958,-0.43172386288642883,0.6305875778198242,0.5650443434715271,-0.4319210350513458,0.6321678757667542,0.5633820295333862,-0.4319506883621216,0.6244581341743469,0.5655355453491211,-0.40673115849494934,0.6238587498664856,0.5648921728134155,-0.40684860944747925,0.6231741905212402,0.5640436410903931,-0.40695083141326904,0.6382821202278137,0.5527516603469849,-0.4617583453655243,0.6233651638031006,0.5543643236160278,-0.34853050112724304,0.645111620426178,0.5667166709899902,-0.41165193915367126,0.6420114040374756,0.5669447183609009,-0.3785148561000824,0.6985582113265991,0.5403075814247131,-0.4277975261211395,0.6334954500198364,0.5283060073852539,-0.26649874448776245,0.6909459233283997,0.6003929376602173,-0.46627697348594666,0.6088919043540955,0.581637978553772,-0.23030073940753937,0.6604354381561279,0.6514596939086914,-0.5213316082954407,0.5856499671936035,0.6351485848426819,-0.265348881483078,0.64969801902771,0.6596266031265259,-0.5848983526229858,0.5718266367912292,0.6426686644554138,-0.28286075592041016,0.6411550045013428,0.6592352986335754,-0.5617129802703857,0.5771819949150085,0.6434372663497925,-0.32590532302856445,0.6436138153076172,0.657461941242218,-0.5184659957885742,0.5871860384941101,0.6420559287071228,-0.2831299304962158,0.7810104489326477,0.5499545931816101,-0.06076491251587868,0.7436603903770447,0.5458199381828308,0.06132517755031586,0.8164101243019104,0.5913089513778687,0.08390526473522186,0.7592751383781433,0.5910912156105042,0.2277090698480606,0.8265492916107178,0.615043044090271,0.368466317653656,0.8030399680137634,0.6089297533035278,0.48371052742004395,0.8330443501472473,0.6126569509506226,0.3986573815345764,0.817351758480072,0.6072710156440735,0.5124503374099731,0.8037059307098389,0.6319143176078796,0.3892424404621124,0.7921232581138611,0.6262924075126648,0.48989036679267883
57,0.6137008666992188,0.5739395022392273,-0.42472678422927856,0.6071861982345581,0.5699948072433472,-0.44970956444740295,0.6082991361618042,0.5693413019180298,-0.44990769028663635,0.6093787550926208,0.5685448050498962,-0.4499432444572449,0.6012133955955505,0.5710561871528625,-0.4221828579902649,0.6014317274093628,0.5696044564247131,-0.4223133623600006,0.6008080244064331,0.5690283179283142,-0.42237070202827454,0.6124666929244995,0.5541464686393738,-0.4842313230037689,0.6001843214035034,0.5584858655929565,-0.35810387134552,0.6252152919769287,0.5681871175765991,-0.42825695872306824,0.6212465763092041,0.5702773332595825,-0.3913784325122833,0.6711429357528687,0.5420118570327759,-0.45534366369247437,0.6164222359657288,0.5328406691551208,-0.2649199962615967,0.6769371628761292,0.5920518636703491,-0.5066289305686951,0.5830632448196411,0.5856719017028809,-0.2385239452123642,0.6323715448379517,0.6548208594322205,-0.5781384110450745,0.5511035323143005,0.6393686532974243,-0.29596126079559326,0.619957447052002,0.6624215841293335,-0.6506602168083191,0.5396846532821655,0.6442384123802185,-0.31415438652038574,0.6125106811523438,0.6613903045654297,-0.6247918009757996,0.5470113158226013,0.6458379030227661,-0.3584691286087036,0.617163896560669,0.6596465110778809,-0.574679434299469,0.5527928471565247,0.6447705030441284,-0.31526777148246765,0.7757901549339294,0.5531207323074341,-0.0618356391787529,0.743731677532196,0.5518873929977417,0.062319401651620865,0.8063625693321228,0.5842950940132141,0.03444599732756615,0.7650397419929504,0.5902563333511353,0.23760338127613068,0.8295171856880188,0.6233996152877808,0.3007725775241852,0.803903341293335,0.6163443326950073,0.5218817591667175,0.8367542028427124,0.6276611685752869,0.3282300531864166,0.8175421953201294,0.6171130537986755,0.5521458387374878,0.8174444437026978,0.6416321992874146,0.29828280210494995,0.7919992208480835,0.6324207782745361,0.5134175419807434
58,0.5830668210983276,0.5777194499969482,-0.3974462151527405,0.5778266191482544,0.5739279985427856,-0.4121575653553009,0.5783627033233643,0.5733671188354492,-0.412309855222702,0.5788689851760864,0.5727608799934387,-0.41231679916381836,0.5744832754135132,0.5738831162452698,-0.3913431763648987,0.5739173293113708,0.5731525421142578,-0.3914593458175659,0.5708163380622864,0.5722330808639526,-0.3916178345680237,0.5845426917076111,0.5610890984535217,-0.46302396059036255,0.5737122297286987,0.5608457326889038,-0.32470768690109253,0.5951289534568787,0.5734764337539673,-0.3942861258983612,0.5926982760429382,0.5738623738288879,-0.36260607838630676,0.652922511100769,0.5490441918373108,-0.45109832286834717,0.5919525027275085,0.528885006904602,-0.24069714546203613,0.6625159382820129,0.6041955947875977,-0.5000874996185303,0.5577881932258606,0.584983229637146,-0.20424073934555054,0.6136441826820374,0.6612377166748047,-0.5550392866134644,0.5239102244377136,0.6391237378120422,-0.25364431738853455,0.6011658310890198,0.6675537824630737,-0.6284236311912537,0.5111721754074097,0.6457461714744568,-0.26716870069503784,0.587677538394928,0.6660049557685852,-0.5998420119285583,0.5146627426147461,0.6460520029067993,-0.31170570850372314,0.5949445366859436,0.6645022630691528,-0.5506378412246704,0.5254656076431274,0.6454116106033325,-0.27268704771995544,0.7590761184692383,0.5556256771087646,-0.07743630558252335,0.7246568202972412,0.5499063730239868,0.07814455032348633,0.7873213291168213,0.5793792605400085,-0.07625553011894226,0.7562655806541443,0.5794144868850708,0.25775766372680664,0.8348597288131714,0.6265157461166382,0.1385364979505539,0.7977766394615173,0.6142836809158325,0.5379422903060913,0.8460123538970947,0.6289786100387573,0.15963436663150787,0.8124949932098389,0.6135276556015015,0.5676360130310059,0.8155701756477356,0.6464792490005493,0.1179390475153923,0.7821229100227356,0.6341606974601746,0.545170783996582
59,0.5557183623313904,0.5810666084289551,-0.35285207629203796,0.5484967231750488,0.5787137150764465,-0.38680580258369446,0.5492686629295349,0.5782727003097534,-0.38703879714012146,0.5500946044921875,0.5778588652610779,-0.3871520161628723,0.5456427335739136,0.578750491142273,-0.35519176721572876,0.5450152158737183,0.578299880027771,-0.35529011487960815,0.5447465777397156,0.5772496461868286,-0.3553355932235718,0.5574356317520142,0.5680151581764221,-0.45266851782798767,0.5459026098251343,0.5677151083946228,-0.3181830942630768,0.5688371062278748,0.5779559016227722,-0.37013915181159973,0.5652523636817932,0.5782906413078308,-0.32756832242012024,0.6285749077796936,0.5559471845626831,-0.45213958621025085,0.5730205178260803,0.5312595367431641,-0.22119681537151337,0.630959689617157,0.6115904450416565,-0.4991244375705719,0.5332275629043579,0.5870198011398315,-0.1740700900554657,0.5759885311126709,0.6659168004989624,-0.5360068678855896,0.5026995539665222,0.6410313844680786,-0.230446457862854,0.5625966787338257,0.6733071208000183,-0.6099969744682312,0.4875298738479614,0.6459036469459534,-0.24543023109436035,0.5517210960388184,0.6708264350891113,-0.5783771276473999,0.4948364198207855,0.6465374827384949,-0.29650670289993286,0.5604088306427002,0.6684297323226929,-0.5301610827445984,0.501279354095459,0.6459207534790039,-0.2528170645236969,0.7464223504066467,0.5619267821311951,-0.08092319965362549,0.7177485227584839,0.5524435043334961,0.08157841116189957,0.7859949469566345,0.5897256135940552,0.10271938890218735,0.7535540461540222,0.5835295915603638,0.34031063318252563,0.8366328477859497,0.6254313588142395,0.3883843421936035,0.7997549176216125,0.6142244338989258,0.6485471725463867,0.8486188054084778,0.6274368166923523,0.41670629382133484,0.8163200616836548,0.6132174730300903,0.6814004778862,0.8234224915504456,0.6475855112075806,0.38728561997413635,0.781648576259613,0.6339240670204163,0.6583349108695984
60,0.5228103399276733,0.583532452583313,-0.3774164319038391,0.516694962978363,0.5801190137863159,-0.41500523686408997,0.5195404291152954,0.5796220898628235,-0.41519618034362793,0.5211120843887329,0.579169511795044,-0.41528111696243286,0.5136497616767883,0.5799152851104736,-0.38556763529777527,0.5128036737442017,0.57920902967453,-0.3856874704360962,0.5108530521392822,0.5784078240394592,-0.38567081093788147,0.5275571346282959,0.5712963938713074,-0.4887838065624237,0.5143253207206726,0.5681342482566833,-0.3566850423812866,0.5377516746520996,0.5810843706130981,-0.3939788341522217,0.5322241187095642,0.5809647440910339,-0.3544836640357971,0.597745418548584,0.5634008646011353,-0.473022997379303,0.5372483134269714,0.5312133431434631,-0.26214537024497986,0.5797495245933533,0.6227074265480042,-0.5168258547782898,0.5074630975723267,0.5844065546989441,-0.20698560774326324,0.5383093953132629,0.6688008308410645,-0.5539265275001526,0.47175249457359314,0.6434043645858765,-0.25062230229377747,0.5219889283180237,0.6756913065910339,-0.6304351091384888,0.45645442605018616,0.6480959057807922,-0.26405784487724304,0.5150229334831238,0.6738863587379456,-0.6033811569213867,0.4655681252479553,0.6492081880569458,-0.3139491379261017,0.5202139019966125,0.6704875826835632,-0.5501790046691895,0.47451913356781006,0.6491669416427612,-0.2715255618095398,0.7147848606109619,0.5649591684341431,-0.07572721689939499,0.6807167530059814,0.5506153106689453,0.07633677870035172,0.7576627135276794,0.5898543000221252,0.07241486757993698,0.7385852336883545,0.5832855105400085,0.35557976365089417,0.8311706781387329,0.6254592537879944,0.34541019797325134,0.7899037003517151,0.6138215065002441,0.6503316164016724,0.8421241044998169,0.6306585669517517,0.37165048718452454,0.8058444261550903,0.6131985187530518,0.6806946396827698,0.8214336037635803,0.6485508680343628,0.33434945344924927,0.776829719543457,0.633698046207428,0.6545186638832092
61,0.4844711720943451,0.5888827443122864,-0.33016297221183777,0.47834905982017517,0.5850248336791992,-0.36501672863960266,0.47917670011520386,0.5840566754341125,-0.365267276763916,0.48010948300361633,0.5831143260002136,-0.3654197156429291,0.4771379232406616,0.5854458212852478,-0.33017459511756897,0.47697481513023376,0.5847064256668091,-0.33035582304000854,0.4770398437976837,0.5834866762161255,-0.33038538694381714,0.4873681366443634,0.5737371444702148,-0.4416295886039734,0.48276010155677795,0.5732781887054443,-0.28078964352607727,0.4982529878616333,0.5855710506439209,-0.3491292893886566,0.4967932105064392,0.5851331949234009,-0.3024137616157532,0.5480161905288696,0.569076657295227,-0.4597202241420746,0.5167385339736938,0.5431501865386963,-0.1730695217847824,0.5414239168167114,0.629877507686615,-0.5511346459388733,0.4643177390098572,0.5986790657043457,-0.17486236989498138,0.49372121691703796,0.6728705167770386,-0.6102992296218872,0.4358278810977936,0.6495091915130615,-0.2526003122329712,0.4714435636997223,0.6793218851089478,-0.6823042035102844,0.4197571277618408,0.6542363166809082,-0.26134148240089417,0.46294263005256653,0.6773116588592529,-0.6504214406013489,0.42254558205604553,0.6555444002151489,-0.30828210711479187,0.47095587849617004,0.6742705702781677,-0.6042158603668213,0.4317522644996643,0.6553074717521667,-0.2734757661819458,0.7011944055557251,0.5620018243789673,-0.08075570315122604,0.6649433374404907,0.5532466769218445,0.08119824528694153,0.7615339756011963,0.5935094952583313,-0.09017594903707504,0.636515736579895,0.5839370489120483,0.08120898902416229,0.8282167911529541,0.6345254182815552,0.0678083747625351,0.6429871916770935,0.6251223683357239,0.17863942682743073,0.8408879637718201,0.6342872381210327,0.08420456945896149,0.6564217805862427,0.6299024820327759,0.18872922658920288,0.817327618598938,0.666243314743042,0.03527088463306427,0.5942069292068481,0.6460227370262146,0.14463278651237488
62,0.4421602487564087,0.5884089469909668,-0.2915823459625244,0.43583160638809204,0.585375189781189,-0.3191932439804077,0.437303364276886,0.5844154953956604,-0.3193820118904114,0.43892204761505127,0.5835863351821899,-0.31944411993026733,0.43466758728027344,0.5850986242294312,-0.2900916337966919,0.4352107048034668,0.5842459797859192,-0.29022499918937683,0.4360596835613251,0.5832691192626953,-0.29019084572792053,0.45179998874664307,0.5736840963363647,-0.3704566955566406,0.4477602541446686,0.5736567378044128,-0.23974499106407166,0.45803484320640564,0.5843669772148132,-0.3046566843986511,0.45181745290756226,0.5833231210708618,-0.2662913203239441,0.5098931789398193,0.5737193822860718,-0.4185636639595032,0.48412805795669556,0.5545371770858765,-0.12584389746189117,0.5016036033630371,0.6356202960014343,-0.5356736779212952,0.4330163300037384,0.6062562465667725,-0.12702669203281403,0.4423198997974396,0.6701058745384216,-0.5702210664749146,0.398944228887558,0.6504503488540649,-0.2126380354166031,0.42149263620376587,0.6800577044487,-0.6320106387138367,0.37296053767204285,0.655682384967804,-0.2178637832403183,0.42073652148246765,0.6742114424705505,-0.6194103956222534,0.3760426938533783,0.6564810872077942,-0.257350891828537,0.4296026825904846,0.6727546453475952,-0.5690378546714783,0.3870447278022766,0.6559033989906311,-0.2308259755373001,0.6894288659095764,0.5610476732254028,-0.08220846951007843,0.6489726305007935,0.556507408618927,0.08251882344484329,0.7686498165130615,0.6116105318069458,-0.04217665269970894,0.5687699913978577,0.5902038812637329,0.16581310331821442,0.8044270873069763,0.601438581943512,0.21650172770023346,0.49774131178855896,0.6312707662582397,0.262816846370697,0.7996197938919067,0.5941277742385864,0.25287967920303345,0.4974692761898041,0.6397518515586853,0.2684076428413391,0.8146580457687378,0.6145339608192444,0.27262428402900696,0.435837060213089,0.6427599191665649,0.2452407032251358
63,0.4139837622642517,0.5974417924880981,-0.27300015091896057,0.40855270624160767,0.5917074084281921,-0.3024021089076996,0.40974289178848267,0.5904399752616882,-0.30249282717704773,0.4110320508480072,0.5891658663749695,-0.30248749256134033,0.4068790376186371,0.592082142829895,-0.26511114835739136,0.40682876110076904,0.5910114049911499,-0.2651814818382263,0.4068952202796936,0.5894283056259155,-0.2651202380657196,0.4223082661628723,0.5793358087539673,-0.36302968859672546,0.41586023569107056,0.5793973803520203,-0.19512416422367096,0.4271955192089081,0.592749297618866,-0.2898153066635132,0.42361533641815186,0.5936719179153442,-0.24093857407569885,0.4846852719783783,0.5776793956756592,-0.42089539766311646,0.45301687717437744,0.5619681477546692,-0.07034093886613846,0.4791583716869354,0.6372779011726379,-0.5318938493728638,0.4062025845050812,0.612503707408905,-0.05626048147678375,0.42788174748420715,0.6713770627975464,-0.5525784492492676,0.3743450939655304,0.6522518396377563,-0.15583494305610657,0.41165411472320557,0.6807801127433777,-0.6100329160690308,0.36144325137138367,0.6598156690597534,-0.16183403134346008,0.40511295199394226,0.6762070059776306,-0.6061990261077881,0.364530086517334,0.6597679853439331,-0.19779953360557556,0.40797102451324463,0.6739687323570251,-0.5513718128204346,0.3733649253845215,0.658561646938324,-0.17373396456241608,0.6644560694694519,0.5603909492492676,-0.09665679931640625,0.6185239553451538,0.5588211417198181,0.09704066067934036,0.7502644658088684,0.6237187385559082,-0.09475912153720856,0.5127248764038086,0.5993044972419739,0.17353348433971405,0.7738744020462036,0.6088107824325562,0.18805885314941406,0.43989574909210205,0.648375391960144,0.22516778111457825,0.7676650285720825,0.5980652570724487,0.22090886533260345,0.4371595084667206,0.6561773419380188,0.22494085133075714,0.7892990112304688,0.6263750195503235,0.25400280952453613,0.37793296575546265,0.6447075605392456,0.19524604082107544
64,0.3827732801437378,0.5999059677124023,-0.3168678283691406,0.38020703196525574,0.5937453508377075,-0.3447263240814209,0.38223910331726074,0.5925809741020203,-0.3447907269001007,0.3854919970035553,0.5908389091491699,-0.3447578549385071,0.37665387988090515,0.5942317247390747,-0.2885788381099701,0.37602266669273376,0.5928794741630554,-0.28874820470809937,0.37563788890838623,0.5916944742202759,-0.2886514663696289,0.39846932888031006,0.5814584493637085,-0.39855948090553284,0.3860684633255005,0.5817467570304871,-0.21823877096176147,0.3982647657394409,0.5959637761116028,-0.33349236845970154,0.39200133085250854,0.5972930192947388,-0.26019126176834106,0.4659775495529175,0.5804523825645447,-0.462677001953125,0.41869688034057617,0.5669654011726379,-0.07914561778306961,0.458830863237381,0.6396209001541138,-0.5610570907592773,0.38146212697029114,0.6145824193954468,-0.030434083193540573,0.4021335542201996,0.6732068061828613,-0.5605641007423401,0.34949320554733276,0.6559548377990723,-0.1617935746908188,0.3852635324001312,0.6815035343170166,-0.6285298466682434,0.3299102783203125,0.6620441675186157,-0.17809106409549713,0.3772633373737335,0.6782776117324829,-0.6201269626617432,0.33282890915870667,0.661467969417572,-0.2188136875629425,0.3829638957977295,0.6752179861068726,-0.559761643409729,0.3437029719352722,0.6605879068374634,-0.1825633943080902,0.6340882778167725,0.5675762891769409,-0.12453079223632812,0.5845051407814026,0.5669810771942139,0.12502938508987427,0.7268297672271729,0.6311572790145874,-0.09256662428379059,0.4901857078075409,0.6130008697509766,0.1482890397310257,0.7884079217910767,0.6212766766548157,0.1783771514892578,0.5539575219154358,0.6137369275093079,0.28604239225387573,0.7845157384872437,0.6045902967453003,0.20819100737571716,0.5623676180839539,0.6106817126274109,0.29771751165390015,0.8174368739128113,0.6330839991569519,0.20842894911766052,0.45478522777557373,0.623062252998352,0.28052639961242676
65,0.36097046732902527,0.5969539284706116,-0.40269842743873596,0.36101993918418884,0.5911403894424438,-0.4298052191734314,0.36363720893859863,0.590041995048523,-0.4299044609069824,0.36615321040153503,0.5886442065238953,-0.42989030480384827,0.35470232367515564,0.5916013121604919,-0.38805049657821655,0.3542422950267792,0.5905574560165405,-0.38826367259025574,0.35396435856819153,0.5895816683769226,-0.3882859945297241,0.38059255480766296,0.5799861550331116,-0.4692496955394745,0.36576157808303833,0.5804927349090576,-0.2851168215274811,0.37713855504989624,0.5940090417861938,-0.41158366203308105,0.37107881903648376,0.5951641798019409,-0.35653021931648254,0.4540044069290161,0.583711564540863,-0.5052191019058228,0.4006422758102417,0.5684401988983154,-0.1280137449502945,0.43853089213371277,0.6450818181037903,-0.5867949724197388,0.3659443259239197,0.6156132817268372,-0.061975061893463135,0.3877570331096649,0.673429012298584,-0.5824922919273376,0.33597272634506226,0.6584879159927368,-0.20527593791484833,0.36116859316825867,0.6832826733589172,-0.654573917388916,0.3133545219898224,0.6649312973022461,-0.2334645390510559,0.35309898853302,0.6780878305435181,-0.6489256024360657,0.3156559467315674,0.6648802757263184,-0.27597320079803467,0.3606413006782532,0.6749277710914612,-0.5842469930648804,0.3273445963859558,0.6635652184486389,-0.22843748331069946,0.611975371837616,0.577263355255127,-0.11784413456916809,0.5675534605979919,0.575433075428009,0.1183968335390091,0.7163897752761841,0.6279338598251343,0.022866500541567802,0.5046647191047668,0.6205140352249146,0.16147509217262268,0.8102583885192871,0.6281600594520569,0.3069443702697754,0.5947442650794983,0.6152673959732056,0.4094682037830353,0.8281416893005371,0.6109949350357056,0.33485645055770874,0.6164965629577637,0.6107409000396729,0.43376538157463074,0.842598021030426,0.6417480707168579,0.2888443171977997,0.6108636856079102,0.6239944100379944,0.4120510220527649
66,0.34594374895095825,0.5972549319267273,-0.398909330368042,0.3442721664905548,0.5914201140403748,-0.42597562074661255,0.3465914726257324,0.590612530708313,-0.42610669136047363,0.34973403811454773,0.5897182822227478,-0.42609789967536926,0.3402949273586273,0.5917158722877502,-0.3871632516384125,0.3400114178657532,0.5909754037857056,-0.38736584782600403,0.34010177850723267,0.5902384519577026,-0.38737547397613525,0.36396926641464233,0.5820674896240234,-0.466143935918808,0.35198017954826355,0.5817755460739136,-0.29102304577827454,0.3624040484428406,0.5963733196258545,-0.40812671184539795,0.35631895065307617,0.5969849824905396,-0.35690638422966003,0.4449194073677063,0.5877395272254944,-0.49830806255340576,0.3890343904495239,0.5713220834732056,-0.14943693578243256,0.4227643609046936,0.6506314873695374,-0.5805660486221313,0.3531014919281006,0.6170042753219604,-0.09508757293224335,0.36427706480026245,0.6758285760879517,-0.5861506462097168,0.31461358070373535,0.6581907868385315,-0.23085206747055054,0.34709686040878296,0.6844209432601929,-0.6568077206611633,0.29263749718666077,0.6649224162101746,-0.25796693563461304,0.3386896848678589,0.681348443031311,-0.6495749354362488,0.294834166765213,0.6642208099365234,-0.2990491986274719,0.34458810091018677,0.6768661141395569,-0.5876468420028687,0.30776122212409973,0.663189709186554,-0.25261390209198,0.6018601059913635,0.5923832654953003,-0.11358792334794998,0.5558959245681763,0.5869119763374329,0.11405980587005615,0.6428012251853943,0.6529579758644104,0.0069721355102956295,0.49873068928718567,0.6373383402824402,0.14987081289291382,0.723030149936676,0.6352514028549194,0.33559155464172363,0.5961025953292847,0.6227823495864868,0.3785909116268158,0.7299448847770691,0.6252743005752563,0.3714297115802765,0.6165149807929993,0.6111806035041809,0.39893287420272827,0.7482993006706238,0.647771954536438,0.3796815276145935,0.6228763461112976,0.6336960196495056,0.3864986002445221
67,0.338919460773468,0.599146842956543,-0.350832462310791,0.33640336990356445,0.5936753153800964,-0.37547042965888977,0.33908161520957947,0.5924738645553589,-0.3755966126918793,0.3416523337364197,0.5918247103691101,-0.3756215274333954,0.3314666748046875,0.5936365127563477,-0.3379597067832947,0.3312106430530548,0.5925885438919067,-0.3381464183330536,0.3310542106628418,0.5919412970542908,-0.33819910883903503,0.3559199571609497,0.5848668217658997,-0.4238147437572479,0.3419482707977295,0.5847679376602173,-0.25557103753089905,0.3546621799468994,0.5991193056106567,-0.3642166554927826,0.348744660615921,0.5993174314498901,-0.31507575511932373,0.4360947906970978,0.5933443903923035,-0.4627551734447479,0.37327682971954346,0.5759979486465454,-0.1410418301820755,0.41132408380508423,0.6497693061828613,-0.5426667332649231,0.33711889386177063,0.618093729019165,-0.09006209671497345,0.35326889157295227,0.6783621907234192,-0.5442302823066711,0.2991408109664917,0.6587139964103699,-0.19454343616962433,0.323301762342453,0.686371922492981,-0.6063026189804077,0.2774257957935333,0.6647753119468689,-0.2159489244222641,0.3230878710746765,0.681800365447998,-0.5995655655860901,0.28063341975212097,0.6642645001411438,-0.25158777832984924,0.32423946261405945,0.678962767124176,-0.5458055138587952,0.2926408052444458,0.6636877655982971,-0.2135903686285019,0.5795336961746216,0.6060009002685547,-0.10466879606246948,0.5448060035705566,0.6002628803253174,0.10518425703048706,0.5439863801002502,0.6414350867271423,-0.02169211022555828,0.5124326944351196,0.6469677090644836,0.15263065695762634,0.6212995052337646,0.6383757591247559,0.29922154545783997,0.6275198459625244,0.6514890789985657,0.3694709837436676,0.628984808921814,0.6342747211456299,0.32998764514923096,0.6427610516548157,0.6478232145309448,0.38864514231681824,0.6466631293296814,0.6506138443946838,0.3528602719306946,0.6596627831459045,0.6703521013259888,0.3807142376899719
68,0.3266138434410095,0.6021267771720886,-0.36286085844039917,0.3262106478214264,0.5961658358573914,-0.3922353982925415,0.32853445410728455,0.5954238176345825,-0.39238861203193665,0.33090940117836,0.5948245525360107,-0.39245444536209106,0.321025013923645,0.5959168076515198,-0.3465791344642639,0.3204357922077179,0.595049262046814,-0.3467339873313904,0.3200109601020813,0.594277024269104,-0.3467109799385071,0.34608352184295654,0.5870961546897888,-0.4501725435256958,0.33059900999069214,0.5873363018035889,-0.25389865040779114,0.34348541498184204,0.6025798916816711,-0.37834545969963074,0.335713654756546,0.6025946736335754,-0.319757342338562,0.42070066928863525,0.59476238489151,-0.5111090540885925,0.36726075410842896,0.5837008357048035,-0.10492412745952606,0.38573890924453735,0.6549595594406128,-0.6179154515266418,0.3228316903114319,0.6222983002662659,-0.06742805987596512,0.31899821758270264,0.682346522808075,-0.6193610429763794,0.27371811866760254,0.6620585918426514,-0.19517305493354797,0.28534871339797974,0.6887916326522827,-0.6987006068229675,0.2509121298789978,0.6658580303192139,-0.21946123242378235,0.28399017453193665,0.6826905012130737,-0.6813778877258301,0.25471389293670654,0.6652176380157471,-0.26038333773612976,0.29285433888435364,0.682064414024353,-0.6170071959495544,0.266796350479126,0.6651023626327515,-0.21833735704421997,0.5742839574813843,0.6172358393669128,-0.12206108123064041,0.5450428128242493,0.6097688674926758,0.1225096583366394,0.5632912516593933,0.6551487445831299,-0.013902021571993828,0.5727882981300354,0.6384979486465454,0.23096919059753418,0.6539170742034912,0.6497223973274231,0.3353986442089081,0.7068988084793091,0.6429044008255005,0.4711509346961975,0.666089653968811,0.6431237459182739,0.3695739209651947,0.7260295152664185,0.6318487524986267,0.4923221170902252,0.6775195002555847,0.6701902747154236,0.3645058572292328,0.7349292039871216,0.6594058275222778,0.45325741171836853
69,0.31646138429641724,0.612263023853302,-0.40664273500442505,0.3157423138618469,0.6059513688087463,-0.44013240933418274,0.3178243041038513,0.6052122116088867,-0.4403007924556732,0.31976577639579773,0.6045525074005127,-0.44035446643829346,0.311868816614151,0.6059661507606506,-0.3936246633529663,0.3113824129104614,0.605105459690094,-0.3938291668891907,0.31132811307907104,0.6037070155143738,-0.39383235573768616,0.33292320370674133,0.5968484878540039,-0.49818259477615356,0.32098764181137085,0.5953070521354675,-0.28986841440200806,0.3321181535720825,0.6107245087623596,-0.4207105040550232,0.3247329592704773,0.6109582185745239,-0.35976552963256836,0.4074540436267853,0.6021608114242554,-0.5497845411300659,0.35840195417404175,0.5855978727340698,-0.1252903789281845,0.35005420446395874,0.6661220788955688,-0.6613430976867676,0.3035913109779358,0.6269457936286926,-0.07630196213722229,0.2756315767765045,0.685388445854187,-0.6646604537963867,0.243866428732872,0.6651599407196045,-0.24282537400722504,0.25213590264320374,0.6891731023788452,-0.7454360723495483,0.21878886222839355,0.6686250567436218,-0.276488721370697,0.24603453278541565,0.6851835250854492,-0.7369499206542969,0.2227453589439392,0.6677291989326477,-0.3172672390937805,0.25544336438179016,0.683066725730896,-0.6653414368629456,0.23309873044490814,0.6677363514900208,-0.2672421932220459,0.5725663304328918,0.6255366206169128,-0.1200348436832428,0.5284314155578613,0.621529221534729,0.12054906785488129,0.6598056554794312,0.6486318111419678,0.0641743466258049,0.4688204824924469,0.6468358039855957,0.1734563708305359,0.7800613641738892,0.6401230096817017,0.4191938042640686,0.5986880660057068,0.6432152986526489,0.44211941957473755,0.7894122004508972,0.6354175209999084,0.45357099175453186,0.6239213347434998,0.6346215009689331,0.46745583415031433,0.8071954250335693,0.654462456703186,0.3965456783771515,0.6154645681381226,0.6664735674858093,0.42745882272720337
70,0.30687376856803894,0.6221615076065063,-0.4488145112991333,0.306995689868927,0.6170148253440857,-0.4841330647468567,0.30902236700057983,0.6164284944534302,-0.4843501150608063,0.3117624521255493,0.6158965826034546,-0.48441946506500244,0.30350977182388306,0.6163431406021118,-0.43728145956993103,0.3031744360923767,0.6151943802833557,-0.43746456503868103,0.3030538260936737,0.6139283180236816,-0.4374564588069916,0.3246658444404602,0.609306812286377,-0.5453471541404724,0.31397923827171326,0.6050331592559814,-0.3346446454524994,0.3243694305419922,0.6222797632217407,-0.4628573954105377,0.31692132353782654,0.6209717988967896,-0.4013857841491699,0.39748767018318176,0.6145910024642944,-0.5906112790107727,0.3496335446834564,0.5930842757225037,-0.17135745286941528,0.3319476544857025,0.6701678037643433,-0.7199624180793762,0.2853317856788635,0.631531298160553,-0.13679172098636627,0.2519841194152832,0.6857913136482239,-0.7446669936180115,0.22845390439033508,0.6689848899841309,-0.3156902492046356,0.22499381005764008,0.6932850480079651,-0.8315401077270508,0.20337429642677307,0.6749793291091919,-0.3536437153816223,0.2208370417356491,0.6888097524642944,-0.8209884762763977,0.21393389999866486,0.6731734871864319,-0.393736869096756,0.2310180813074112,0.6862956285476685,-0.7450664043426514,0.21945084631443024,0.6732447147369385,-0.3403412699699402,0.5602238774299622,0.6349157691001892,-0.1180834248661995,0.5149739384651184,0.627324104309082,0.11860214918851852,0.6561956405639648,0.648520827293396,0.13835225999355316,0.4199916124343872,0.6418600082397461,0.18572591245174408,0.7623620629310608,0.6382750272750854,0.5577281713485718,0.5005509853363037,0.6417470574378967,0.5042917728424072,0.7756739854812622,0.6344903111457825,0.5992844104766846,0.5197279453277588,0.6375199556350708,0.5352574586868286,0.7988064885139465,0.6487382650375366,0.5552985072135925,0.4984772205352783,0.6618834733963013,0.5039986371994019
71,0.3018644452095032,0.6326776742935181,-0.29274871945381165,0.29749324917793274,0.6274831891059875,-0.33073368668556213,0.29859715700149536,0.6272172331809998,-0.33086568117141724,0.3004918694496155,0.6269791126251221,-0.33090507984161377,0.29553890228271484,0.6261478066444397,-0.28370529413223267,0.2953804135322571,0.6249017119407654,-0.2837989926338196,0.2952914834022522,0.6236676573753357,-0.28375640511512756,0.3100263178348541,0.621123731136322,-0.4212917387485504,0.3049691617488861,0.6154987215995789,-0.20877692103385925,0.3161414861679077,0.63313227891922,-0.3175620138645172,0.3132071793079376,0.630530059337616,-0.25581303238868713,0.37096893787384033,0.6312265992164612,-0.4955017864704132,0.3487086892127991,0.5995633006095886,-0.062449101358652115,0.3223765194416046,0.6755486130714417,-0.6093358993530273,0.27646493911743164,0.6389119625091553,-0.017537301406264305,0.22908641397953033,0.6869596242904663,-0.6012423038482666,0.21524383127689362,0.6718846559524536,-0.14597728848457336,0.19327983260154724,0.6927053928375244,-0.6774061918258667,0.18986409902572632,0.676356315612793,-0.1679748147726059,0.1936689019203186,0.6893054246902466,-0.6588742733001709,0.19169646501541138,0.6752802729606628,-0.20507198572158813,0.2045528143644333,0.6869235634803772,-0.5971793532371521,0.2017691731452942,0.6756995916366577,-0.16845451295375824,0.5550574660301208,0.6440184712409973,-0.11699778586626053,0.5238674879074097,0.6325348615646362,0.11751263588666916,0.6539137363433838,0.6496497988700867,0.12485919892787933,0.45206117630004883,0.6432079672813416,0.27680641412734985,0.762798547744751,0.6390038132667542,0.4943740963935852,0.5428655743598938,0.6480309367179871,0.5634059309959412,0.776758074760437,0.6356842517852783,0.5304324626922607,0.561659574508667,0.6452652215957642,0.5900166630744934,0.7992156744003296,0.6456606984138489,0.5023508667945862,0.5480585098266602,0.6638200283050537,0.5775671005249023
72,0.29443809390068054,0.6425896883010864,-0.20941926538944244,0.28889405727386475,0.6384874582290649,-0.24996913969516754,0.28961625695228577,0.6383858919143677,-0.25011274218559265,0.29132750630378723,0.6383098363876343,-0.2501850724220276,0.28756847977638245,0.6366254091262817,-0.20512212812900543,0.2873837649822235,0.6352227926254272,-0.20515255630016327,0.2874559760093689,0.6334398984909058,-0.20504319667816162,0.2998577058315277,0.6332181692123413,-0.35233524441719055,0.2980036735534668,0.6260508298873901,-0.15130682289600372,0.3062824606895447,0.6430652141571045,-0.2389555424451828,0.3050808608531952,0.6395612955093384,-0.1805727481842041,0.3529014587402344,0.6475200653076172,-0.4416672885417938,0.3542666435241699,0.607577383518219,-0.008172087371349335,0.2745395302772522,0.6808356046676636,-0.5447307825088501,0.27430301904678345,0.6446858644485474,0.022477546706795692,0.20275211334228516,0.6887387633323669,-0.5330102443695068,0.1960461437702179,0.6725850105285645,-0.08726605027914047,0.17155897617340088,0.6940804123878479,-0.6096884608268738,0.17324189841747284,0.6761652231216431,-0.10077039152383804,0.171708345413208,0.6898595094680786,-0.5877206325531006,0.18277320265769958,0.6746811866760254,-0.13760660588741302,0.1828049272298813,0.688428521156311,-0.528177797794342,0.18311907351016998,0.6760976910591125,-0.10911031067371368,0.5541605949401855,0.6500040888786316,-0.1168731153011322,0.5294959545135498,0.6319925785064697,0.11727210134267807,0.6568115949630737,0.6519712209701538,0.10875435173511505,0.4585396349430084,0.631727397441864,0.3578329384326935,0.7999478578567505,0.6389308571815491,0.3933697044849396,0.4902542531490326,0.6461328268051147,0.5747216939926147,0.8107605576515198,0.6319432854652405,0.424061119556427,0.5051710605621338,0.6437215209007263,0.5934786200523376,0.8200219869613647,0.6451026201248169,0.4034619629383087,0.4609522521495819,0.6510406136512756,0.5873661041259766
73,0.29482969641685486,0.6512395143508911,-0.28427523374557495,0.2886136472225189,0.6457019448280334,-0.3218536376953125,0.289404034614563,0.6451082229614258,-0.3220057785511017,0.291103333234787,0.6446455121040344,-0.32206231355667114,0.2867576479911804,0.644046425819397,-0.2757091820240021,0.2862290143966675,0.6427487134933472,-0.2758171856403351,0.2857675552368164,0.6415396928787231,-0.2757578194141388,0.2999889850616455,0.6380987763404846,-0.4073006510734558,0.29439422488212585,0.6331583261489868,-0.20237210392951965,0.3082837760448456,0.6498908400535583,-0.3076297640800476,0.30386781692504883,0.6481698751449585,-0.24812589585781097,0.35545098781585693,0.6435431241989136,-0.5171970129013062,0.33995312452316284,0.615359902381897,-0.05807095021009445,0.29151999950408936,0.6769014000892639,-0.657103955745697,0.2599155008792877,0.6492798328399658,-0.021733850240707397,0.20349915325641632,0.6871103048324585,-0.6927828192710876,0.1840926706790924,0.6730374097824097,-0.18798620998859406,0.17861315608024597,0.6900569796562195,-0.7861154079437256,0.1579967737197876,0.6759945750236511,-0.22745361924171448,0.17232270538806915,0.6862003207206726,-0.7735792398452759,0.15685559809207916,0.675230860710144,-0.25818026065826416,0.18485872447490692,0.6857724785804749,-0.693569004535675,0.1683090329170227,0.6759963631629944,-0.21179279685020447,0.5565488338470459,0.6472588777542114,-0.1311914622783661,0.532106339931488,0.6321283578872681,0.13138769567012787,0.6704700589179993,0.6493223309516907,0.09717591851949692,0.5889780521392822,0.6196752786636353,0.4717259705066681,0.8035356998443604,0.6347350478172302,0.39137405157089233,0.676670491695404,0.6197038292884827,0.7573089599609375,0.8162088990211487,0.6265815496444702,0.4187438189983368,0.6942938566207886,0.6177338361740112,0.7809839248657227,0.8234559893608093,0.6450988054275513,0.3497806191444397,0.6876385807991028,0.6305583715438843,0.7513926029205322
74,0.2890774607658386,0.6563073396682739,-0.2383291870355606,0.28226977586746216,0.6504515409469604,-0.2796610891819,0.28293731808662415,0.6500715613365173,-0.27980583906173706,0.283765584230423,0.6497852802276611,-0.27991119027137756,0.28093963861465454,0.648804247379303,-0.22963830828666687,0.28067344427108765,0.6473353505134583,-0.22976379096508026,0.28040027618408203,0.6460555791854858,-0.2297222912311554,0.2947954535484314,0.6450274586677551,-0.39605242013931274,0.28947344422340393,0.6381478309631348,-0.16964063048362732,0.30275100469589233,0.6558904647827148,-0.2733447849750519,0.2992295026779175,0.652817964553833,-0.20724771916866302,0.34888502955436707,0.6481188535690308,-0.49321311712265015,0.3322492241859436,0.6206010580062866,-0.034957241266965866,0.2742190957069397,0.6748528480529785,-0.6422404646873474,0.25145623087882996,0.6548370122909546,0.024798545986413956,0.18766678869724274,0.6852512955665588,-0.6625258922576904,0.16547095775604248,0.6750091314315796,-0.15065991878509521,0.1582593321800232,0.6865987777709961,-0.7476509809494019,0.14410468935966492,0.6769627928733826,-0.18177573382854462,0.15534450113773346,0.6829262375831604,-0.7339894771575928,0.13714191317558289,0.6767832636833191,-0.21800123155117035,0.16064856946468353,0.6834458112716675,-0.6617725491523743,0.146687850356102,0.6770989298820496,-0.17492537200450897,0.5558775663375854,0.6461241841316223,-0.13670621812343597,0.531583309173584,0.6313022971153259,0.137001171708107,0.6774872541427612,0.6460469365119934,0.11768945306539536,0.5694977045059204,0.6192057132720947,0.5180522203445435,0.8056339025497437,0.6326242685317993,0.402915358543396,0.641177773475647,0.6174950003623962,0.8175466656684875,0.8190939426422119,0.6246567964553833,0.4243848919868469,0.6561816930770874,0.6154528260231018,0.8428493738174438,0.8281501531600952,0.6427265405654907,0.3677048683166504,0.6518428325653076,0.6264233589172363,0.8282434940338135
75,0.29065942764282227,0.6636834740638733,-0.20307230949401855,0.2809041440486908,0.658886194229126,-0.24607819318771362,0.2813410758972168,0.6584164500236511,-0.24618424475193024,0.28176847100257874,0.6573140621185303,-0.24626751244068146,0.27977707982063293,0.6565884947776794,-0.19470375776290894,0.2794775664806366,0.6549511551856995,-0.19483579695224762,0.27915680408477783,0.6534676551818848,-0.19477316737174988,0.2915690243244171,0.6507554650306702,-0.36964938044548035,0.2878706455230713,0.6447630524635315,-0.13584087789058685,0.30308374762535095,0.6621310114860535,-0.240140900015831,0.3010176420211792,0.6590222716331482,-0.1720484048128128,0.34679779410362244,0.6496211290359497,-0.47049394249916077,0.32688620686531067,0.6239802241325378,-0.0020096588414162397,0.2791730761528015,0.6747172474861145,-0.5835608839988708,0.2559686303138733,0.6549455523490906,0.08203829079866409,0.19531485438346863,0.6837540864944458,-0.5847820043563843,0.18076570332050323,0.6747987270355225,-0.08270446211099625,0.16461850702762604,0.6860805749893188,-0.6642323136329651,0.15182006359100342,0.6779589056968689,-0.11195103079080582,0.16257476806640625,0.6829666495323181,-0.6524351835250854,0.1494779884815216,0.6763957738876343,-0.15108807384967804,0.17644938826560974,0.6824867725372314,-0.5827957391738892,0.1567089855670929,0.6782063245773315,-0.10774527490139008,0.5578637719154358,0.6454338431358337,-0.14128096401691437,0.5329887866973877,0.6314235925674438,0.14160583913326263,0.6775690913200378,0.6453934907913208,0.12852171063423157,0.6198725700378418,0.626017153263092,0.5327608585357666,0.7985153198242188,0.6316652297973633,0.42169398069381714,0.7141304016113281,0.6188405156135559,0.8283292055130005,0.8111820816993713,0.6203511357307434,0.44674113392829895,0.7297437787055969,0.616047739982605,0.8524077534675598,0.8279222249984741,0.6445822715759277,0.3739655911922455,0.7395198345184326,0.6294294595718384,0.8249502182006836
76,0.2859572768211365,0.6663721203804016,-0.18134212493896484,0.27530401945114136,0.6623309254646301,-0.22233399748802185,0.2755137085914612,0.6618958115577698,-0.2224394977092743,0.2755622863769531,0.6613507866859436,-0.22255785763263702,0.27479246258735657,0.6600561738014221,-0.17234788835048676,0.2747277021408081,0.658336341381073,-0.17248472571372986,0.27455979585647583,0.656722903251648,-0.17241430282592773,0.2856524884700775,0.6539549231529236,-0.33942967653274536,0.28310373425483704,0.6475813984870911,-0.11162714660167694,0.29794803261756897,0.6647237539291382,-0.2163267731666565,0.2958914637565613,0.6614324450492859,-0.1500672698020935,0.33753854036331177,0.6529827117919922,-0.4453332722187042,0.32287856936454773,0.6282498836517334,0.020986376330256462,0.25000911951065063,0.6755872368812561,-0.5549802184104919,0.2442864328622818,0.6577759385108948,0.11663839221000671,0.16404864192008972,0.6866812705993652,-0.5495152473449707,0.16130688786506653,0.6762343645095825,-0.04300214350223541,0.1370156854391098,0.6903278827667236,-0.6242742538452148,0.1344837099313736,0.6786816716194153,-0.07168862223625183,0.13004916906356812,0.6871711015701294,-0.6106493473052979,0.1315697729587555,0.6786375641822815,-0.11042916774749756,0.14100944995880127,0.6865518093109131,-0.5460898876190186,0.14110301434993744,0.6794781684875488,-0.06791044026613235,0.5564268231391907,0.6450768709182739,-0.1435927450656891,0.532846212387085,0.6329394578933716,0.14394676685333252,0.68143630027771,0.6452340483665466,0.1241920068860054,0.6157050132751465,0.6310808658599854,0.5261542201042175,0.8004485368728638,0.6314355134963989,0.42007195949554443,0.6977774500846863,0.6189103126525879,0.8202281594276428,0.8128657937049866,0.6208397746086121,0.44500723481178284,0.7112584710121155,0.6161202788352966,0.8440232872962952,0.8291930556297302,0.6449766755104065,0.37218204140663147,0.7247601747512817,0.6280761957168579,0.8243329524993896
77,0.2870001196861267,0.6657665967941284,-0.2110355645418167,0.2762443423271179,0.6629995107650757,-0.2521402835845947,0.2763287127017975,0.6626611351966858,-0.2522428035736084,0.27619779109954834,0.6623150110244751,-0.2523472011089325,0.27580612897872925,0.661256730556488,-0.2026253342628479,0.27556362748146057,0.6591583490371704,-0.20277199149131775,0.27512457966804504,0.6576254367828369,-0.20269107818603516,0.2841692864894867,0.6550307869911194,-0.3639494478702545,0.2815507650375366,0.6484798192977905,-0.13967524468898773,0.29708191752433777,0.6641637682914734,-0.2442668080329895,0.2962522506713867,0.6616780161857605,-0.1787584275007248,0.3319621682167053,0.6558486223220825,-0.4551314115524292,0.31986942887306213,0.6281390190124512,-0.0007380302413366735,0.2391768991947174,0.6764878034591675,-0.5893847346305847,0.2399439960718155,0.6574093103408813,0.08152049034833908,0.14441421627998352,0.6894850134849548,-0.6094287633895874,0.14822976291179657,0.67621910572052,-0.08137668669223785,0.11601736396551132,0.6915470361709595,-0.6942271590232849,0.11980824917554855,0.6785701513290405,-0.08592198044061661,0.11354470998048782,0.6888512372970581,-0.6786050200462341,0.11808593571186066,0.6783300638198853,-0.13020172715187073,0.1229596808552742,0.6882575154304504,-0.6055876612663269,0.12343291193246841,0.6791749596595764,-0.09912405908107758,0.55439692735672,0.644749641418457,-0.14644423127174377,0.5330513715744019,0.6324893832206726,0.14683391153812408,0.6831851005554199,0.6450015902519226,0.11243078112602234,0.6277956366539001,0.6320319771766663,0.5136277675628662,0.8111013770103455,0.6301098465919495,0.39924439787864685,0.7166348695755005,0.618623673915863,0.7979460954666138,0.8174928426742554,0.6194480657577515,0.4247467517852783,0.7324544191360474,0.6158281564712524,0.8199971318244934,0.8427055478096008,0.6456722021102905,0.34202301502227783,0.7415016889572144,0.6291460394859314,0.7826529741287231
78,0.2847425639629364,0.6679583191871643,-0.08987189084291458,0.27378764748573303,0.6649943590164185,-0.1238815188407898,0.2739047408103943,0.6645643711090088,-0.12381383776664734,0.2736065983772278,0.6640257239341736,-0.12383443117141724,0.2732371389865875,0.6631872057914734,-0.07568873465061188,0.27296459674835205,0.661342203617096,-0.07578615844249725,0.2722916901111603,0.6595669388771057,-0.07565988600254059,0.2797914743423462,0.6567592024803162,-0.2274768203496933,0.2769129276275635,0.6498108506202698,-0.009748660959303379,0.29511770606040955,0.6657604575157166,-0.1240675151348114,0.2927488684654236,0.6628948450088501,-0.060476191341876984,0.32559698820114136,0.6567566990852356,-0.35190027952194214,0.32059624791145325,0.6293667554855347,0.11318247020244598,0.23410019278526306,0.6776005029678345,-0.4676385223865509,0.2412380576133728,0.6563552618026733,0.21762540936470032,0.12525324523448944,0.6912268400192261,-0.4426194131374359,0.15585534274578094,0.6752457022666931,0.08577562123537064,0.10036450624465942,0.6923552751541138,-0.49901363253593445,0.1283556967973709,0.6767594814300537,0.06883369386196136,0.09989118576049805,0.6891447901725769,-0.4863586723804474,0.11737211793661118,0.678134560585022,0.031679946929216385,0.10409849882125854,0.6890426278114319,-0.4382864236831665,0.13115784525871277,0.6778005361557007,0.062132321298122406,0.5471762418746948,0.6453635692596436,-0.14622381329536438,0.5329972505569458,0.6324703693389893,0.14669159054756165,0.6873859167098999,0.6450294852256775,-0.06744368374347687,0.6649719476699829,0.6332963109016418,0.29974648356437683,0.8186953067779541,0.6310526132583618,0.06904761493206024,0.8020066022872925,0.6188560128211975,0.42863595485687256,0.8317626714706421,0.6198198199272156,0.07762802392244339,0.8104622960090637,0.6165360808372498,0.43300339579582214,0.8543731570243835,0.6485919952392578,-0.020267723128199577,0.8284685611724854,0.6369004249572754,0.3698897957801819
79,0.28406602144241333,0.6696139574050903,-0.08571582287549973,0.2748439908027649,0.667978048324585,-0.12060662358999252,0.2749002277851105,0.667777419090271,-0.12053719907999039,0.27454549074172974,0.6675377488136292,-0.1205822005867958,0.27192479372024536,0.6661272644996643,-0.07237712293863297,0.27149850130081177,0.6638231873512268,-0.07248090952634811,0.2705512046813965,0.6621190309524536,-0.07234833389520645,0.27778488397598267,0.6597527265548706,-0.22667910158634186,0.27705103158950806,0.6530565619468689,-0.008910479955375195,0.2946804463863373,0.6670486927032471,-0.12001170217990875,0.29354017972946167,0.6645649671554565,-0.05641094222664833,0.3158927261829376,0.6570491790771484,-0.3544166386127472,0.3177540600299835,0.6317490935325623,0.11817929148674011,0.222269669175148,0.677496612071991,-0.4829980134963989,0.2317134588956833,0.6560803055763245,0.2093905806541443,0.12063219398260117,0.6916473507881165,-0.47308462858200073,0.15051428973674774,0.6755462288856506,0.04542802274227142,0.09690149873495102,0.6924099326133728,-0.5337557196617126,0.11467556655406952,0.6770526766777039,0.024885866791009903,0.08888201415538788,0.689856767654419,-0.5180391073226929,0.11101749539375305,0.6783885359764099,-0.012659050524234772,0.09950336068868637,0.6897663474082947,-0.46796876192092896,0.12572504580020905,0.678075909614563,0.02090637944638729,0.5398444533348083,0.6454755663871765,-0.1485489457845688,0.5312418341636658,0.6322160959243774,0.14906394481658936,0.6809301376342773,0.6451810598373413,-0.06989026814699173,0.6511034369468689,0.6348230838775635,0.31257742643356323,0.8099361062049866,0.6310993432998657,0.0786961168050766,0.7768552303314209,0.6189366579055786,0.4503459930419922,0.8257982730865479,0.6204452514648438,0.08774130791425705,0.798136830329895,0.6168531179428101,0.4553009867668152,0.8485177159309387,0.648761510848999,-0.001501547172665596,0.8125148415565491,0.6369026899337769,0.40271490812301636
80,0.28467512130737305,0.6687132120132446,-0.08844704180955887,0.27553990483283997,0.6672412157058716,-0.12715797126293182,0.2756293714046478,0.6670677661895752,-0.1271272599697113,0.2753657400608063,0.6668764352798462,-0.12717698514461517,0.2729133069515228,0.6651822924613953,-0.0803973376750946,0.2725159227848053,0.6632393598556519,-0.08051877468824387,0.2716257870197296,0.6616181135177612,-0.08036524802446365,0.2795419991016388,0.6597243547439575,-0.2465970814228058,0.2779819369316101,0.6525209546089172,-0.03469764068722725,0.2951837480068207,0.6663522124290466,-0.12679696083068848,0.2942582070827484,0.6637140512466431,-0.06517800688743591,0.3185320496559143,0.6598042845726013,-0.3720422089099884,0.31901150941848755,0.63148033618927,0.08927225321531296,0.22143545746803284,0.6805007457733154,-0.49046945571899414,0.23202084004878998,0.6561728715896606,0.19417427480220795,0.12331194430589676,0.6936619281768799,-0.48170652985572815,0.1510254442691803,0.6756113171577454,0.04364315792918205,0.09666711091995239,0.6945778727531433,-0.5403076410293579,0.12013669312000275,0.6711879372596741,0.02488102577626705,0.09372694045305252,0.6910224556922913,-0.5258339643478394,0.11627132445573807,0.6762344837188721,-0.014355238527059555,0.10359343141317368,0.690699577331543,-0.47664812207221985,0.12996861338615417,0.6768529415130615,0.019286833703517914,0.5365458726882935,0.6457400321960449,-0.14789757132530212,0.5298448801040649,0.631882905960083,0.14837321639060974,0.6688365340232849,0.6467516422271729,-0.055085472762584686,0.639575719833374,0.6242653131484985,0.31015413999557495,0.7849965691566467,0.6338368058204651,0.08603318780660629,0.7540323138237,0.6190452575683594,0.4567488729953766,0.7962310910224915,0.6247647404670715,0.09594119340181351,0.7728464603424072,0.61709064245224,0.4643194377422333,0.8356372117996216,0.6486684679985046,0.022759877145290375,0.7835144996643066,0.6377387642860413,0.4328457713127136
81,0.28276973962783813,0.6706262230873108,-0.06703153252601624,0.2722521722316742,0.66883385181427,-0.10270211100578308,0.2723405063152313,0.6678913235664368,-0.10264908522367477,0.2719786465167999,0.667411208152771,-0.102723129093647,0.27120205760002136,0.6664658188819885,-0.05680198222398758,0.27110055088996887,0.6646751165390015,-0.05690499022603035,0.27049097418785095,0.6629806756973267,-0.05677194520831108,0.2765315771102905,0.6597138047218323,-0.2129078060388565,0.2762937843799591,0.6536963582038879,-0.006185907870531082,0.2927516996860504,0.6674340963363647,-0.10266181826591492,0.2916732132434845,0.6644741296768188,-0.04232928901910782,0.31465497612953186,0.6589727997779846,-0.34338635206222534,0.31473076343536377,0.6356727480888367,0.1127079576253891,0.21554486453533173,0.6802511215209961,-0.46341672539711,0.22582925856113434,0.6606465578079224,0.21085092425346375,0.1114104613661766,0.6933749914169312,-0.4492940306663513,0.14347214996814728,0.6760613918304443,0.059195831418037415,0.08862192183732986,0.6944226026535034,-0.5037180781364441,0.11354364454746246,0.6714075207710266,0.04142409935593605,0.08721771836280823,0.690911054611206,-0.4894353151321411,0.11070256680250168,0.6770105957984924,0.0038560242392122746,0.09287197142839432,0.6906123161315918,-0.44422322511672974,0.11912339180707932,0.6777255535125732,0.0355013944208622,0.5330096483230591,0.6458515524864197,-0.14787936210632324,0.5283041000366211,0.6318266987800598,0.14838656783103943,0.657612681388855,0.6420624256134033,-0.0764918327331543,0.6397091150283813,0.6342973113059998,0.2943984270095825,0.7738495469093323,0.6344000697135925,0.06653523445129395,0.7569284439086914,0.6252151727676392,0.4167228639125824,0.7846302390098572,0.6256005764007568,0.07635559141635895,0.7746363282203674,0.619748055934906,0.42132842540740967,0.8205540180206299,0.6487446427345276,0.0028078993782401085,0.7893253564834595,0.6388598680496216,0.38100212812423706
82,0.2830284535884857,0.6708289384841919,-0.06949174404144287,0.27277737855911255,0.668728232383728,-0.10600275546312332,0.2728855013847351,0.6681596636772156,-0.10595379769802094,0.2725696861743927,0.6677660942077637,-0.10604123026132584,0.27163606882095337,0.6665014028549194,-0.05790887400507927,0.2715429365634918,0.6647010445594788,-0.05801907181739807,0.2709442675113678,0.662983775138855,-0.05788012221455574,0.2773403227329254,0.6600956320762634,-0.2196185290813446,0.27692458033561707,0.6535323858261108,-0.0024698753841221333,0.2931540906429291,0.6675496101379395,-0.106388621032238,0.29198744893074036,0.6646640300750732,-0.043099481612443924,0.3167765438556671,0.6597434282302856,-0.35079923272132874,0.31525251269340515,0.6364812254905701,0.1145702674984932,0.216205894947052,0.6810029745101929,-0.4796478748321533,0.22386817634105682,0.6618738174438477,0.20438425242900848,0.11620283871889114,0.6931502223014832,-0.47032710909843445,0.13983233273029327,0.6758304834365845,0.04278383031487465,0.08788906037807465,0.6943191289901733,-0.5281447768211365,0.10546962916851044,0.6701482534408569,0.023493649438023567,0.08696511387825012,0.6908098459243774,-0.5142966508865356,0.10272111743688583,0.6759441494941711,-0.014394737780094147,0.09691908210515976,0.6902123689651489,-0.46577462553977966,0.11653554439544678,0.6777122616767883,0.018460465595126152,0.5340832471847534,0.6459182500839233,-0.1477118581533432,0.5302987694740295,0.631515383720398,0.1482212245464325,0.6593721508979797,0.6433556079864502,-0.07642548531293869,0.6518380045890808,0.634074330329895,0.29542598128318787,0.7727488279342651,0.6353853940963745,0.08933468908071518,0.7655702233314514,0.6251890659332275,0.4289180636405945,0.7863267064094543,0.6253570914268494,0.10051092505455017,0.7845883965492249,0.6197739839553833,0.4339277148246765,0.8166310787200928,0.6487341523170471,0.020612716674804688,0.8037858009338379,0.6387265920639038,0.38427814841270447
83,0.28574123978614807,0.67071533203125,-0.05696751922369003,0.2771434485912323,0.6682515144348145,-0.09281880408525467,0.2766989767551422,0.667746901512146,-0.0927458107471466,0.2757975459098816,0.6673730611801147,-0.09284122288227081,0.27758675813674927,0.666225254535675,-0.04409080743789673,0.27506184577941895,0.6646351218223572,-0.04418812692165375,0.2743421196937561,0.6628682017326355,-0.04402969032526016,0.2783677279949188,0.6597966551780701,-0.2039089798927307,0.2803528606891632,0.6545885801315308,0.01566803641617298,0.2947089374065399,0.6674779057502747,-0.09329288452863693,0.2950931191444397,0.6648971438407898,-0.029310422018170357,0.3174841105937958,0.6600700616836548,-0.3465607464313507,0.3181121051311493,0.6398552656173706,0.13818401098251343,0.21698862314224243,0.6815302968025208,-0.48515939712524414,0.22546079754829407,0.6639370918273926,0.21824289858341217,0.11974366754293442,0.6927052736282349,-0.47775158286094666,0.14145077764987946,0.6765366792678833,0.04116107150912285,0.09192220121622086,0.6934366822242737,-0.5371431112289429,0.10869847238063812,0.6770103573799133,0.02182707004249096,0.0893503725528717,0.6907056570053101,-0.5227059125900269,0.10598965734243393,0.6792570948600769,-0.015680260956287384,0.09996446222066879,0.6901582479476929,-0.47334620356559753,0.11710162460803986,0.6789673566818237,0.01656505838036537,0.533862292766571,0.6458972692489624,-0.15220552682876587,0.5305231809616089,0.6320093870162964,0.15273278951644897,0.6570702791213989,0.645960807800293,-0.1178479865193367,0.6489285230636597,0.6366598010063171,0.27181535959243774,0.7749853134155273,0.6353563070297241,0.027618199586868286,0.7779979109764099,0.6251204609870911,0.37689101696014404,0.7881261110305786,0.6259514093399048,0.036574047058820724,0.7865524291992188,0.6199535727500916,0.3788338899612427,0.8207346796989441,0.6496914029121399,-0.062434110790491104,0.8126959204673767,0.639758825302124,0.3137146532535553
84,0.2856546938419342,0.6704745292663574,-0.0456770621240139,0.2762921452522278,0.6682568788528442,-0.0837792381644249,0.27649685740470886,0.6679370403289795,-0.08371056616306305,0.2757423520088196,0.6677490472793579,-0.08379679918289185,0.27648094296455383,0.666167676448822,-0.03495984897017479,0.274709016084671,0.6646066308021545,-0.03503594174981117,0.27397456765174866,0.6627916693687439,-0.0348801352083683,0.27883097529411316,0.6607453227043152,-0.20621484518051147,0.2796919345855713,0.6547412872314453,0.013730360195040703,0.29482799768447876,0.6675126552581787,-0.08602841943502426,0.2951619029045105,0.6648179292678833,-0.021857447922229767,0.3182544410228729,0.6617759466171265,-0.3452299237251282,0.31698450446128845,0.6395081281661987,0.1287517100572586,0.21837185323238373,0.6810990571975708,-0.47432008385658264,0.22477412223815918,0.663385808467865,0.22095610201358795,0.12746809422969818,0.6916837692260742,-0.4608287513256073,0.1442752629518509,0.6746846437454224,0.06284541636705399,0.09881697595119476,0.6929931044578552,-0.5152618885040283,0.11028934270143509,0.6768922209739685,0.045388735830783844,0.09826695919036865,0.6898941993713379,-0.5042483806610107,0.10934845358133316,0.6789296865463257,0.007434890139847994,0.10504531860351562,0.6894466280937195,-0.45684143900871277,0.12322927266359329,0.6780009269714355,0.03845210745930672,0.5361325740814209,0.6464706659317017,-0.15205201506614685,0.5305880308151245,0.6312018036842346,0.15256203711032867,0.6578224897384644,0.6469720005989075,-0.09772778302431107,0.6536857485771179,0.6364455223083496,0.2768990993499756,0.7760831117630005,0.635911762714386,0.052094750106334686,0.7805837988853455,0.6250753998756409,0.3990570604801178,0.7881861329078674,0.6279395818710327,0.06122834235429764,0.7852547764778137,0.6199834942817688,0.4031393826007843,0.8206994533538818,0.6505977511405945,-0.024070076644420624,0.8079903721809387,0.6403965950012207,0.3533904254436493
85,0.28570201992988586,0.6692014336585999,-0.017292261123657227,0.27593114972114563,0.6680454611778259,-0.05636880546808243,0.27606096863746643,0.6678416728973389,-0.05633765831589699,0.2757892906665802,0.6675832867622375,-0.05641790106892586,0.27637264132499695,0.6653772592544556,-0.010336607694625854,0.27480924129486084,0.6632422208786011,-0.01043397095054388,0.2742031514644623,0.6615034937858582,-0.010310215875506401,0.2789252698421478,0.6612914800643921,-0.1854994297027588,0.2798292934894562,0.6544178128242493,0.02154814451932907,0.29489466547966003,0.6673926115036011,-0.0599258691072464,0.29561999440193176,0.6642540693283081,0.00032296249992214143,0.31860077381134033,0.6637707948684692,-0.32388949394226074,0.32179442048072815,0.6359564065933228,0.12812040746212006,0.21910837292671204,0.6825029850006104,-0.41418054699897766,0.2329278141260147,0.6598485112190247,0.23658977448940277,0.12698718905448914,0.69092857837677,-0.3685673177242279,0.15520137548446655,0.6654497385025024,0.14569690823554993,0.09912882000207901,0.6917663216590881,-0.4172070324420929,0.12892231345176697,0.6663122177124023,0.13714879751205444,0.09748417884111404,0.6893237829208374,-0.4092174470424652,0.12765491008758545,0.6709710955619812,0.10011404752731323,0.10554054379463196,0.6887019872665405,-0.36563870310783386,0.14070700109004974,0.6717921495437622,0.12370561063289642,0.5409644842147827,0.6464175581932068,-0.14242951571941376,0.5324339866638184,0.6282516121864319,0.14296938478946686,0.6580341458320618,0.6474918127059937,-0.07069088518619537,0.6557922959327698,0.6352840662002563,0.28455018997192383,0.7816296219825745,0.6351581811904907,0.06730610877275467,0.7821484208106995,0.6245981454849243,0.40159234404563904,0.7957512140274048,0.6271598935127258,0.07723291218280792,0.7866734266281128,0.6199840307235718,0.40582919120788574,0.8250230550765991,0.6504854559898376,-0.008902019821107388,0.8110705614089966,0.6378234624862671,0.3613243103027344
86,0.285674512386322,0.6700602769851685,-0.03048153780400753,0.2763647437095642,0.6679866313934326,-0.06575950235128403,0.27637049555778503,0.6677888631820679,-0.06572775542736053,0.2758859395980835,0.6675733327865601,-0.06580520421266556,0.27547210454940796,0.6656390428543091,-0.020050060003995895,0.2743959128856659,0.6637170314788818,-0.020166009664535522,0.2737157940864563,0.6621764302253723,-0.020064804702997208,0.2791815400123596,0.6616612076759338,-0.18307094275951385,0.2801051735877991,0.6549006700515747,0.021689485758543015,0.2951415181159973,0.6675394177436829,-0.07007382065057755,0.295850932598114,0.6646367311477661,-0.009952697902917862,0.3203375041484833,0.6635239124298096,-0.3215193748474121,0.32179829478263855,0.6357604265213013,0.12576335668563843,0.22098666429519653,0.6826118230819702,-0.4219432473182678,0.23454876244068146,0.6592601537704468,0.22797603905200958,0.13241824507713318,0.6907628774642944,-0.3857456147670746,0.16273583471775055,0.6669438481330872,0.10936424136161804,0.10528960824012756,0.6915873289108276,-0.43619951605796814,0.12983214855194092,0.6666834354400635,0.095563605427742,0.09788455069065094,0.6892474889755249,-0.42784056067466736,0.12750844657421112,0.6711410284042358,0.06044258177280426,0.10915800929069519,0.6885788440704346,-0.3829714059829712,0.14042064547538757,0.6719950437545776,0.08712209761142731,0.5401270389556885,0.646401047706604,-0.1420273333787918,0.5309494137763977,0.6287169456481934,0.14257138967514038,0.6617812514305115,0.6468579173088074,-0.07060104608535767,0.6525859236717224,0.6356869339942932,0.28682947158813477,0.7823878526687622,0.6321067214012146,0.06162906065583229,0.7686450481414795,0.6250454783439636,0.4078465700149536,0.7957302331924438,0.6257458925247192,0.07062035799026489,0.7773267030715942,0.619843602180481,0.4126643240451813,0.8249297142028809,0.6490603089332581,-0.012834925204515457,0.8084390163421631,0.6376783847808838,0.3687010109424591
87,0.2862462103366852,0.6702403426170349,-0.02571752294898033,0.27642378211021423,0.6680288314819336,-0.06146965175867081,0.2764550447463989,0.6677917838096619,-0.061444010585546494,0.27593258023262024,0.6675649881362915,-0.06152018904685974,0.27588555216789246,0.6658255457878113,-0.015612036921083927,0.2751748859882355,0.6640060544013977,-0.015726188197731972,0.27452942728996277,0.6621881723403931,-0.01563689112663269,0.28072163462638855,0.6615408658981323,-0.1813911497592926,0.2803693413734436,0.6547943353652954,0.02456311136484146,0.2953108251094818,0.6678813695907593,-0.06586701422929764,0.29592862725257874,0.6651719808578491,-0.005739915184676647,0.32344529032707214,0.6636105179786682,-0.31909143924713135,0.32486847043037415,0.6363798379898071,0.12632934749126434,0.221127450466156,0.6831194162368774,-0.4097447395324707,0.23500126600265503,0.6590613126754761,0.22926050424575806,0.14091745018959045,0.6871456503868103,-0.3622337281703949,0.16536372900009155,0.667725682258606,0.12686604261398315,0.1285320371389389,0.6896532773971558,-0.4117993116378784,0.13123998045921326,0.6678053140640259,0.11232995986938477,0.11227017641067505,0.6855639219284058,-0.40892690420150757,0.13119997084140778,0.6705431342124939,0.07708624005317688,0.13038772344589233,0.6840646862983704,-0.36129799485206604,0.14621900022029877,0.6720331907272339,0.10458827763795853,0.5451954007148743,0.646613597869873,-0.14124439656734467,0.5329638719558716,0.6289955973625183,0.1417839229106903,0.6641545295715332,0.6474999785423279,-0.05266857147216797,0.653103232383728,0.6359414458274841,0.3040386736392975,0.7823724746704102,0.6332959532737732,0.08918315172195435,0.7713279724121094,0.6248300671577454,0.43143516778945923,0.7948146462440491,0.6258910894393921,0.09934644401073456,0.778566300868988,0.6198100447654724,0.4364801049232483,0.824898362159729,0.64905846118927,0.036494046449661255,0.8076307773590088,0.6380153298377991,0.4049895703792572
88,0.2871283292770386,0.6707757711410522,-0.05426548421382904,0.276984304189682,0.6680024266242981,-0.09042287617921829,0.2779933512210846,0.6677539348602295,-0.09038509428501129,0.2775125503540039,0.667544960975647,-0.09043803811073303,0.27662837505340576,0.6659131646156311,-0.04457796365022659,0.2760508954524994,0.664134681224823,-0.04463615268468857,0.27534934878349304,0.6624529361724854,-0.044520337134599686,0.2816615104675293,0.6614862084388733,-0.2036883682012558,0.2809710204601288,0.6547378301620483,0.0029315275605767965,0.29758355021476746,0.6681867837905884,-0.09110598266124725,0.2973005771636963,0.6652674674987793,-0.030851520597934723,0.3307303190231323,0.6633621454238892,-0.32756999135017395,0.32625851035118103,0.6363203525543213,0.11026620119810104,0.23977875709533691,0.6828263998031616,-0.42096227407455444,0.2442113608121872,0.6584190726280212,0.21731698513031006,0.15841008722782135,0.6801794767379761,-0.38222506642341614,0.16985511779785156,0.6654350757598877,0.10254915058612823,0.13442276418209076,0.6846593022346497,-0.43251460790634155,0.13933037221431732,0.6662434339523315,0.08236288279294968,0.13207267224788666,0.6798567175865173,-0.41939136385917664,0.13953492045402527,0.6674073934555054,0.048459868878126144,0.14820705354213715,0.6778171062469482,-0.3792799115180969,0.1540922224521637,0.6675985455513,0.08100353181362152,0.5505994558334351,0.6466079950332642,-0.14091256260871887,0.53596031665802,0.6305232644081116,0.14145325124263763,0.6647937893867493,0.6469858884811401,-0.04344932734966278,0.6555735468864441,0.6360071301460266,0.318826824426651,0.7823353409767151,0.6346155405044556,0.1293274611234665,0.7725873589515686,0.6249562501907349,0.46602386236190796,0.7945664525032043,0.6277865171432495,0.14310498535633087,0.7835336327552795,0.6201832890510559,0.4734206795692444,0.8233285546302795,0.6495333313941956,0.07727020978927612,0.8073802590370178,0.6403446197509766,0.43678250908851624
89,0.2893407642841339,0.6689435243606567,-0.0584169402718544,0.27861666679382324,0.6666496992111206,-0.09182804077863693,0.27887848019599915,0.6664680242538452,-0.09179268032312393,0.2781681716442108,0.6663652658462524,-0.09180551022291183,0.2788025736808777,0.6648248434066772,-0.04784853011369705,0.2781410813331604,0.6625300645828247,-0.047914255410432816,0.27741238474845886,0.6611541509628296,-0.04780539497733116,0.2828943133354187,0.6612533330917358,-0.19993314146995544,0.28187716007232666,0.6547001004219055,0.000344535568729043,0.3001852035522461,0.6673732399940491,-0.0932486355304718,0.2986750900745392,0.6646326780319214,-0.035737473517656326,0.3330453932285309,0.6632827520370483,-0.3212818205356598,0.33155491948127747,0.6343361735343933,0.11014248430728912,0.24816478788852692,0.6809720993041992,-0.41234639286994934,0.2827191650867462,0.641022264957428,0.23363079130649567,0.16898038983345032,0.6702169179916382,-0.3862389326095581,0.21260175108909607,0.652503490447998,0.17560534179210663,0.14485177397727966,0.6738393902778625,-0.43949398398399353,0.16859447956085205,0.6546928286552429,0.1696820855140686,0.13746340572834015,0.6689499616622925,-0.4308302700519562,0.18899251520633698,0.6554896831512451,0.13313932716846466,0.15276604890823364,0.6679158210754395,-0.38466501235961914,0.19954439997673035,0.6562336087226868,0.15553651750087738,0.5499354600906372,0.646607518196106,-0.13868448138237,0.5354363322257996,0.630587637424469,0.13923189043998718,0.6650633215904236,0.6471419930458069,-0.04452434554696083,0.657783567905426,0.6361111402511597,0.31246963143348694,0.7828325033187866,0.6349008679389954,0.09529972076416016,0.7724717259407043,0.6255906820297241,0.43248146772384644,0.7997597455978394,0.6288604736328125,0.10705684125423431,0.7876812219619751,0.6211020350456238,0.43692219257354736,0.8208917379379272,0.6505299806594849,0.0375077947974205,0.7958849668502808,0.6421197652816772,0.38589298725128174
90,0.29481422901153564,0.6731612086296082,-0.0077667864970862865,0.28356048464775085,0.6701499223709106,-0.03793438896536827,0.28314080834388733,0.6695498824119568,-0.03790803626179695,0.2821849286556244,0.6690436601638794,-0.03791138902306557,0.28409844636917114,0.6694032549858093,0.005585330538451672,0.2833809554576874,0.6670980453491211,0.005502639338374138,0.28281912207603455,0.6659982204437256,0.005528971552848816,0.28571969270706177,0.6621917486190796,-0.12643155455589294,0.2860580086708069,0.658082127571106,0.07023689150810242,0.3046697676181793,0.6698339581489563,-0.036730628460645676,0.3027789890766144,0.6686824560165405,0.020365066826343536,0.3347979187965393,0.6610875725746155,-0.23781540989875793,0.33285921812057495,0.6415373086929321,0.17449666559696198,0.25293490290641785,0.6773390769958496,-0.2893926501274109,0.2794917821884155,0.6439323425292969,0.3460339903831482,0.18729284405708313,0.6616841554641724,-0.18762414157390594,0.20448845624923706,0.6555377840995789,0.41017791628837585,0.16891871392726898,0.6559164524078369,-0.21807867288589478,0.18430665135383606,0.6558774709701538,0.42006298899650574,0.16985848546028137,0.6547360420227051,-0.2243368923664093,0.20369337499141693,0.655512809753418,0.39528223872184753,0.17398399114608765,0.655828058719635,-0.1901516169309616,0.2004566341638565,0.6575731039047241,0.3973747789859772,0.5522251725196838,0.645980954170227,-0.13812632858753204,0.5419581532478333,0.6318067312240601,0.13861259818077087,0.6861492395401001,0.6471509337425232,-0.07107678055763245,0.668938398361206,0.6372144818305969,0.27455729246139526,0.8017443418502808,0.6349213123321533,0.022796886041760445,0.7903528213500977,0.6265794634819031,0.3376387059688568,0.8222274780273438,0.6287115812301636,0.02977052330970764,0.7971760034561157,0.6210998296737671,0.3363131284713745,0.8307577967643738,0.6505395174026489,-0.04774849861860275,0.8068767189979553,0.6431772708892822,0.2776808738708496
91,0.2983505129814148,0.6693050861358643,-0.07226178795099258,0.2865259349346161,0.664634108543396,-0.09562221169471741,0.2857586443424225,0.6640080213546753,-0.09563492983579636,0.2847083806991577,0.6637452840805054,-0.09560831636190414,0.2877483069896698,0.6657127141952515,-0.05735822394490242,0.28753167390823364,0.6653993129730225,-0.0574648417532444,0.2871502935886383,0.6655393838882446,-0.05744416266679764,0.290046364068985,0.659912109375,-0.14863459765911102,0.28960877656936646,0.6587327718734741,0.024748420342803,0.30856257677078247,0.6643352508544922,-0.08903741091489792,0.30868175625801086,0.6657708883285522,-0.03924630954861641,0.33856648206710815,0.6595799326896667,-0.25362029671669006,0.3343179523944855,0.6434705853462219,0.14195315539836884,0.2728903889656067,0.667039692401886,-0.3018144369125366,0.2755194902420044,0.6525136232376099,0.3026026487350464,0.23322702944278717,0.6592897176742554,-0.2023886740207672,0.2162937968969345,0.6510310173034668,0.40721142292022705,0.2421053946018219,0.6551392078399658,-0.2327541559934616,0.22224894165992737,0.6452854871749878,0.41638919711112976,0.24571630358695984,0.6542447209358215,-0.23756080865859985,0.23080047965049744,0.642665445804596,0.39812591671943665,0.251911461353302,0.6539915800094604,-0.20366236567497253,0.23747900128364563,0.6438361406326294,0.3971635103225708,0.5500615239143372,0.6449173092842102,-0.13400618731975555,0.541512668132782,0.6326976418495178,0.13437320291996002,0.676862359046936,0.6470143795013428,-0.0707724392414093,0.6642924547195435,0.637237012386322,0.25504419207572937,0.7992896437644958,0.6332451701164246,0.03621310740709305,0.789302408695221,0.6261643171310425,0.3456227481365204,0.820077657699585,0.6252166032791138,0.044698216021060944,0.796197772026062,0.6183770895004272,0.34763991832733154,0.8313257098197937,0.6498018503189087,-0.033172328025102615,0.8113182783126831,0.6431098580360413,0.2913578152656555
92,0.3030449450016022,0.6627485752105713,-0.12469324469566345,0.2914872169494629,0.6592462062835693,-0.1514851301908493,0.29074037075042725,0.6584765315055847,-0.15147797763347626,0.2898080050945282,0.6580803990364075,-0.1514892429113388,0.29288122057914734,0.6610925197601318,-0.11038049310445786,0.29292595386505127,0.6615661382675171,-0.110458604991436,0.29271548986434937,0.6622093915939331,-0.11038549244403839,0.29670101404190063,0.6576647758483887,-0.21448108553886414,0.295842707157135,0.6586676836013794,-0.029637930914759636,0.31143346428871155,0.6602691411972046,-0.14425745606422424,0.3117577135562897,0.6626362204551697,-0.09031597524881363,0.3444582223892212,0.6545811891555786,-0.30406463146209717,0.3386068344116211,0.6456582546234131,0.07541278004646301,0.2735372483730316,0.6600502133369446,-0.38123059272766113,0.2605404257774353,0.6525338888168335,0.13339760899543762,0.22994185984134674,0.6446971893310547,-0.3493000566959381,0.21466274559497833,0.6310583353042603,0.07718891650438309,0.23490750789642334,0.640034556388855,-0.3993181586265564,0.20741663873195648,0.6204435229301453,0.05561857298016548,0.23931476473808289,0.6375782489776611,-0.4054943025112152,0.21168138086795807,0.6196793913841248,0.039276886731386185,0.24576474726200104,0.6380176544189453,-0.3523840308189392,0.21846824884414673,0.6220465898513794,0.06270574778318405,0.5504565834999084,0.6441587209701538,-0.13176630437374115,0.5420854687690735,0.6347633600234985,0.1319827437400818,0.6773755550384521,0.6458324193954468,-0.08305542916059494,0.6649088263511658,0.6379236578941345,0.2608634829521179,0.7983226180076599,0.6332464814186096,0.04300331696867943,0.7887711524963379,0.6264864206314087,0.4079051613807678,0.8186709880828857,0.6250511407852173,0.05171399563550949,0.7955430150032043,0.6186968088150024,0.4138903021812439,0.8258179426193237,0.6487604975700378,-0.04597678780555725,0.8078137040138245,0.6434386968612671,0.34595516324043274
93,0.30444633960723877,0.6659442782402039,-0.115887850522995,0.2917942404747009,0.6602639555931091,-0.1456884890794754,0.2910538911819458,0.6594772338867188,-0.14576084911823273,0.29018786549568176,0.6588118076324463,-0.14530052244663239,0.2931463122367859,0.6618451476097107,-0.09968589246273041,0.2932182848453522,0.6622461080551147,-0.09972163289785385,0.2930823266506195,0.6625741720199585,-0.09950924664735794,0.29821908473968506,0.6574562191963196,-0.18709619343280792,0.29561302065849304,0.6569682359695435,-0.019296951591968536,0.3119335472583771,0.6606489419937134,-0.1268390566110611,0.3128003776073456,0.6626964807510376,-0.0869496762752533,0.3437747359275818,0.6543397307395935,-0.26833897829055786,0.3402296006679535,0.6450794339179993,0.08571819216012955,0.27776846289634705,0.6530833840370178,-0.32744160294532776,0.28299736976623535,0.6460673213005066,0.18584950268268585,0.24508024752140045,0.6344408988952637,-0.24684643745422363,0.24698542058467865,0.6295205950737,0.13698875904083252,0.24282772839069366,0.6238242387771606,-0.28758007287979126,0.24574148654937744,0.6227102875709534,0.12308484315872192,0.24701620638370514,0.6239429712295532,-0.2882687747478485,0.2545001208782196,0.6231325268745422,0.04513631388545036,0.261665940284729,0.6291292309761047,-0.24754564464092255,0.25901657342910767,0.6253021955490112,0.1045762449502945,0.5487948656082153,0.6440383791923523,-0.12800046801567078,0.5406115055084229,0.6347113847732544,0.12808284163475037,0.6800576448440552,0.6456564664840698,-0.06954774260520935,0.6646599769592285,0.6387653946876526,0.2462136447429657,0.7979300022125244,0.6332053542137146,0.04116708040237427,0.7834815382957458,0.626240074634552,0.35980719327926636,0.8179598450660706,0.622907817363739,0.04882151633501053,0.7945910096168518,0.6186747550964355,0.364199697971344,0.8252671360969543,0.6487674713134766,-0.03610038012266159,0.8059238195419312,0.6433984041213989,0.3057357668876648
94,0.29164236783981323,0.6675828099250793,-0.019086482003331184,0.2825387120246887,0.6637195944786072,-0.04963843151926994,0.2826206088066101,0.6633971929550171,-0.049667347222566605,0.28265640139579773,0.663015604019165,-0.04962189495563507,0.282056987285614,0.6630933284759521,-0.01131536066532135,0.2818126380443573,0.6626866459846497,-0.01140828151255846,0.28161826729774475,0.6625975370407104,-0.011372522450983524,0.2880799472332001,0.6586890816688538,-0.12864536046981812,0.28525033593177795,0.6564335227012634,0.039702966809272766,0.3016793429851532,0.6651892066001892,-0.04338826239109039,0.30072787404060364,0.6644832491874695,0.004782442934811115,0.32734957337379456,0.6544781923294067,-0.23133529722690582,0.33611178398132324,0.6426851153373718,0.13944727182388306,0.28035473823547363,0.6452197432518005,-0.33732539415359497,0.30594494938850403,0.6324115991592407,0.2596162259578705,0.2618890702724457,0.6323818564414978,-0.339375764131546,0.2932737469673157,0.6251137256622314,0.32171785831451416,0.25878167152404785,0.6228868365287781,-0.38323089480400085,0.29116496443748474,0.621964693069458,0.3280787765979767,0.26646074652671814,0.6235359907150269,-0.37708520889282227,0.2854357659816742,0.6241804361343384,0.30397823452949524,0.26719292998313904,0.625348687171936,-0.33905228972435,0.29650649428367615,0.6237255930900574,0.3099002540111542,0.5349889397621155,0.6424700617790222,-0.12722273170948029,0.5270964503288269,0.6330506801605225,0.12722046673297882,0.6695324182510376,0.6457664370536804,-0.056077565997838974,0.6514200568199158,0.6396967172622681,0.25035911798477173,0.7930408120155334,0.6321740746498108,0.03204771503806114,0.7739382386207581,0.6263671517372131,0.34792178869247437,0.8056215643882751,0.6201360821723938,0.03878160938620567,0.7906903028488159,0.6181808710098267,0.35114243626594543,0.8230293989181519,0.6506473422050476,-0.035386934876441956,0.79560786485672,0.6440590620040894,0.29730716347694397
95,0.29416149854660034,0.674742579460144,0.005259017460048199,0.2813689410686493,0.6700560450553894,-0.026675714179873466,0.2815462648868561,0.6697356700897217,-0.02668086066842079,0.28168785572052,0.6693442463874817,-0.026663409546017647,0.28048285841941833,0.6687723994255066,0.01447062473744154,0.28003865480422974,0.6676399111747742,0.014367656782269478,0.27967312932014465,0.6667444109916687,0.014393007382750511,0.28237825632095337,0.6620338559150696,-0.11552085727453232,0.28357169032096863,0.6612482070922852,0.0693427175283432,0.30213695764541626,0.6704049110412598,-0.02257636934518814,0.3014157712459564,0.6705923080444336,0.031155385076999664,0.323682963848114,0.6554720401763916,-0.22871944308280945,0.3316780924797058,0.6427214741706848,0.16826385259628296,0.2847401797771454,0.6371663808822632,-0.3785572350025177,0.32312169671058655,0.6307820677757263,0.28225579857826233,0.2758956551551819,0.6272116899490356,-0.4220565855503082,0.3334738612174988,0.6214910745620728,0.31215524673461914,0.2768210470676422,0.6165972352027893,-0.4719454348087311,0.3387707471847534,0.6175141930580139,0.31873419880867004,0.2795935273170471,0.6217480897903442,-0.45837080478668213,0.3174549341201782,0.6156493425369263,0.29416486620903015,0.2845645248889923,0.6229744553565979,-0.41890275478363037,0.33686885237693787,0.6194905042648315,0.30005115270614624,0.5323880314826965,0.6418579816818237,-0.1335301548242569,0.5240110158920288,0.6329747438430786,0.13342444598674774,0.6697397828102112,0.6449636220932007,-0.08022039383649826,0.6525399684906006,0.6395204663276672,0.23321260511875153,0.7998970746994019,0.6309260129928589,-0.039906393736600876,0.7738258242607117,0.624369204044342,0.3222495913505554,0.8203834295272827,0.6184539794921875,-0.039160557091236115,0.7879403829574585,0.6148287057876587,0.3239103853702545,0.8238318562507629,0.6516984701156616,-0.12975290417671204,0.7964299321174622,0.6452849507331848,0.2660931646823883
96,0.2849828600883484,0.6758924722671509,0.04339298605918884,0.2754678726196289,0.6725185513496399,0.011364582926034927,0.2756931185722351,0.6722777485847473,0.01132236234843731,0.2758828401565552,0.6719819903373718,0.011276398785412312,0.2744612395763397,0.6708984375,0.0520503930747509,0.27401623129844666,0.6695091128349304,0.05196297913789749,0.27367085218429565,0.6683343648910522,0.05198536440730095,0.2790333330631256,0.6649976968765259,-0.07968514412641525,0.2769109904766083,0.6612511873245239,0.10361874848604202,0.2957416772842407,0.673319935798645,0.014319962821900845,0.2944394052028656,0.6719456315040588,0.06755142658948898,0.3206324279308319,0.6581140756607056,-0.20852740108966827,0.3302955627441406,0.6434398293495178,0.20360304415225983,0.3079482614994049,0.633590579032898,-0.4373834729194641,0.3471730649471283,0.6252795457839966,0.33435264229774475,0.3021625280380249,0.6243534684181213,-0.5820364356040955,0.3559594750404358,0.6212099194526672,0.40616899728775024,0.29987794160842896,0.6177067756652832,-0.6393552422523499,0.3607114553451538,0.6181641817092896,0.42522382736206055,0.3015405237674713,0.622122049331665,-0.6193358302116394,0.35821250081062317,0.6186316013336182,0.39892157912254333,0.30566084384918213,0.6230614185333252,-0.5785526037216187,0.3583056628704071,0.6213998198509216,0.3954363167285919,0.529317319393158,0.641823410987854,-0.13508601486682892,0.5216532349586487,0.6333693265914917,0.13494908809661865,0.6670545935630798,0.6450424790382385,-0.0816507562994957,0.653118371963501,0.6395246386528015,0.23134773969650269,0.7996585369110107,0.6318439841270447,-0.032052669674158096,0.7763707637786865,0.6261420249938965,0.31539908051490784,0.8199723362922668,0.6192241907119751,-0.0297909714281559,0.7884348630905151,0.6185134649276733,0.31657910346984863,0.8246355056762695,0.6542438268661499,-0.11958809942007065,0.7997161746025085,0.6462562084197998,0.2527787983417511
97,0.2888733148574829,0.6771165728569031,0.02881697565317154,0.2775549292564392,0.6742424368858337,-0.004749432671815157,0.2766481935977936,0.6739553809165955,-0.004773691762238741,0.27598971128463745,0.6737667322158813,-0.004787815734744072,0.2775532901287079,0.6735221743583679,0.03682860732078552,0.2766261100769043,0.6727308034896851,0.03676096722483635,0.2757498323917389,0.6721131801605225,0.03679996356368065,0.2790168821811676,0.667701780796051,-0.09924723207950592,0.27778199315071106,0.6633050441741943,0.08769970387220383,0.2981239855289459,0.6741079092025757,-0.001123327063396573,0.29460155963897705,0.6735910773277283,0.053298186510801315,0.32179173827171326,0.6594549417495728,-0.20391735434532166,0.3277947008609772,0.64326012134552,0.1892828643321991,0.31259194016456604,0.6373265981674194,-0.30944204330444336,0.3384688198566437,0.6219584941864014,0.36221954226493835,0.31519174575805664,0.6274510025978088,-0.2768310010433197,0.3480819761753082,0.6217238306999207,0.4699614644050598,0.31806010007858276,0.6204208135604858,-0.30851486325263977,0.34997257590293884,0.6200371980667114,0.493587464094162,0.321051687002182,0.6232792735099792,-0.30075857043266296,0.3522178530693054,0.6205058693885803,0.4632937014102936,0.323893278837204,0.624133825302124,-0.2739684283733368,0.35234686732292175,0.6224594712257385,0.4583679139614105,0.5303627848625183,0.6416007280349731,-0.13572664558887482,0.5228131413459778,0.6334066987037659,0.1356729120016098,0.669249951839447,0.6451455950737,-0.09316316992044449,0.6544939875602722,0.6395788192749023,0.22460803389549255,0.8016032576560974,0.6332024335861206,-0.054667387157678604,0.7850516438484192,0.626183807849884,0.29082217812538147,0.8275316953659058,0.6194435358047485,-0.05332697927951813,0.7947160601615906,0.618759036064148,0.2905944585800171,0.8294585347175598,0.6519558429718018,-0.13403363525867462,0.8074645400047302,0.6464811563491821,0.23554833233356476
98,0.2892182171344757,0.6778455972671509,0.03144542872905731,0.28045210242271423,0.6748663187026978,-0.0026650005020201206,0.27893999218940735,0.6746594309806824,-0.0026868395507335663,0.2776642143726349,0.674589216709137,-0.002688329666852951,0.27767840027809143,0.6742258071899414,0.03934178501367569,0.27708378434181213,0.672685980796814,0.0392659455537796,0.27637767791748047,0.6720093488693237,0.039285678416490555,0.27915775775909424,0.6690956354141235,-0.10154636949300766,0.2780107259750366,0.66438889503479,0.08802532404661179,0.2982631325721741,0.6757293939590454,0.0003042629105038941,0.2969372272491455,0.6749762296676636,0.055390454828739166,0.3261909782886505,0.6566601395606995,-0.20470258593559265,0.3279772698879242,0.6417849659919739,0.19304069876670837,0.3222617506980896,0.6425935626029968,-0.2944048047065735,0.33743301033973694,0.6245593428611755,0.3897375464439392,0.32292383909225464,0.6465793251991272,-0.227436363697052,0.3682593107223511,0.6343963146209717,0.5138189792633057,0.32309502363204956,0.6474622488021851,-0.2561323940753937,0.37113338708877563,0.6372222304344177,0.5425164103507996,0.323697030544281,0.6488286256790161,-0.24429109692573547,0.3747308552265167,0.6376431584358215,0.5111528038978577,0.32685142755508423,0.6474644541740417,-0.2218261957168579,0.37429219484329224,0.6369833946228027,0.5026283860206604,0.5306364297866821,0.6415742039680481,-0.13800975680351257,0.5236323475837708,0.633485734462738,0.13804884254932404,0.6693902015686035,0.6450763940811157,-0.09712832421064377,0.6546335220336914,0.6394791603088379,0.2269315868616104,0.8026918768882751,0.6332491636276245,-0.05830440670251846,0.7842778563499451,0.6261981129646301,0.2985592186450958,0.8283554911613464,0.6196973919868469,-0.05691145732998848,0.795914351940155,0.6185433864593506,0.2991544008255005,0.829388439655304,0.6524155735969543,-0.13710558414459229,0.8090057969093323,0.6479220986366272,0.24733421206474304
99,0.2973242700099945,0.6771257519721985,0.023079369217157364,0.28569796681404114,0.673747181892395,-0.010100099258124828,0.28425151109695435,0.6736665964126587,-0.010119670070707798,0.282837450504303,0.6736724376678467,-0.010125833563506603,0.28505033254623413,0.6729245781898499,0.031869955360889435,0.2841326892375946,0.6719120740890503,0.03179146721959114,0.2831566035747528,0.6712987422943115,0.03183058276772499,0.2815468907356262,0.6686769723892212,-0.1041160374879837,0.2828526496887207,0.664105236530304,0.08122573792934418,0.3028600811958313,0.6741420030593872,-0.006900751497596502,0.30269765853881836,0.6729133725166321,0.048087768256664276,0.33192431926727295,0.6539465188980103,-0.20771047472953796,0.32966822385787964,0.6392439007759094,0.1820339560508728,0.3188673257827759,0.6481035947799683,-0.29873529076576233,0.3341059982776642,0.6257075071334839,0.377377986907959,0.3153192400932312,0.6451267004013062,-0.23467782139778137,0.3524576425552368,0.6354915499687195,0.5271803736686707,0.31386181712150574,0.6436384916305542,-0.2615088224411011,0.3539879024028778,0.6374872922897339,0.5562307834625244,0.3164632022380829,0.6446996331214905,-0.25613951683044434,0.3578312397003174,0.6372989416122437,0.5290200114250183,0.3202114403247833,0.6442968845367432,-0.23205377161502838,0.3586099445819855,0.6368904709815979,0.5180413722991943,0.5364024043083191,0.6408919095993042,-0.13650617003440857,0.5295632481575012,0.6333898305892944,0.1365474909543991,0.6751542091369629,0.6455682516098022,-0.09518395364284515,0.6554365158081055,0.6400326490402222,0.21940919756889343,0.8049551844596863,0.6334231495857239,-0.05896679684519768,0.7854915261268616,0.6261957883834839,0.2888828217983246,0.8331702947616577,0.6198209524154663,-0.05736672133207321,0.796128511428833,0.6171777844429016,0.2894259989261627,0.8346668481826782,0.6525377035140991,-0.1334345042705536,0.8087681531906128,0.6472705006599426,0.24102234840393066
100,0.297073096036911,0.6785156726837158,0.06172509863972664,0.2830568552017212,0.6739630699157715,0.026601558551192284,0.2811351418495178,0.6737745404243469,0.02655312791466713,0.27936556935310364,0.6737464666366577,0.026511454954743385,0.2834688425064087,0.6735643148422241,0.06759574264287949,0.28227269649505615,0.6729639768600464,0.06749227643013,0.28107693791389465,0.6726685762405396,0.06750382483005524,0.2768007814884186,0.6687387228012085,-0.0757916197180748,0.2795446813106537,0.6661505103111267,0.10842669755220413,0.300342857837677,0.6749675273895264,0.02969362959265709,0.30092960596084595,0.6747211217880249,0.08321809023618698,0.3296472430229187,0.6565456986427307,-0.1916896551847458,0.3299175202846527,0.6403012871742249,0.2097051590681076,0.3178604245185852,0.6422993540763855,-0.30763572454452515,0.34201550483703613,0.6244450211524963,0.3875933885574341,0.3126034140586853,0.6430398225784302,-0.2697086036205292,0.37641170620918274,0.6311963796615601,0.5012410283088684,0.32000282406806946,0.6431633830070496,-0.30379465222358704,0.3826589286327362,0.6325665712356567,0.5281512141227722,0.32128968834877014,0.643356204032898,-0.29627591371536255,0.3844124376773834,0.6348575949668884,0.4997328519821167,0.3244420886039734,0.6435755491256714,-0.26810768246650696,0.3828698396682739,0.6346367597579956,0.4910588264465332,0.5362138748168945,0.6409255862236023,-0.13860942423343658,0.5270440578460693,0.6334890723228455,0.13858605921268463,0.6733412146568298,0.6455699801445007,-0.09492126107215881,0.6514469981193542,0.6400249600410461,0.23180054128170013,0.8047710061073303,0.6334031224250793,-0.050837405025959015,0.7852248549461365,0.6266244649887085,0.2943290174007416,0.8172215819358826,0.6213699579238892,-0.04864826053380966,0.7965494990348816,0.6172133684158325,0.29501616954803467,0.834168016910553,0.6534252166748047,-0.12704113125801086,0.8094220757484436,0.6472187042236328,0.252617746591568
101,0.2973838150501251,0.6767999529838562,0.05052142217755318,0.2861926555633545,0.6731252074241638,0.01541360653936863,0.284430593252182,0.673031210899353,0.015382875688374043,0.2828076183795929,0.673095166683197,0.015354153700172901,0.28702935576438904,0.6712061762809753,0.05667073279619217,0.2860594391822815,0.6704609990119934,0.05657381936907768,0.28507792949676514,0.6697567105293274,0.056600335985422134,0.2800558805465698,0.6680909395217896,-0.0865403264760971,0.2831971347332001,0.6626654267311096,0.09859956800937653,0.30365508794784546,0.6743181347846985,0.01770729571580887,0.30534741282463074,0.6735883951187134,0.07166271656751633,0.3262488543987274,0.6628918051719666,-0.213694766163826,0.3325791358947754,0.6375070214271545,0.20561817288398743,0.30582642555236816,0.6397309899330139,-0.44665414094924927,0.34028303623199463,0.6229405999183655,0.3094162940979004,0.3053617775440216,0.6245917081832886,-0.5801465511322021,0.36556124687194824,0.6202728152275085,0.35594260692596436,0.3162136375904083,0.6104139089584351,-0.6407499313354492,0.36806830763816833,0.6175879836082458,0.3685351610183716,0.31492185592651367,0.6144729852676392,-0.6278753876686096,0.3526795506477356,0.6190183162689209,0.34215572476387024,0.3113694489002228,0.6165848970413208,-0.5801673531532288,0.3713253438472748,0.6206721067428589,0.3443148136138916,0.5353217720985413,0.6415753364562988,-0.13853126764297485,0.5283700823783875,0.6316256523132324,0.1385081559419632,0.6732981204986572,0.6456543803215027,-0.09723695367574692,0.6540271043777466,0.639644980430603,0.2688431739807129,0.8049591183662415,0.6334918141365051,-0.052916526794433594,0.7848474383354187,0.6265902519226074,0.37755030393600464,0.824741005897522,0.6190084218978882,-0.05108277499675751,0.7964750528335571,0.6171287894248962,0.381367027759552,0.8311139345169067,0.6519535779953003,-0.13991214334964752,0.8013867735862732,0.6467874050140381,0.32610905170440674
102,0.2988337278366089,0.6767981052398682,-0.05174421891570091,0.285251647233963,0.6726795434951782,-0.07823437452316284,0.28432777523994446,0.6722901463508606,-0.07824438065290451,0.2829466164112091,0.6718915700912476,-0.078187495470047,0.2846343219280243,0.6711589694023132,-0.04017148166894913,0.28381237387657166,0.6703464388847351,-0.040290579199790955,0.2830260694026947,0.669556200504303,-0.04026312008500099,0.2845504879951477,0.6652520298957825,-0.14792302250862122,0.28312090039253235,0.6621693968772888,0.022558722645044327,0.30707666277885437,0.6741325855255127,-0.07373883575201035,0.3081352412700653,0.6735411882400513,-0.02397744171321392,0.33099138736724854,0.6585977673530579,-0.23543338477611542,0.33350086212158203,0.6425096392631531,0.12335333228111267,0.2853334844112396,0.6561970114707947,-0.30566057562828064,0.29726096987724304,0.6390380263328552,0.23202750086784363,0.29185640811920166,0.624966025352478,-0.21289615333080292,0.31435707211494446,0.6266184449195862,0.299447625875473,0.2929353713989258,0.617582380771637,-0.24944205582141876,0.3165174722671509,0.6232699155807495,0.305357426404953,0.30197975039482117,0.6156172156333923,-0.24382080137729645,0.3258834481239319,0.6199342012405396,0.28000524640083313,0.30340954661369324,0.6204604506492615,-0.2106757014989853,0.3281838595867157,0.6210014224052429,0.28570377826690674,0.5387818217277527,0.64129638671875,-0.13025367259979248,0.5314923524856567,0.6317912936210632,0.13029855489730835,0.6750145554542542,0.6456172466278076,-0.07764740288257599,0.6572014689445496,0.6396735906600952,0.228157177567482,0.8051245212554932,0.6329764723777771,-0.0230715274810791,0.7850375771522522,0.6267901062965393,0.32881438732147217,0.8208469748497009,0.6221242547035217,-0.021656038239598274,0.7977867126464844,0.6178576350212097,0.3317088782787323,0.8377271890640259,0.6518405675888062,-0.10890880227088928,0.809840977191925,0.6472622156143188,0.27539026737213135
103,0.2993749976158142,0.673839271068573,-0.06512246280908585,0.2852659523487091,0.6685084104537964,-0.09314092248678207,0.28429359197616577,0.6677249073982239,-0.0931515172123909,0.28354746103286743,0.6690061688423157,-0.0931243821978569,0.2852945625782013,0.668832004070282,-0.055053483694791794,0.2846127450466156,0.6684972047805786,-0.05513898655772209,0.28383785486221313,0.6681053042411804,-0.0551164411008358,0.28499990701675415,0.6605337262153625,-0.16037242114543915,0.28357216715812683,0.6599549651145935,0.009708229452371597,0.3089684247970581,0.6715194582939148,-0.08567926287651062,0.30977803468704224,0.6719098091125488,-0.03602143004536629,0.33088696002960205,0.6570472717285156,-0.24668096005916595,0.3335021436214447,0.6444142460823059,0.11562565714120865,0.2781733274459839,0.6456952095031738,-0.32973718643188477,0.2874876856803894,0.641208291053772,0.2139110565185547,0.267164409160614,0.6270671486854553,-0.2791716754436493,0.2773326337337494,0.6273438930511475,0.27869683504104614,0.26767879724502563,0.6185572147369385,-0.3160739839076996,0.27928099036216736,0.6215048432350159,0.282023161649704,0.2710924446582794,0.6179364919662476,-0.29896917939186096,0.2785035967826843,0.6197457909584045,0.2639773488044739,0.2753622531890869,0.6202860474586487,-0.27386781573295593,0.2894827723503113,0.6212895512580872,0.26756685972213745,0.5386663675308228,0.6415644884109497,-0.12714259326457977,0.531721830368042,0.6321210861206055,0.1271270215511322,0.6749709248542786,0.6454565525054932,-0.0702872946858406,0.6566416621208191,0.6399836540222168,0.2207963764667511,0.8043452501296997,0.632943868637085,-0.002672663191333413,0.778127133846283,0.6268365979194641,0.3198602497577667,0.8210377097129822,0.6219270825386047,0.0006936845020391047,0.7948624491691589,0.6181631684303284,0.3228589594364166,0.8317407369613647,0.6537840366363525,-0.08416695892810822,0.7998114824295044,0.6472485661506653,0.26261356472969055
104,0.29932868480682373,0.6667977571487427,-0.08914955705404282,0.28834861516952515,0.6647005081176758,-0.11209964752197266,0.2875381112098694,0.664275586605072,-0.11211122572422028,0.28663527965545654,0.6644096374511719,-0.11204706877470016,0.2889724671840668,0.6648203134536743,-0.07677405327558517,0.2880154252052307,0.6628156304359436,-0.07689204812049866,0.28747236728668213,0.6623193025588989,-0.07684642821550369,0.28881555795669556,0.6591112613677979,-0.16613169014453888,0.2899564802646637,0.6583492755889893,-0.007811449468135834,0.3103272020816803,0.6649786233901978,-0.10591841489076614,0.31093141436576843,0.6651448607444763,-0.059858761727809906,0.33749911189079285,0.6553784012794495,-0.24999035894870758,0.34284666180610657,0.6432055234909058,0.09801836311817169,0.27625200152397156,0.6564341187477112,-0.30760928988456726,0.2818980813026428,0.6395986676216125,0.22735391557216644,0.2735096216201782,0.6416811347007751,-0.22493642568588257,0.27312007546424866,0.6320695281028748,0.32147306203842163,0.27280575037002563,0.6372978687286377,-0.2595274746417999,0.26804083585739136,0.6312946081161499,0.3294975459575653,0.2782834470272064,0.6379173398017883,-0.25702354311943054,0.2795325517654419,0.6291107535362244,0.3063618838787079,0.2816775143146515,0.6389146447181702,-0.22370512783527374,0.2843753695487976,0.6293679475784302,0.309332013130188,0.5457261204719543,0.6416357755661011,-0.12245755642652512,0.536735475063324,0.6322883367538452,0.12256499379873276,0.6772615909576416,0.645555317401886,-0.06468009203672409,0.6588500738143921,0.6398986577987671,0.2282058447599411,0.8042891621589661,0.6332489252090454,0.0014387310948222876,0.7781862020492554,0.6267924904823303,0.34065067768096924,0.8238928318023682,0.6219003796577454,0.005191080737859011,0.7946892380714417,0.6181795001029968,0.34514278173446655,0.8326818943023682,0.6535581350326538,-0.07281702011823654,0.8001081943511963,0.646235466003418,0.29897642135620117
105,0.2980780601501465,0.6675752401351929,-0.10965891927480698,0.28808504343032837,0.6647889614105225,-0.13912996649742126,0.2868187725543976,0.6649070978164673,-0.13914234936237335,0.2864246368408203,0.6649686098098755,-0.13914750516414642,0.28889045119285583,0.6653257608413696,-0.09829463064670563,0.2878512144088745,0.6630955934524536,-0.0983615592122078,0.28726866841316223,0.6625487804412842,-0.09829224646091461,0.28860121965408325,0.6595322489738464,-0.20877858996391296,0.2896070182323456,0.6587019562721252,-0.025371691212058067,0.30963054299354553,0.6651515364646912,-0.13069218397140503,0.3102978467941284,0.6654932498931885,-0.07713423669338226,0.33708974719047546,0.6552354097366333,-0.2914380729198456,0.3386855721473694,0.643807590007782,0.08052419871091843,0.26514995098114014,0.6643627285957336,-0.33107438683509827,0.25779449939727783,0.6426182389259338,0.15642692148685455,0.2257077693939209,0.6421505808830261,-0.23989738523960114,0.2140331268310547,0.6314476728439331,0.13858866691589355,0.21835844218730927,0.6385097503662109,-0.27646222710609436,0.2032390981912613,0.6266408562660217,0.12656669318675995,0.21832261979579926,0.6358792781829834,-0.2780570685863495,0.20326438546180725,0.6247332692146301,0.11257236450910568,0.22412936389446259,0.6369047164916992,-0.23979337513446808,0.20971499383449554,0.6269323229789734,0.12650862336158752,0.5451914668083191,0.641777753829956,-0.12271635979413986,0.5363702178001404,0.6323190927505493,0.12294809520244598,0.6771883964538574,0.6454642415046692,-0.042526524513959885,0.6582264304161072,0.6397966146469116,0.2619803845882416,0.7978714108467102,0.6336413621902466,0.07640935480594635,0.7739635109901428,0.6260988712310791,0.38880717754364014,0.8143092393875122,0.6239667534828186,0.08456725627183914,0.7879841923713684,0.6181294322013855,0.39508336782455444,0.8290332555770874,0.6517444849014282,0.005483109503984451,0.7976889610290527,0.6450563073158264,0.35212549567222595
106,0.3006013333797455,0.6674292683601379,-0.02679271250963211,0.2881999909877777,0.6644240617752075,-0.05822454392910004,0.287221223115921,0.6643509268760681,-0.058191295713186264,0.29013270139694214,0.6646971702575684,-0.0581730455160141,0.2891957461833954,0.6642412543296814,-0.01722745969891548,0.2882992923259735,0.661594033241272,-0.017305690795183182,0.2879813313484192,0.6609813570976257,-0.017259184271097183,0.29256948828697205,0.6586843132972717,-0.1492564082145691,0.29179105162620544,0.656294047832489,0.035935334861278534,0.31258153915405273,0.6651855111122131,-0.05606365576386452,0.31074634194374084,0.6648014187812805,-0.0023226700723171234,0.34103867411613464,0.6550921201705933,-0.24479684233665466,0.33979862928390503,0.6413456201553345,0.13296790421009064,0.2742559313774109,0.6656836271286011,-0.27261674404144287,0.2623545229434967,0.6415693759918213,0.25693824887275696,0.24252189695835114,0.6470274925231934,-0.14818859100341797,0.244218111038208,0.6437429785728455,0.2883411943912506,0.23972570896148682,0.6435233950614929,-0.17802560329437256,0.23317554593086243,0.6451729536056519,0.29226478934288025,0.2423565685749054,0.6408146619796753,-0.1798892319202423,0.23761799931526184,0.6448737382888794,0.2590169608592987,0.2466600388288498,0.6413770318031311,-0.148188978433609,0.24382421374320984,0.6449528932571411,0.27043387293815613,0.5449501276016235,0.6422319412231445,-0.12369748950004578,0.5369971990585327,0.632357120513916,0.12389279156923294,0.6770799160003662,0.6452944278717041,-0.05271685868501663,0.658496618270874,0.6389423608779907,0.25304973125457764,0.7984872460365295,0.6310971975326538,0.02407713420689106,0.77925044298172,0.6256715059280396,0.3282327651977539,0.8142917156219482,0.6227157115936279,0.027575142681598663,0.7949399352073669,0.6173540353775024,0.32911819219589233,0.8280013203620911,0.6498872637748718,-0.047290705144405365,0.8017674684524536,0.644879937171936,0.27808770537376404
107,0.29661956429481506,0.6693035960197449,-0.018031377345323563,0.2841013967990875,0.6671324372291565,-0.05067036300897598,0.28366875648498535,0.6671477556228638,-0.05062628164887428,0.28424105048179626,0.6669932007789612,-0.05065144598484039,0.286154568195343,0.6650882959365845,-0.008820285089313984,0.286468505859375,0.6619002819061279,-0.008844672702252865,0.2867618501186371,0.6616235971450806,-0.00875750184059143,0.2921297550201416,0.6597035527229309,-0.1423368602991104,0.29146498441696167,0.6557215452194214,0.04678698629140854,0.31022122502326965,0.6669924259185791,-0.047404978424310684,0.3079974353313446,0.6652774810791016,0.007570433430373669,0.33752676844596863,0.6593973636627197,-0.2449541538953781,0.3395432233810425,0.6379992961883545,0.15256889164447784,0.25560569763183594,0.6718370318412781,-0.3051331043243408,0.27188417315483093,0.6415941715240479,0.2871696352958679,0.18190515041351318,0.6593846678733826,-0.23730818927288055,0.19826684892177582,0.655798077583313,0.2898983955383301,0.16834615170955658,0.6592589616775513,-0.2729414701461792,0.19723966717720032,0.6536363959312439,0.2924237549304962,0.16603761911392212,0.6540757417678833,-0.26923272013664246,0.19707542657852173,0.6558725237846375,0.2620357275009155,0.17563661932945251,0.6547003984451294,-0.23509016633033752,0.20658378303050995,0.6560148000717163,0.27117475867271423,0.5446286797523499,0.6428126096725464,-0.129274383187294,0.536868691444397,0.6316505670547485,0.12959034740924835,0.6765085458755493,0.6460973620414734,-0.08458947390317917,0.6602464914321899,0.6386123895645142,0.2424948364496231,0.7985883951187134,0.6311837434768677,-0.01878526620566845,0.7770773768424988,0.6252995729446411,0.3069502115249634,0.8146478533744812,0.6227505207061768,-0.01578592136502266,0.7934236526489258,0.6175659894943237,0.3068886995315552,0.8275736570358276,0.6498125791549683,-0.0977003425359726,0.8027353286743164,0.6442998647689819,0.2577517330646515
108,0.29674044251441956,0.6704444885253906,-0.024309106171131134,0.2870485782623291,0.6684425473213196,-0.05685758218169212,0.28695541620254517,0.6684309244155884,-0.0568261556327343,0.2866719365119934,0.6680682897567749,-0.056839603930711746,0.28647512197494507,0.6657934188842773,-0.015175060369074345,0.28659823536872864,0.6621963977813721,-0.015201659873127937,0.2867087125778198,0.6619518399238586,-0.015107614919543266,0.2922818064689636,0.6599398255348206,-0.15398351848125458,0.2908773124217987,0.6553777456283569,0.0417560450732708,0.3101581037044525,0.6677624583244324,-0.05289008468389511,0.30833375453948975,0.6655584573745728,0.0015699538635089993,0.3361716568470001,0.6595513820648193,-0.26585066318511963,0.33819738030433655,0.636565625667572,0.14744369685649872,0.2548763155937195,0.6739009618759155,-0.33801886439323425,0.2631688416004181,0.6469656825065613,0.24829815328121185,0.1782187819480896,0.6726340651512146,-0.2725011706352234,0.18180008232593536,0.6626008749008179,0.17765124142169952,0.16186979413032532,0.6731714010238647,-0.3149479031562805,0.1735832691192627,0.6570175886154175,0.16705705225467682,0.15465712547302246,0.669498085975647,-0.3102830946445465,0.1727331429719925,0.6599210500717163,0.14134548604488373,0.1643299162387848,0.6690269708633423,-0.27031588554382324,0.1840876191854477,0.6599783301353455,0.1601111888885498,0.5444924831390381,0.6426571607589722,-0.12935958802700043,0.5349230766296387,0.6305744051933289,0.12970376014709473,0.6764580011367798,0.6459541916847229,-0.08297595381736755,0.6587790250778198,0.6375253796577454,0.25497448444366455,0.7986709475517273,0.6312429308891296,0.02726970985531807,0.7778360247612,0.6248993873596191,0.339741587638855,0.8118175864219666,0.622843325138092,0.03405497223138809,0.7924379706382751,0.617551326751709,0.3413960039615631,0.8232748508453369,0.6495025753974915,-0.049267370253801346,0.8014776706695557,0.6423124074935913,0.2889908254146576
109,0.2948245108127594,0.671571671962738,-0.026547828689217567,0.2863890826702118,0.669948935508728,-0.06250246614217758,0.2864108681678772,0.6699017286300659,-0.06240912154316902,0.28590792417526245,0.6695439219474792,-0.06245267018675804,0.2850925326347351,0.6667860150337219,-0.01856626197695732,0.28510236740112305,0.6639249324798584,-0.01853010058403015,0.28491485118865967,0.6629489064216614,-0.01836300455033779,0.29067477583885193,0.6612024903297424,-0.16494107246398926,0.2898097634315491,0.6554362773895264,0.033148571848869324,0.30738767981529236,0.6689568161964417,-0.06028028205037117,0.3067707121372223,0.6656996607780457,-0.00259360927157104,0.3347804546356201,0.6607294082641602,-0.27416831254959106,0.3340623080730438,0.6363228559494019,0.13115297257900238,0.2520769238471985,0.6771129369735718,-0.35680800676345825,0.25174346566200256,0.6529303193092346,0.22523218393325806,0.17429621517658234,0.6807706952095032,-0.29932069778442383,0.1843733936548233,0.6685279607772827,0.14200344681739807,0.14727531373500824,0.6837326884269714,-0.34242871403694153,0.16024987399578094,0.6680828332901001,0.12909257411956787,0.14695945382118225,0.679901659488678,-0.33687546849250793,0.16153167188167572,0.6701594591140747,0.10227424651384354,0.158431738615036,0.6787335872650146,-0.296904593706131,0.17316287755966187,0.6697359085083008,0.12375045567750931,0.5444308519363403,0.6440232992172241,-0.12886230647563934,0.5322913527488708,0.6306124329566956,0.12925243377685547,0.6764187216758728,0.6468358635902405,-0.080416239798069,0.6570254564285278,0.6373929977416992,0.25356143712997437,0.795570433139801,0.6309443712234497,0.03957526385784149,0.7749907374382019,0.6244721412658691,0.3434891402721405,0.8040112257003784,0.6228211522102356,0.047766342759132385,0.7908957600593567,0.6175049543380737,0.34571152925491333,0.8221473693847656,0.6471500396728516,-0.030298426747322083,0.8014968633651733,0.6412762403488159,0.2948192059993744
110,0.28972265124320984,0.672007143497467,-0.024538598954677582,0.28130826354026794,0.6702648401260376,-0.06281552463769913,0.28111445903778076,0.6701793074607849,-0.06273871660232544,0.28031638264656067,0.669813871383667,-0.06280048191547394,0.27851760387420654,0.6668881177902222,-0.016265954822301865,0.2779754400253296,0.6640967130661011,-0.016263533383607864,0.2771397829055786,0.6630357503890991,-0.016129162162542343,0.28301969170570374,0.6614224314689636,-0.18137966096401215,0.28217026591300964,0.6551130414009094,0.03283490240573883,0.301136314868927,0.669180691242218,-0.060768671333789825,0.300595760345459,0.665800929069519,-0.0011456579668447375,0.3316543698310852,0.6606056690216064,-0.30891409516334534,0.32848507165908813,0.6364744305610657,0.13199424743652344,0.2548445165157318,0.6751623749732971,-0.403810977935791,0.2339528650045395,0.6562814116477966,0.22934967279434204,0.17390131950378418,0.679658055305481,-0.3590589761734009,0.16286209225654602,0.6671890616416931,0.14553380012512207,0.1523323804140091,0.6847336292266846,-0.4073150157928467,0.13725319504737854,0.6685447096824646,0.13336026668548584,0.1464691460132599,0.6785116791725159,-0.3999878764152527,0.13642658293247223,0.6725068688392639,0.10328161716461182,0.15713763236999512,0.6756920218467712,-0.35605669021606445,0.14883127808570862,0.6727842092514038,0.12522421777248383,0.5472646355628967,0.6439951658248901,-0.13374319672584534,0.5325570702552795,0.630659818649292,0.13417385518550873,0.6767702102661133,0.6466478109359741,-0.060926515609025955,0.6575682163238525,0.6371536254882812,0.29235774278640747,0.7951098680496216,0.633022665977478,0.0802721306681633,0.7759260535240173,0.6249452829360962,0.40806490182876587,0.8039129376411438,0.6248401999473572,0.08978461474180222,0.7906608581542969,0.6184473633766174,0.41280442476272583,0.8223833441734314,0.6476784944534302,-2.9342463676584885e-05,0.8008272051811218,0.6416094899177551,0.3604755699634552
111,0.2868660092353821,0.6739382743835449,-0.04957064986228943,0.27557989954948425,0.6717830896377563,-0.08707179129123688,0.27536943554878235,0.6714668273925781,-0.08699764311313629,0.27457118034362793,0.6709339022636414,-0.08710473030805588,0.27448350191116333,0.6695900559425354,-0.036172229796648026,0.2739972472190857,0.6676620244979858,-0.03619574010372162,0.2731625437736511,0.6663783192634583,-0.036067649722099304,0.2770715057849884,0.6624771356582642,-0.19799970090389252,0.27701157331466675,0.657006561756134,0.030376862734556198,0.29648423194885254,0.6700816750526428,-0.08557222783565521,0.29620078206062317,0.6674152612686157,-0.01872224360704422,0.32501423358917236,0.6600303649902344,-0.3198464810848236,0.3198654055595398,0.6363613605499268,0.13468387722969055,0.23107172548770905,0.6750507354736328,-0.44345954060554504,0.22497735917568207,0.6614214181900024,0.23104862868785858,0.14939510822296143,0.6792272329330444,-0.4070062041282654,0.1431048959493637,0.6741998791694641,0.11318720877170563,0.1257689893245697,0.6852213144302368,-0.45786765217781067,0.12218505889177322,0.672324538230896,0.10001535713672638,0.11086022108793259,0.6865020990371704,-0.4427817463874817,0.12100792676210403,0.6758791208267212,0.0677650198340416,0.12374406307935715,0.6846207976341248,-0.4013010263442993,0.1294882446527481,0.6770062446594238,0.09140245616436005,0.5456855297088623,0.6444693803787231,-0.14013200998306274,0.5312252640724182,0.6312817931175232,0.14058871567249298,0.677588701248169,0.6464799642562866,-0.08575385808944702,0.662420392036438,0.6369488835334778,0.2812771797180176,0.8016547560691833,0.6333545446395874,0.06091911345720291,0.787763237953186,0.6256055235862732,0.3902043104171753,0.8100313544273376,0.6255314946174622,0.06938067823648453,0.8002567887306213,0.620328426361084,0.39331910014152527,0.8293077945709229,0.648361086845398,-0.012248068116605282,0.8137301802635193,0.6416574716567993,0.337117999792099
112,0.2872939109802246,0.6740468144416809,-0.07887881249189377,0.2758762836456299,0.6718025803565979,-0.11588704586029053,0.2754959464073181,0.6715229749679565,-0.11583665013313293,0.27491456270217896,0.6710835695266724,-0.1159273236989975,0.2751491069793701,0.6696345210075378,-0.0650591105222702,0.27469661831855774,0.6677933931350708,-0.06515881419181824,0.2739016115665436,0.6664651036262512,-0.06503612548112869,0.2778521776199341,0.6627236604690552,-0.23064373433589935,0.2774081528186798,0.6570122241973877,-0.0005626086494885385,0.297018438577652,0.6700927019119263,-0.1164388358592987,0.2967498004436493,0.6674576997756958,-0.04927709326148033,0.3254990875720978,0.6600333452224731,-0.35220086574554443,0.32107892632484436,0.6356555223464966,0.11734400689601898,0.22871147096157074,0.677724301815033,-0.4810679256916046,0.2305477410554886,0.6619542837142944,0.2120261937379837,0.14778484404087067,0.6833934187889099,-0.4622897207736969,0.1500052660703659,0.6769384145736694,0.05774546042084694,0.10901693999767303,0.6922137141227722,-0.5187162756919861,0.11950445920228958,0.6785439252853394,0.04166732355952263,0.10670842230319977,0.6899890303611755,-0.5044146776199341,0.119402676820755,0.6799973249435425,0.004409412387758493,0.12022001296281815,0.6886132955551147,-0.4574572741985321,0.13307951390743256,0.6795468330383301,0.033780403435230255,0.5425798892974854,0.6452747583389282,-0.1424606591463089,0.5294326543807983,0.6312836408615112,0.1429719775915146,0.6715129017829895,0.6465660929679871,-0.06514052301645279,0.6592541337013245,0.6345821022987366,0.30949047207832336,0.8013134598731995,0.6354974508285522,0.10498491674661636,0.7837773561477661,0.6258680820465088,0.4564211070537567,0.8109747171401978,0.6283264756202698,0.11529432982206345,0.7979316115379333,0.6220343708992004,0.4622958302497864,0.8295153975486755,0.648685872554779,0.030892034992575645,0.812446653842926,0.6413320899009705,0.4119991362094879
113,0.2872498333454132,0.6739723682403564,-0.12322400510311127,0.27640432119369507,0.6717698574066162,-0.15966935455799103,0.27598464488983154,0.6714785099029541,-0.15964975953102112,0.27540722489356995,0.670937180519104,-0.15974214673042297,0.27548566460609436,0.6698123216629028,-0.10935825854539871,0.27459222078323364,0.667885422706604,-0.10947252064943314,0.27392226457595825,0.6665235757827759,-0.10937322676181793,0.2780190408229828,0.6622744798660278,-0.2666219472885132,0.27769333124160767,0.6570567488670349,-0.03828173130750656,0.29754960536956787,0.6699873208999634,-0.15710760653018951,0.2972261905670166,0.6674836277961731,-0.09044963866472244,0.32581672072410583,0.6596157550811768,-0.38520580530166626,0.320841521024704,0.635787844657898,0.09084523469209671,0.22886615991592407,0.6790174841880798,-0.5266171097755432,0.23068378865718842,0.6630133986473083,0.18318413197994232,0.12802749872207642,0.6919334530830383,-0.5320854187011719,0.14326435327529907,0.67763352394104,0.01187074463814497,0.10139297693967819,0.6949058771133423,-0.5976791977882385,0.11552442610263824,0.6788939237594604,-0.009868414141237736,0.10013854503631592,0.6912216544151306,-0.5803866982460022,0.1067376360297203,0.6801010966300964,-0.049133364111185074,0.10682607442140579,0.6906185746192932,-0.5266815423965454,0.12076824903488159,0.6801245212554932,-0.013453157618641853,0.5429954528808594,0.6451284885406494,-0.14819355309009552,0.5297171473503113,0.6312915682792664,0.14870011806488037,0.6716963052749634,0.6465559601783752,-0.03948740288615227,0.655638575553894,0.6343497037887573,0.345331609249115,0.7985249757766724,0.6354291439056396,0.1544712334871292,0.7818970680236816,0.6253580451011658,0.5265082120895386,0.8094939589500427,0.6281216740608215,0.16751344501972198,0.7900194525718689,0.6219176054000854,0.5359992980957031,0.8258586525917053,0.6485517024993896,0.07449237257242203,0.8120481967926025,0.6397953033447266,0.479909211397171
114,0.287602961063385,0.6762348413467407,-0.12174713611602783,0.27631714940071106,0.6733677983283997,-0.16258279979228973,0.2759876549243927,0.6728143692016602,-0.1625741571187973,0.2753978669643402,0.6721197366714478,-0.16268962621688843,0.2753399610519409,0.6717351675033569,-0.1097472533583641,0.27449578046798706,0.6699981689453125,-0.10982514172792435,0.27366915345191956,0.6685302257537842,-0.10970403999090195,0.27733588218688965,0.6625627279281616,-0.28220129013061523,0.27677664160728455,0.6581544280052185,-0.04177793487906456,0.2978653907775879,0.6708365678787231,-0.15911954641342163,0.2971022427082062,0.6685802340507507,-0.0892333984375,0.3256574273109436,0.6595870852470398,-0.40756675601005554,0.3179689943790436,0.6363362073898315,0.08964001387357712,0.22519628703594208,0.68034428358078,-0.545467734336853,0.22710609436035156,0.6629602313041687,0.18930546939373016,0.1250036060810089,0.6939560174942017,-0.5382372140884399,0.13615354895591736,0.6782503128051758,0.006680007092654705,0.10011527687311172,0.6962195038795471,-0.6046069860458374,0.10909847915172577,0.679882824420929,-0.016254447400569916,0.09379391372203827,0.6926022171974182,-0.5895475745201111,0.09991685301065445,0.6807588934898376,-0.05646451190114021,0.10394447296857834,0.6920760869979858,-0.5330614447593689,0.11366268992424011,0.6806368231773376,-0.019117053598165512,0.5458151698112488,0.645236611366272,-0.15510408580303192,0.5328344702720642,0.6319032311439514,0.15559644997119904,0.6728589534759521,0.6466230154037476,-0.039824653416872025,0.655617892742157,0.6356891393661499,0.3781244158744812,0.7846412658691406,0.6343240737915039,0.18249066174030304,0.773390531539917,0.6253809928894043,0.5571587085723877,0.7916265726089478,0.6269163489341736,0.20042961835861206,0.7878371477127075,0.6236237287521362,0.5673250555992126,0.8258036375045776,0.6479586362838745,0.13017673790454865,0.8090013861656189,0.639696478843689,0.526269257068634
115,0.2871476411819458,0.6773450970649719,-0.1273086965084076,0.27538925409317017,0.6755896806716919,-0.17086315155029297,0.27527692914009094,0.675355076789856,-0.17082901298999786,0.27490970492362976,0.6751555800437927,-0.17092108726501465,0.2742486000061035,0.673124372959137,-0.11880330741405487,0.27350494265556335,0.6714287400245667,-0.11889098584651947,0.27259331941604614,0.6699333190917969,-0.11873464286327362,0.27759993076324463,0.6666008234024048,-0.299898624420166,0.276199609041214,0.6597777605056763,-0.06288740038871765,0.29756081104278564,0.6721969842910767,-0.16742762923240662,0.2965017557144165,0.6694133281707764,-0.09830209612846375,0.32675454020500183,0.6615616083145142,-0.41157370805740356,0.3119921088218689,0.6362127065658569,0.06439901888370514,0.22733794152736664,0.6831101775169373,-0.5581920146942139,0.22460561990737915,0.6624583005905151,0.17908653616905212,0.12803852558135986,0.6967586278915405,-0.5528950691223145,0.1379900574684143,0.6768444180488586,0.002772392239421606,0.09815622121095657,0.6972246766090393,-0.6167086958885193,0.10059619694948196,0.6709996461868286,-0.017497358843684196,0.0952075645327568,0.6932842135429382,-0.6008498072624207,0.10005743056535721,0.6791261434555054,-0.05773855745792389,0.10074223577976227,0.6931706666946411,-0.5472370982170105,0.11489754915237427,0.6792721748352051,-0.022321274504065514,0.5457651615142822,0.6457359790802002,-0.15339148044586182,0.5322763323783875,0.6317917108535767,0.15387633442878723,0.674718976020813,0.6474654674530029,-0.05462277680635452,0.6454668045043945,0.6356958150863647,0.35106024146080017,0.8006871342658997,0.6355479955673218,0.15266525745391846,0.766111433506012,0.6239184141159058,0.5090182423591614,0.8093944191932678,0.6280880570411682,0.16898764669895172,0.7801936864852905,0.6230818033218384,0.5170914530754089,0.8495871424674988,0.6485591530799866,0.09804444760084152,0.8054980039596558,0.6397594213485718,0.47262445092201233
116,0.29176047444343567,0.6766821146011353,-0.11781501024961472,0.27932170033454895,0.6754249930381775,-0.15947739779949188,0.2789035737514496,0.6752117276191711,-0.15945689380168915,0.2784051299095154,0.6751630306243896,-0.15955518186092377,0.2789197564125061,0.673093318939209,-0.10833875834941864,0.2782423794269562,0.6713374257087708,-0.10843297094106674,0.2772141695022583,0.6698530912399292,-0.10829616338014603,0.2819991111755371,0.667110800743103,-0.28870052099227905,0.27946361899375916,0.6597639322280884,-0.05583735927939415,0.3015590310096741,0.6721795797348022,-0.15826374292373657,0.30011340975761414,0.6692453622817993,-0.09032545983791351,0.33794084191322327,0.6622661352157593,-0.4022427499294281,0.3175114095211029,0.6350361108779907,0.0624176487326622,0.24473552405834198,0.684217631816864,-0.5325610041618347,0.22579865157604218,0.6603826880455017,0.18157458305358887,0.16488032042980194,0.6947892904281616,-0.5237818360328674,0.14147400856018066,0.6753259301185608,0.0031522708013653755,0.13842462003231049,0.6963109970092773,-0.5851812362670898,0.10672787576913834,0.6709835529327393,-0.020908983424305916,0.12682919204235077,0.6919289231300354,-0.5744740962982178,0.10242366790771484,0.6789231300354004,-0.06034725531935692,0.15029406547546387,0.6889229416847229,-0.519637942314148,0.12063545733690262,0.6784401535987854,-0.021762678399682045,0.5514158606529236,0.6468624472618103,-0.15288516879081726,0.5363969802856445,0.6315489411354065,0.15330319106578827,0.6754659414291382,0.6480644941329956,0.012422853149473667,0.646264374256134,0.6357010006904602,0.3953184485435486,0.7959349751472473,0.6358208656311035,0.23788270354270935,0.7624152898788452,0.623238742351532,0.616032600402832,0.8025084733963013,0.6284911036491394,0.25529804825782776,0.7777955532073975,0.6216387152671814,0.6304978132247925,0.8461207151412964,0.6485711336135864,0.18986918032169342,0.8021185994148254,0.6391350626945496,0.6060872673988342
117,0.29621103405952454,0.6760794520378113,-0.1164901852607727,0.28435754776000977,0.6752681732177734,-0.15531300008296967,0.2847196161746979,0.6751323938369751,-0.15526387095451355,0.2841438055038452,0.6750634908676147,-0.15535905957221985,0.28384119272232056,0.6728352308273315,-0.104203000664711,0.2828626036643982,0.6712483167648315,-0.1042923703789711,0.28129521012306213,0.6696571111679077,-0.10415627062320709,0.2864062786102295,0.6675980687141418,-0.28620725870132446,0.2820295989513397,0.6597475409507751,-0.06119871139526367,0.3052910268306732,0.6721286177635193,-0.15360786020755768,0.30423006415367126,0.66910320520401,-0.08659251779317856,0.34673139452934265,0.6624315977096558,-0.3982803225517273,0.3202851414680481,0.6336175203323364,0.059131920337677,0.29686257243156433,0.6840800046920776,-0.5320015549659729,0.2622162103652954,0.6533985137939453,0.2182098627090454,0.2088761031627655,0.690902829170227,-0.5120604038238525,0.184097558259964,0.6740059852600098,0.1322292536497116,0.18515989184379578,0.6919357180595398,-0.5733864903450012,0.14949072897434235,0.6721950769424438,0.12352486699819565,0.17405374348163605,0.6891582012176514,-0.5638353824615479,0.1498458981513977,0.6783158183097839,0.08278700709342957,0.1878759115934372,0.6868777871131897,-0.5086243748664856,0.16653184592723846,0.6776130795478821,0.11063681542873383,0.5567590594291687,0.6469587683677673,-0.15263870358467102,0.540916919708252,0.6313724517822266,0.15314695239067078,0.675570547580719,0.6480996012687683,0.08459697663784027,0.6438252925872803,0.6370404362678528,0.47835028171539307,0.7913652062416077,0.6357623338699341,0.33673182129859924,0.7491050958633423,0.6232801675796509,0.7283861637115479,0.802483856678009,0.6293908953666687,0.3594694435596466,0.7724730372428894,0.6217986345291138,0.7469955682754517,0.8388888239860535,0.648577094078064,0.31269991397857666,0.7874219417572021,0.6407111883163452,0.7354370951652527
118,0.2957020699977875,0.6766627430915833,-0.10462823510169983,0.28415000438690186,0.6754223704338074,-0.1468207687139511,0.28442516922950745,0.6753978729248047,-0.14682818949222565,0.28392067551612854,0.6755656599998474,-0.14687849581241608,0.2829039990901947,0.6728583574295044,-0.09787290543317795,0.28149548172950745,0.6714369058609009,-0.09788686037063599,0.2768259346485138,0.6702955365180969,-0.09778053313493729,0.28521376848220825,0.6690775752067566,-0.2750623822212219,0.27622726559638977,0.6610061526298523,-0.05876494571566582,0.304510235786438,0.6733422875404358,-0.14272719621658325,0.3014906346797943,0.6696009635925293,-0.07869160175323486,0.3480913043022156,0.6609025001525879,-0.3814953565597534,0.3160500228404999,0.6310462355613708,0.07614167779684067,0.36945581436157227,0.6808385848999023,-0.4471157491207123,0.2950718104839325,0.6472139954566956,0.28471869230270386,0.287381112575531,0.6864342093467712,-0.39419025182724,0.21019768714904785,0.6728659868240356,0.3151777982711792,0.27320507168769836,0.6865544319152832,-0.4444848895072937,0.19254156947135925,0.6723591685295105,0.32579267024993896,0.25976526737213135,0.6811132431030273,-0.4418570101261139,0.18589194118976593,0.6775665283203125,0.2896372973918915,0.26894521713256836,0.679134726524353,-0.3931643068790436,0.19700638949871063,0.6764014959335327,0.29821228981018066,0.5526896119117737,0.6452487111091614,-0.155371755361557,0.5386025905609131,0.6313110589981079,0.1558801829814911,0.6761306524276733,0.6476194858551025,0.047676462680101395,0.6490833163261414,0.6372605562210083,0.4490540027618408,0.7922012209892273,0.6359219551086426,0.27774572372436523,0.7765508890151978,0.6283771395683289,0.6556152105331421,0.8053088784217834,0.6291797161102295,0.29945290088653564,0.7938578128814697,0.6230764389038086,0.6701485514640808,0.8335225582122803,0.6545168161392212,0.2409701943397522,0.8021120429039001,0.6447728276252747,0.6393796801567078
119,0.29564979672431946,0.6770796775817871,-0.10443402081727982,0.28356170654296875,0.6763192415237427,-0.14502233266830444,0.28430232405662537,0.6759668588638306,-0.14508876204490662,0.28380846977233887,0.6751595735549927,-0.1450919508934021,0.2802409529685974,0.6741836667060852,-0.09764914214611053,0.27843859791755676,0.6723951697349548,-0.09762276709079742,0.2752814292907715,0.6708632111549377,-0.09757859259843826,0.2852587103843689,0.668998658657074,-0.25812727212905884,0.27640002965927124,0.6609886884689331,-0.04669751971960068,0.3045445680618286,0.6738260984420776,-0.13950778543949127,0.3006059527397156,0.6701855659484863,-0.07724922150373459,0.35325267910957336,0.6581864356994629,-0.35163992643356323,0.3201923668384552,0.6320537328720093,0.09702860563993454,0.409402072429657,0.6738587617874146,-0.41339239478111267,0.3417566120624542,0.6412153840065002,0.352144718170166,0.3213287889957428,0.6834133863449097,-0.35636427998542786,0.27657756209373474,0.6724618077278137,0.49630504846572876,0.30676883459091187,0.6827657222747803,-0.3995001018047333,0.25207841396331787,0.6758521199226379,0.5261890292167664,0.2959733009338379,0.679410457611084,-0.39617109298706055,0.250558078289032,0.678570568561554,0.489066481590271,0.3047329783439636,0.6781119704246521,-0.35491374135017395,0.2613394558429718,0.6768010854721069,0.48296919465065,0.5524551272392273,0.6441740393638611,-0.15483510494232178,0.5380094051361084,0.6314073204994202,0.15531760454177856,0.6789997220039368,0.6449699997901917,0.04303842782974243,0.6491758823394775,0.6378953456878662,0.4450628161430359,0.7977533936500549,0.6324678063392639,0.227152019739151,0.7767964005470276,0.628205418586731,0.6129435896873474,0.8063890337944031,0.6238418817520142,0.24816925823688507,0.793824315071106,0.6221283674240112,0.627034604549408,0.8292931318283081,0.6502172946929932,0.2066778540611267,0.7979009747505188,0.6446171998977661,0.6000559329986572
120,0.2998187243938446,0.6779225468635559,-0.10405093431472778,0.28939691185951233,0.6760376691818237,-0.14470650255680084,0.2891267240047455,0.6755177974700928,-0.14479458332061768,0.28846976161003113,0.6749997735023499,-0.14477954804897308,0.28657063841819763,0.6745014786720276,-0.09701494872570038,0.28517478704452515,0.6733580827713013,-0.09700604528188705,0.2833952307701111,0.6726627349853516,-0.09696105122566223,0.2898060381412506,0.6688456535339355,-0.2510001063346863,0.28236743807792664,0.6632257699966431,-0.0441751629114151,0.30964988470077515,0.6738165020942688,-0.13796907663345337,0.306465208530426,0.6722397804260254,-0.07718690484762192,0.3590371012687683,0.6558693051338196,-0.3275693356990814,0.33275917172431946,0.6326724290847778,0.10047463327646255,0.4385688006877899,0.6689234375953674,-0.4034861624240875,0.3953190743923187,0.6344161033630371,0.35434451699256897,0.3538438677787781,0.6817981004714966,-0.36052364110946655,0.3393198251724243,0.6663773655891418,0.5206127762794495,0.33668404817581177,0.6832525134086609,-0.39609459042549133,0.3160697817802429,0.6727623343467712,0.5615660548210144,0.3270520269870758,0.6797760128974915,-0.38564926385879517,0.3133586347103119,0.6767470240592957,0.5290377140045166,0.33742380142211914,0.6783317923545837,-0.35633164644241333,0.32225996255874634,0.6744388341903687,0.5112413167953491,0.5517557859420776,0.6436164379119873,-0.1496175080537796,0.5368722081184387,0.6317185163497925,0.14995847642421722,0.6815784573554993,0.6450411081314087,-0.041994981467723846,0.6547441482543945,0.6379749774932861,0.347027450799942,0.8009052872657776,0.6325966119766235,0.10158327966928482,0.7806832790374756,0.6284914016723633,0.49447935819625854,0.8162699341773987,0.624369740486145,0.11577640473842621,0.7959243059158325,0.621951699256897,0.504242479801178,0.8274651169776917,0.6503162384033203,0.06015988066792488,0.8079004287719727,0.6455516219139099,0.4706469774246216
121,0.30198225378990173,0.6785169243812561,-0.18610507249832153,0.29050445556640625,0.6760018467903137,-0.22508186101913452,0.2904084026813507,0.6753493547439575,-0.2252490222454071,0.2901593744754791,0.6748732328414917,-0.22533321380615234,0.28668302297592163,0.6747413873672485,-0.18247951567173004,0.28524893522262573,0.673841655254364,-0.18252845108509064,0.2835347354412079,0.6733568906784058,-0.18253879249095917,0.2925848960876465,0.6670986413955688,-0.3229328989982605,0.28258630633354187,0.6639073491096497,-0.13228663802146912,0.3117608428001404,0.6739378571510315,-0.21401797235012054,0.30768683552742004,0.6737122535705566,-0.15829619765281677,0.36532020568847656,0.6540963053703308,-0.38237062096595764,0.33127284049987793,0.6325368881225586,0.014499501325190067,0.45717349648475647,0.6589635610580444,-0.48407506942749023,0.3890639543533325,0.6255159974098206,0.2950974404811859,0.3791305124759674,0.6790372133255005,-0.5193220973014832,0.35530993342399597,0.6581867933273315,0.4619452953338623,0.36212337017059326,0.6832205057144165,-0.570550799369812,0.33911213278770447,0.6647473573684692,0.49953028559684753,0.35646089911460876,0.6799861192703247,-0.5607276558876038,0.3373876214027405,0.669803261756897,0.45895904302597046,0.3649483621120453,0.6779648065567017,-0.5175812244415283,0.34447285532951355,0.6679733395576477,0.4501732587814331,0.5515112280845642,0.6424124836921692,-0.14333023130893707,0.53334641456604,0.6316508054733276,0.14355424046516418,0.6833045482635498,0.6457699537277222,0.017580699175596237,0.6551138162612915,0.6380115747451782,0.3684501349925995,0.8035271763801575,0.6326848268508911,0.17800185084342957,0.7817382216453552,0.6283093094825745,0.5307252407073975,0.8160795569419861,0.6242324709892273,0.19281712174415588,0.7951411008834839,0.6190540790557861,0.5547929406166077,0.8274338841438293,0.6504267454147339,0.12515400350093842,0.8041835427284241,0.6461563110351562,0.49285364151000977
122,0.30191245675086975,0.6773670315742493,-0.2674401104450226,0.290825217962265,0.6744166612625122,-0.3015122711658478,0.2908015847206116,0.6732981204986572,-0.3017035126686096,0.29146263003349304,0.6713434457778931,-0.30184051394462585,0.28842446208000183,0.6747188568115234,-0.2588307857513428,0.2873702049255371,0.6741209030151367,-0.25886744260787964,0.2862069606781006,0.6740528345108032,-0.258878618478775,0.29480403661727905,0.66164231300354,-0.3732853829860687,0.28510066866874695,0.6656636595726013,-0.18280015885829926,0.3139796257019043,0.6716141104698181,-0.28544121980667114,0.3096672594547272,0.6736516952514648,-0.22985555231571198,0.3682531714439392,0.6440678834915161,-0.415527880191803,0.33014217019081116,0.6330463290214539,-0.02045479044318199,0.46634432673454285,0.6504091024398804,-0.5281334519386292,0.3800050914287567,0.6266457438468933,0.28164225816726685,0.40437257289886475,0.679307222366333,-0.5816466808319092,0.3466603755950928,0.6553483009338379,0.48835882544517517,0.3796914517879486,0.683340847492218,-0.636497974395752,0.3318632245063782,0.6611901521682739,0.5306314826011658,0.3717726469039917,0.6808258891105652,-0.6246212124824524,0.32964828610420227,0.6657496690750122,0.4899137616157532,0.3789030611515045,0.6789723038673401,-0.579479455947876,0.3369026482105255,0.6642493009567261,0.47827231884002686,0.551351010799408,0.6412287354469299,-0.14060571789741516,0.5314153432846069,0.6331794261932373,0.14082856476306915,0.6837818026542664,0.6457746028900146,0.01386825367808342,0.655018150806427,0.6377195119857788,0.37473297119140625,0.8036412000656128,0.6327077150344849,0.174448624253273,0.7783126831054688,0.6271668076515198,0.6018943786621094,0.8158414363861084,0.6233630776405334,0.1898304671049118,0.7940562963485718,0.6177654266357422,0.6210588216781616,0.8274389505386353,0.6504313945770264,0.11836665123701096,0.8005172610282898,0.645448625087738,0.5821550488471985
123,0.3018293082714081,0.6773594617843628,-0.2654420733451843,0.29101938009262085,0.6741612553596497,-0.3005668818950653,0.2912577688694,0.6730589866638184,-0.3007890284061432,0.29193031787872314,0.6714599132537842,-0.30090075731277466,0.28828155994415283,0.6746578812599182,-0.2620120346546173,0.28720396757125854,0.6740961074829102,-0.262056827545166,0.2859947979450226,0.6740201115608215,-0.26200246810913086,0.29579591751098633,0.6620668172836304,-0.3753677308559418,0.28504008054733276,0.6652153134346008,-0.20284900069236755,0.31385770440101624,0.6716744303703308,-0.28402063250541687,0.30936118960380554,0.6735849976539612,-0.23358054459095,0.3731133043766022,0.6463419198989868,-0.4073096811771393,0.32975462079048157,0.6301578283309937,-0.056203268468379974,0.4634557366371155,0.6466916799545288,-0.5196807384490967,0.3719629645347595,0.6156783699989319,0.2381848692893982,0.43516913056373596,0.6785064935684204,-0.5252969264984131,0.3540717363357544,0.6451312303543091,0.4468246102333069,0.4118109345436096,0.6838887929916382,-0.5779284834861755,0.34307923913002014,0.6504366397857666,0.4813629984855652,0.4032896161079407,0.6820921301841736,-0.5672585964202881,0.3435933291912079,0.6559082269668579,0.4394207298755646,0.4057227373123169,0.6802559494972229,-0.5228134989738464,0.35046815872192383,0.655041515827179,0.4348779320716858,0.5460346937179565,0.6413683295249939,-0.13373810052871704,0.524613082408905,0.6333601474761963,0.13395395874977112,0.6784106492996216,0.6458207368850708,0.031153911724686623,0.6484032273292542,0.637725293636322,0.3576175570487976,0.7979261875152588,0.6315561532974243,0.19927173852920532,0.768523097038269,0.6255357265472412,0.5758618712425232,0.8119515180587769,0.6215035319328308,0.21516984701156616,0.7871901392936707,0.6147889494895935,0.5947285294532776,0.8271857500076294,0.650357186794281,0.1484445035457611,0.7921213507652283,0.645937442779541,0.5581332445144653
124,0.30217444896698,0.6753666400909424,-0.28939926624298096,0.2919824421405792,0.6725490689277649,-0.3208106756210327,0.29217270016670227,0.6715450882911682,-0.32098084688186646,0.29329949617385864,0.6705133318901062,-0.3210580050945282,0.28982013463974,0.6732362508773804,-0.2831701636314392,0.2886991798877716,0.6727772355079651,-0.28319641947746277,0.28754669427871704,0.6726478338241577,-0.28310954570770264,0.297255277633667,0.662238359451294,-0.38061976432800293,0.2876097857952118,0.6637803316116333,-0.21219590306282043,0.31408074498176575,0.6705056428909302,-0.3024695813655853,0.310021311044693,0.6724333763122559,-0.25336146354675293,0.3772434592247009,0.6483694314956665,-0.40948837995529175,0.33224374055862427,0.6281195878982544,-0.046712521463632584,0.46782946586608887,0.6323013305664062,-0.4390196204185486,0.38431307673454285,0.6103821992874146,0.23616404831409454,0.4584144949913025,0.6765298843383789,-0.4089199900627136,0.3807489573955536,0.6393104791641235,0.43755051493644714,0.4475186765193939,0.6829886436462402,-0.4553608000278473,0.3730461597442627,0.6457796692848206,0.4768482744693756,0.43390387296676636,0.6823419332504272,-0.4423850476741791,0.3745105266571045,0.6515886783599854,0.41741472482681274,0.43690913915634155,0.6800599098205566,-0.4027720093727112,0.38018324971199036,0.6503457427024841,0.42211905121803284,0.5473306179046631,0.6412948966026306,-0.13508540391921997,0.5261160731315613,0.6301069259643555,0.13532812893390656,0.6806123852729797,0.6457825899124146,0.026381660252809525,0.6553295254707336,0.6371009349822998,0.35354724526405334,0.8008033633232117,0.6335806250572205,0.19454814493656158,0.7770926356315613,0.6257918477058411,0.5510597825050354,0.8232104778289795,0.620619535446167,0.21004106104373932,0.7929894924163818,0.6148998141288757,0.5671024918556213,0.8292527198791504,0.6659101843833923,0.14851531386375427,0.7992172837257385,0.6477844715118408,0.5383250117301941
125,0.30270007252693176,0.6723069548606873,-0.3917042315006256,0.29239410161972046,0.6699756979942322,-0.41763463616371155,0.29256731271743774,0.6687938570976257,-0.41778573393821716,0.29359909892082214,0.6671328544616699,-0.4178652763366699,0.2907261550426483,0.671984076499939,-0.3811647593975067,0.28983402252197266,0.6720436811447144,-0.3811902701854706,0.2877597510814667,0.6723095178604126,-0.3811050057411194,0.2976023852825165,0.6599031090736389,-0.4441383481025696,0.2897173762321472,0.6640763282775879,-0.28140127658843994,0.31462329626083374,0.6674694418907166,-0.39194968342781067,0.3110141456127167,0.6707123517990112,-0.34447038173675537,0.3794855773448944,0.6493004560470581,-0.43812379240989685,0.33217668533325195,0.6282938718795776,-0.09482036530971527,0.46882912516593933,0.6342535614967346,-0.44007328152656555,0.378907173871994,0.6113702654838562,0.20964744687080383,0.46777793765068054,0.6752712726593018,-0.39783671498298645,0.3733047842979431,0.6364825367927551,0.4266548156738281,0.45903417468070984,0.6820684671401978,-0.4386637508869171,0.36643192172050476,0.6417242288589478,0.46871939301490784,0.44502559304237366,0.6823217272758484,-0.4313789904117584,0.37518468499183655,0.6454843878746033,0.4122941195964813,0.4474792182445526,0.6796823740005493,-0.39297547936439514,0.3737221956253052,0.6458244919776917,0.41518324613571167,0.5472204685211182,0.640191376209259,-0.13145896792411804,0.5241670608520508,0.6305431127548218,0.13168995082378387,0.6801959872245789,0.6457902789115906,0.027988150715827942,0.6531311273574829,0.6370624303817749,0.33777952194213867,0.8004206418991089,0.6325541138648987,0.18375436961650848,0.7762748003005981,0.6254969835281372,0.5379458665847778,0.8166108727455139,0.6195783019065857,0.19729465246200562,0.7905799746513367,0.6149502992630005,0.5542336106300354,0.8302091956138611,0.660699725151062,0.1314951330423355,0.7936908006668091,0.6474093198776245,0.5234647393226624
126,0.30520957708358765,0.6711031794548035,-0.2864927649497986,0.29623544216156006,0.6687964797019958,-0.3230943977832794,0.2962166666984558,0.6669318675994873,-0.32330048084259033,0.29637646675109863,0.6658554673194885,-0.3233456611633301,0.2943187654018402,0.6697750687599182,-0.2842582166194916,0.29345640540122986,0.6698281168937683,-0.2843237519264221,0.29220253229141235,0.6699810028076172,-0.2842291295528412,0.29857778549194336,0.6596869230270386,-0.41111335158348083,0.2919207811355591,0.6626939177513123,-0.2470167577266693,0.3162182569503784,0.6659663915634155,-0.30837881565093994,0.31260648369789124,0.6688112616539001,-0.25788551568984985,0.3794417083263397,0.649344801902771,-0.434062659740448,0.33260494470596313,0.6259671449661255,-0.06101656332612038,0.4626803994178772,0.6317332983016968,-0.4655504822731018,0.3641500771045685,0.6118650436401367,0.22609132528305054,0.4640282392501831,0.6729186177253723,-0.4877132773399353,0.3644479215145111,0.6390408277511597,0.422903835773468,0.45169687271118164,0.6798560619354248,-0.5427060723304749,0.3577831983566284,0.6445826888084412,0.4597395956516266,0.4416648745536804,0.680334210395813,-0.5329141616821289,0.3620709776878357,0.6485476493835449,0.4032982587814331,0.44429317116737366,0.6774987578392029,-0.484995573759079,0.3657899498939514,0.6480845808982849,0.4084472358226776,0.5489235520362854,0.6402531862258911,-0.1322919875383377,0.527576208114624,0.6305143237113953,0.1325337439775467,0.6799085140228271,0.6459622383117676,0.03721538186073303,0.6516051292419434,0.637065052986145,0.35917845368385315,0.7967426776885986,0.6319606900215149,0.21142849326133728,0.7688791751861572,0.6253622770309448,0.5752319097518921,0.8096952438354492,0.6196648478507996,0.2276424616575241,0.7814047932624817,0.61512291431427,0.5923255681991577,0.8301955461502075,0.6604416370391846,0.16754688322544098,0.7938696146011353,0.647344708442688,0.5623388290405273
127,0.3006231486797333,0.6701952219009399,-0.18839189410209656,0.2905389666557312,0.6680635809898376,-0.22564928233623505,0.29053083062171936,0.6669009923934937,-0.22581179440021515,0.29039692878723145,0.6661011576652527,-0.22587117552757263,0.2890915870666504,0.6683223843574524,-0.182565376162529,0.28786206245422363,0.6673021912574768,-0.18259072303771973,0.2866573631763458,0.6667530536651611,-0.18249660730361938,0.29547199606895447,0.6585434675216675,-0.31893956661224365,0.2871095538139343,0.6579835414886475,-0.12623105943202972,0.3105737268924713,0.6661287546157837,-0.21476073563098907,0.3083353042602539,0.6676243543624878,-0.15850770473480225,0.3714672029018402,0.6488564014434814,-0.386751651763916,0.33112281560897827,0.6261988878250122,0.01962433010339737,0.452576607465744,0.6366127729415894,-0.45814386010169983,0.3636709451675415,0.6148075461387634,0.2728317081928253,0.4658021628856659,0.6728507876396179,-0.48196831345558167,0.3631778657436371,0.6460274457931519,0.4247841238975525,0.45638805627822876,0.6799048781394958,-0.5307379961013794,0.35719266533851624,0.6525697112083435,0.45703810453414917,0.4457205832004547,0.6799236536026001,-0.5206429958343506,0.3594835102558136,0.6564189791679382,0.406083345413208,0.4479942321777344,0.6774812340736389,-0.4787059426307678,0.3638150990009308,0.6551657915115356,0.4100062847137451,0.5488653182983398,0.640295684337616,-0.1353408247232437,0.5276152491569519,0.6305965185165405,0.13551916182041168,0.6787817478179932,0.6459594964981079,0.016967784613370895,0.651598334312439,0.6372852325439453,0.3548811674118042,0.797111451625824,0.6318814158439636,0.18631240725517273,0.7717471718788147,0.6257055997848511,0.5475403666496277,0.809794545173645,0.6205946207046509,0.20160645246505737,0.78922438621521,0.6161544322967529,0.5614842772483826,0.8290391564369202,0.6570364236831665,0.1399768441915512,0.8050718307495117,0.647727370262146,0.5258186459541321
128,0.2986127436161041,0.6685478091239929,-0.1936418116092682,0.28905731439590454,0.6654223203659058,-0.23206079006195068,0.2890608608722687,0.664821982383728,-0.2322346568107605,0.28895798325538635,0.664318859577179,-0.2323027104139328,0.2866269052028656,0.6649029850959778,-0.19055159389972687,0.28569385409355164,0.663792073726654,-0.19059506058692932,0.2846919596195221,0.6628134250640869,-0.19051863253116608,0.29503387212753296,0.6566840410232544,-0.32838180661201477,0.28611111640930176,0.6527306437492371,-0.14279805123806,0.3092087209224701,0.665804922580719,-0.22122828662395477,0.3067033290863037,0.6649256348609924,-0.1672210991382599,0.37361976504325867,0.6491838097572327,-0.38954874873161316,0.32811424136161804,0.6218302845954895,0.0019949544221162796,0.4526216685771942,0.6423488855361938,-0.45792296528816223,0.3492140471935272,0.6141294836997986,0.2344384342432022,0.4655704200267792,0.6731309294700623,-0.47555479407310486,0.3475818634033203,0.6467761397361755,0.36855676770210266,0.4567889869213104,0.6797091960906982,-0.5240061283111572,0.3408403694629669,0.6537518501281738,0.3927168846130371,0.4470672309398651,0.6798242330551147,-0.5152121186256409,0.3445371091365814,0.6578774452209473,0.3460354804992676,0.44946980476379395,0.6772984266281128,-0.4712788164615631,0.35048478841781616,0.6566377878189087,0.35238775610923767,0.5522342920303345,0.6415824294090271,-0.13538764417171478,0.5308011174201965,0.6303269863128662,0.13555429875850677,0.6789082288742065,0.6467284560203552,0.017408188432455063,0.650547981262207,0.6376819610595703,0.35946035385131836,0.8008304238319397,0.632067084312439,0.19836461544036865,0.7773132920265198,0.6258853673934937,0.5494111776351929,0.8116713762283325,0.6223296523094177,0.21550314128398895,0.7904030680656433,0.6165416240692139,0.5629734992980957,0.8283735513687134,0.6566987037658691,0.16221439838409424,0.8059734106063843,0.6476989388465881,0.5338723659515381
129,0.2922758460044861,0.6629395484924316,-0.31390252709388733,0.2858295142650604,0.6577666997909546,-0.3479137420654297,0.2865695357322693,0.6571142673492432,-0.34815850853919983,0.2873123288154602,0.6564891934394836,-0.34825241565704346,0.28355705738067627,0.6571892499923706,-0.3080638647079468,0.28159552812576294,0.6561921238899231,-0.30814510583877563,0.2811216115951538,0.6550883054733276,-0.3080819547176361,0.29549428820610046,0.6495714783668518,-0.414645254611969,0.2867351770401001,0.6465161442756653,-0.23629465699195862,0.3070280849933624,0.6604117155075073,-0.32966163754463196,0.3032568693161011,0.6597959995269775,-0.2777508795261383,0.385544091463089,0.6479101777076721,-0.45022720098495483,0.3301360309123993,0.6177276372909546,-0.06939879804849625,0.47393327951431274,0.6358259916305542,-0.46824225783348083,0.37161776423454285,0.6104954481124878,0.19776250422000885,0.4681086540222168,0.6733413934707642,-0.4675370156764984,0.3660455346107483,0.6455875635147095,0.3375310003757477,0.4572623372077942,0.6801886558532715,-0.5231902003288269,0.358062744140625,0.6522627472877502,0.35729315876960754,0.44802919030189514,0.6798502802848816,-0.5131556391716003,0.3603355884552002,0.657238245010376,0.3053261637687683,0.4501596689224243,0.677401602268219,-0.4641353487968445,0.3667309284210205,0.6561720967292786,0.31974363327026367,0.5584913492202759,0.6415830850601196,-0.13680356740951538,0.5354955196380615,0.6292598247528076,0.13707056641578674,0.678846001625061,0.6477289199829102,0.08175790309906006,0.6451132297515869,0.6374594569206238,0.43925824761390686,0.7987676858901978,0.6314411759376526,0.3519970774650574,0.7714129090309143,0.6246821880340576,0.7008128762245178,0.806611955165863,0.6212624907493591,0.37975725531578064,0.7811673283576965,0.6160011887550354,0.7242053747177124,0.8234865069389343,0.6520642042160034,0.3428342044353485,0.7835832238197327,0.6442036628723145,0.7095440626144409
130,0.28761905431747437,0.6429752111434937,-0.1770106703042984,0.2827301323413849,0.6387930512428284,-0.20788785815238953,0.2838893234729767,0.6391965746879578,-0.20805518329143524,0.28513625264167786,0.6396753191947937,-0.20808465778827667,0.2808350622653961,0.6364015340805054,-0.17408739030361176,0.2801077365875244,0.6351257562637329,-0.1741853505373001,0.28014224767684937,0.6340743899345398,-0.17418508231639862,0.2956438362598419,0.6364797353744507,-0.2840443551540375,0.28814342617988586,0.6277481913566589,-0.1336182951927185,0.30399471521377563,0.6442230343818665,-0.19847719371318817,0.3000165820121765,0.6411802172660828,-0.15481513738632202,0.3863948881626129,0.6427291631698608,-0.34822043776512146,0.354599267244339,0.6073252558708191,0.0001497526391176507,0.4741468131542206,0.6369467973709106,-0.3727351427078247,0.4027097523212433,0.6101869344711304,0.2144358903169632,0.4655417501926422,0.6733916401863098,-0.34824836254119873,0.3884868919849396,0.6450130343437195,0.35642319917678833,0.4541516602039337,0.6804960370063782,-0.38839802145957947,0.3784005045890808,0.6515206694602966,0.3765999972820282,0.4437513053417206,0.6798700094223022,-0.3810129761695862,0.378698468208313,0.656494140625,0.3331467807292938,0.4458901584148407,0.6774142384529114,-0.34448134899139404,0.38453757762908936,0.6552212238311768,0.3412652611732483,0.5603161454200745,0.6448546648025513,-0.12635751068592072,0.5433565974235535,0.6283956170082092,0.12669271230697632,0.6806402206420898,0.6477380394935608,0.061643701046705246,0.6516021490097046,0.6368460059165955,0.3701317608356476,0.7999930381774902,0.6319699883460999,0.29430291056632996,0.7741745114326477,0.6245783567428589,0.5599027276039124,0.8083187341690063,0.6225584149360657,0.313759982585907,0.7889462113380432,0.6162187457084656,0.5760166645050049,0.8241350054740906,0.6522977948188782,0.25337904691696167,0.78615403175354,0.6448723673820496,0.5497774481773376
131,0.2918590009212494,0.6258906126022339,-0.13124273717403412,0.28539034724235535,0.6232585906982422,-0.16849054396152496,0.28633561730384827,0.6238962411880493,-0.16869011521339417,0.2874249815940857,0.6246441602706909,-0.16875885426998138,0.28483593463897705,0.6208043694496155,-0.13157592713832855,0.28534385561943054,0.6188465356826782,-0.13168351352214813,0.2860254645347595,0.6177474856376648,-0.13171131908893585,0.29980361461639404,0.6231786012649536,-0.2698321044445038,0.2967066764831543,0.6125227808952332,-0.1039358526468277,0.3071140646934509,0.6282952427864075,-0.16063743829727173,0.3063651919364929,0.6249622702598572,-0.1124698743224144,0.3804916441440582,0.6417709589004517,-0.34478455781936646,0.3709004819393158,0.5961472988128662,0.022539660334587097,0.4732993543148041,0.6441128849983215,-0.3615143299102783,0.4329807758331299,0.6080256104469299,0.23751871287822723,0.46377915143966675,0.6734347939491272,-0.316081166267395,0.41066139936447144,0.6454800367355347,0.35749974846839905,0.4521925151348114,0.6805214881896973,-0.35341084003448486,0.39957666397094727,0.6526570320129395,0.3745119869709015,0.4423288106918335,0.6794082522392273,-0.3502829074859619,0.39698469638824463,0.6577661633491516,0.3341258466243744,0.44507911801338196,0.6766843795776367,-0.3133997321128845,0.40243667364120483,0.6561006307601929,0.34223368763923645,0.5626494884490967,0.6446709036827087,-0.1226867064833641,0.5503694415092468,0.6268670558929443,0.12301480770111084,0.6804746985435486,0.647846519947052,0.11315858364105225,0.6493321061134338,0.6257197260856628,0.4111511707305908,0.7999944090843201,0.6322729587554932,0.32608526945114136,0.7534945011138916,0.6164848208427429,0.6508369445800781,0.8084731101989746,0.6241481900215149,0.3480801582336426,0.7741390466690063,0.6101416945457458,0.673229455947876,0.8172024488449097,0.6522700786590576,0.3042144775390625,0.7640078067779541,0.6354052424430847,0.6647898554801941
132,0.30496498942375183,0.6164194345474243,-0.1505792886018753,0.2983603775501251,0.6111005544662476,-0.19925668835639954,0.2991541624069214,0.6109556555747986,-0.19942806661128998,0.3000796139240265,0.6108495593070984,-0.19952227175235748,0.2972848117351532,0.6101281046867371,-0.15755794942378998,0.2974974811077118,0.6092081069946289,-0.15757420659065247,0.29773828387260437,0.6084094047546387,-0.1575205773115158,0.31140729784965515,0.607235312461853,-0.2943149209022522,0.3064635992050171,0.6025683879852295,-0.12604686617851257,0.31850165128707886,0.6176232099533081,-0.18909244239330292,0.3175455331802368,0.6162801384925842,-0.13450554013252258,0.39580103754997253,0.6208662390708923,-0.3588992953300476,0.37406882643699646,0.5873270034790039,0.012170331552624702,0.47240307927131653,0.6399838924407959,-0.3855871856212616,0.4149058163166046,0.6057134866714478,0.22415754199028015,0.4646873474121094,0.673538327217102,-0.3291091322898865,0.3976896107196808,0.6426397562026978,0.3333997428417206,0.4514589011669159,0.6807615756988525,-0.38699793815612793,0.3874727785587311,0.6499101519584656,0.34650224447250366,0.44138434529304504,0.6800233125686646,-0.36922556161880493,0.3867007791996002,0.6531742811203003,0.3065268099308014,0.44508183002471924,0.676969051361084,-0.32320743799209595,0.3921951353549957,0.6514135599136353,0.318318247795105,0.5656664967536926,0.6429486870765686,-0.1218884065747261,0.5561224818229675,0.6253789663314819,0.12221930921077728,0.6786534786224365,0.6482411026954651,0.09521578997373581,0.6500063538551331,0.6305620670318604,0.41555482149124146,0.7977067828178406,0.6321395635604858,0.3525606393814087,0.7650206685066223,0.6213678121566772,0.6487878561019897,0.8047325015068054,0.6234825849533081,0.3803664743900299,0.7850091457366943,0.6142305135726929,0.66921067237854,0.8177919983863831,0.6498014330863953,0.3530347943305969,0.7838815450668335,0.6379194855690002,0.6497899293899536
133,0.31051501631736755,0.6045928597450256,-0.2718513607978821,0.30450689792633057,0.5985043048858643,-0.3021984100341797,0.30609244108200073,0.5977438688278198,-0.30241280794143677,0.3083089590072632,0.5970848202705383,-0.30250510573387146,0.3025199770927429,0.5985192656517029,-0.26411446928977966,0.3026939034461975,0.5977362990379333,-0.26429957151412964,0.3029654920101166,0.5969319343566895,-0.26434776186943054,0.3220405578613281,0.591751217842102,-0.3610017001628876,0.31449928879737854,0.590421199798584,-0.19107592105865479,0.32684436440467834,0.6048457026481628,-0.2869170606136322,0.32395434379577637,0.6047762632369995,-0.2372557371854782,0.4135480225086212,0.6051875352859497,-0.4106755256652832,0.37919437885284424,0.5842344760894775,-0.042280349880456924,0.4813234210014343,0.6412502527236938,-0.4250544607639313,0.4261959195137024,0.61107337474823,0.11555317044258118,0.463954895734787,0.6757590770721436,-0.35977303981781006,0.3965527415275574,0.6526123285293579,0.13817326724529266,0.45095133781433105,0.6848858594894409,-0.4030034840106964,0.3839524984359741,0.6590501666069031,0.14109152555465698,0.4409239888191223,0.6823575496673584,-0.3984346091747284,0.38311097025871277,0.6624224781990051,0.09812518954277039,0.4442557394504547,0.6800122857093811,-0.3563954532146454,0.392569899559021,0.6583762168884277,0.11968718469142914,0.5751456618309021,0.6359447240829468,-0.12255354970693588,0.5589557886123657,0.6245405673980713,0.12290440499782562,0.6923823952674866,0.6549120545387268,0.0880168005824089,0.6712802052497864,0.63497394323349,0.41248974204063416,0.7975124716758728,0.6349499821662903,0.379905104637146,0.7841796875,0.6256752610206604,0.6663857102394104,0.8099545240402222,0.6179079413414001,0.4103735685348511,0.7881909012794495,0.6211953163146973,0.6895619630813599,0.8200131058692932,0.6490005254745483,0.38540250062942505,0.8012874126434326,0.6417441368103027,0.6706032752990723
134,0.32099953293800354,0.5937575101852417,-0.35448920726776123,0.31716230511665344,0.5868677496910095,-0.38045692443847656,0.32013174891471863,0.5855005979537964,-0.3806505501270294,0.3228130638599396,0.5841637849807739,-0.38073205947875977,0.31266990303993225,0.5884867906570435,-0.3400213122367859,0.3129047155380249,0.5874814391136169,-0.34024518728256226,0.3129473924636841,0.5866919159889221,-0.3403468728065491,0.3373624384403229,0.5756884813308716,-0.42074859142303467,0.323637992143631,0.5794267654418945,-0.23931176960468292,0.3386281430721283,0.5927724242210388,-0.36288806796073914,0.33280709385871887,0.5937350988388062,-0.31026872992515564,0.4306853115558624,0.5801964998245239,-0.4559859037399292,0.3741569519042969,0.5793256759643555,-0.09312767535448074,0.49840715527534485,0.6286070346832275,-0.5007102489471436,0.3991392254829407,0.6223074793815613,0.007315083872526884,0.468211829662323,0.6765597462654114,-0.5004009008407593,0.37487199902534485,0.6567593812942505,-0.051834817975759506,0.46137911081314087,0.6864416003227234,-0.5619615912437439,0.3601435720920563,0.6626788973808289,-0.06715069711208344,0.44695380330085754,0.6829115748405457,-0.54971843957901,0.3604590892791748,0.66383296251297,-0.10738041251897812,0.4501602053642273,0.680324137210846,-0.4969438314437866,0.36855313181877136,0.6601664423942566,-0.07160920649766922,0.5795855522155762,0.6230670213699341,-0.12234358489513397,0.5540115237236023,0.6245371699333191,0.12277650833129883,0.6911524534225464,0.6535123586654663,0.07629644870758057,0.6531792283058167,0.6387428045272827,0.3806268870830536,0.7961068749427795,0.6348360776901245,0.35300251841545105,0.7567582726478577,0.6229655742645264,0.6626557111740112,0.8050713539123535,0.6204923987388611,0.38061121106147766,0.774312436580658,0.6194716095924377,0.6889826655387878,0.8227403163909912,0.6485089063644409,0.34098416566848755,0.7867343425750732,0.6417152285575867,0.6684268712997437
135,0.326267808675766,0.585239052772522,-0.3978714048862457,0.32434195280075073,0.5781936645507812,-0.4200747609138489,0.32788529992103577,0.5765203237533569,-0.4202460050582886,0.3310837745666504,0.5749355554580688,-0.4202955365180969,0.3191714882850647,0.5793792009353638,-0.384859174489975,0.31805598735809326,0.5786212682723999,-0.3851199150085449,0.3182871639728546,0.5778701901435852,-0.38523903489112854,0.3460148572921753,0.5671967267990112,-0.438218891620636,0.3312219977378845,0.5710691213607788,-0.2794886827468872,0.34889474511146545,0.584333598613739,-0.3982939124107361,0.33951660990715027,0.5856003761291504,-0.35237106680870056,0.4374450147151947,0.5705376863479614,-0.45781537890434265,0.37213677167892456,0.5761364698410034,-0.1384253352880478,0.4990939199924469,0.626754641532898,-0.5003871321678162,0.385852187871933,0.6228744387626648,-0.04943207651376724,0.4680342674255371,0.6770036816596985,-0.5054758191108704,0.36447879672050476,0.6599389910697937,-0.12392959743738174,0.46058446168899536,0.6864808797836304,-0.5633377432823181,0.3488607704639435,0.6647886037826538,-0.1456959843635559,0.4459898769855499,0.6828902959823608,-0.55864417552948,0.3562629818916321,0.6640654802322388,-0.18172280490398407,0.44930675625801086,0.6802642941474915,-0.5044922828674316,0.3629828989505768,0.6616029143333435,-0.14154498279094696,0.5825753808021545,0.6117655038833618,-0.11088225990533829,0.5387672781944275,0.6203961968421936,0.11135055869817734,0.6904875636100769,0.6518979072570801,-0.006094611249864101,0.5657483339309692,0.6493919491767883,0.26360252499580383,0.7965397238731384,0.6307698488235474,0.2664804756641388,0.6501526236534119,0.622572660446167,0.6149469614028931,0.8035352230072021,0.6194552183151245,0.2947615087032318,0.6600115895271301,0.6146126389503479,0.6533752679824829,0.8228815793991089,0.6445878744125366,0.26139095425605774,0.6833241581916809,0.6378406286239624,0.6749134063720703
136,0.34186089038848877,0.5792324542999268,-0.338575541973114,0.33681654930114746,0.5715869665145874,-0.36829593777656555,0.33921074867248535,0.5701931715011597,-0.3685040771961212,0.3432498276233673,0.5683987140655518,-0.3685865104198456,0.33258238434791565,0.5728878974914551,-0.3285638391971588,0.33203813433647156,0.57228022813797,-0.3287540674209595,0.3318900167942047,0.5714579820632935,-0.3288159966468811,0.35630252957344055,0.5610479116439819,-0.38042089343070984,0.3418098986148834,0.564653754234314,-0.2498849630355835,0.36120474338531494,0.5780041813850403,-0.3522922396659851,0.3545965552330017,0.5796194672584534,-0.2995985746383667,0.44406139850616455,0.5640673637390137,-0.39564794301986694,0.3815285265445709,0.5697944164276123,-0.10119161754846573,0.49901843070983887,0.6213446259498596,-0.4430610239505768,0.3845265209674835,0.6184786558151245,0.0033486359752714634,0.46813103556632996,0.6766706705093384,-0.4546601474285126,0.36734673380851746,0.6587094068527222,-0.03783304989337921,0.4598486125469208,0.6863903403282166,-0.5077664852142334,0.3508552014827728,0.6637130379676819,-0.05129529535770416,0.44639480113983154,0.6826993823051453,-0.49391958117485046,0.3576565086841583,0.6637074947357178,-0.08775930106639862,0.4486502408981323,0.6793578863143921,-0.4507178068161011,0.36412593722343445,0.6612704992294312,-0.05494217947125435,0.5926370024681091,0.6073571443557739,-0.10523441433906555,0.5527656078338623,0.6162419319152832,0.10564271360635757,0.6956397294998169,0.6500124335289001,0.021811505779623985,0.6546576619148254,0.6480525135993958,0.28323569893836975,0.7978375554084778,0.6303027868270874,0.2617446184158325,0.7634645104408264,0.6226383447647095,0.5076898336410522,0.8038246035575867,0.6159385442733765,0.28618571162223816,0.7691863179206848,0.6147581338882446,0.5287265181541443,0.8323414325714111,0.6451708078384399,0.259731650352478,0.7924334406852722,0.640032172203064,0.514216423034668
137,0.34610310196876526,0.5798158645629883,-0.40041619539260864,0.34307050704956055,0.5717176795005798,-0.42088085412979126,0.3457619249820709,0.5698860883712769,-0.421053946018219,0.3483469486236572,0.5682221055030823,-0.4210963845252991,0.3377893269062042,0.5728856325149536,-0.38676953315734863,0.33758920431137085,0.5721955299377441,-0.3870126008987427,0.3375166952610016,0.5712333917617798,-0.38712650537490845,0.3614206612110138,0.5602474808692932,-0.4317065477371216,0.3462943136692047,0.5639292001724243,-0.2831396460533142,0.3697563111782074,0.5774720311164856,-0.39905238151550293,0.3603205680847168,0.5787346363067627,-0.35486096143722534,0.45442378520965576,0.5594747066497803,-0.4519542157649994,0.38258665800094604,0.5670358538627625,-0.149858295917511,0.5016176700592041,0.6210846304893494,-0.5290236473083496,0.3819410502910614,0.6157258749008179,-0.11320756375789642,0.46796396374702454,0.6766539812088013,-0.5603736042976379,0.3583172559738159,0.6580445170402527,-0.24262045323848724,0.4568159878253937,0.6862528920173645,-0.6246464848518372,0.33765771985054016,0.6633933782577515,-0.2744862735271454,0.445543497800827,0.6825566291809082,-0.617798924446106,0.3428598940372467,0.6634261012077332,-0.30770495533943176,0.4473249614238739,0.6790279150009155,-0.5600816011428833,0.3502740263938904,0.6611265540122986,-0.26114410161972046,0.5982106924057007,0.5973483324050903,-0.10644033551216125,0.5537439584732056,0.6094968914985657,0.10684908926486969,0.6951749920845032,0.6473772525787354,-0.022093771025538445,0.651466965675354,0.6471236944198608,0.24261529743671417,0.7888538837432861,0.6254935264587402,0.2755763530731201,0.7383310794830322,0.6201593279838562,0.5582436919212341,0.7967641949653625,0.6126382350921631,0.3013409376144409,0.7450290322303772,0.610572874546051,0.5827593803405762,0.821216344833374,0.6448625922203064,0.2865528166294098,0.7873738408088684,0.6347593069076538,0.5780897736549377
138,0.3486905097961426,0.5821250081062317,-0.38121140003204346,0.34593313932418823,0.5730142593383789,-0.40131139755249023,0.35031554102897644,0.5707911252975464,-0.4014812409877777,0.353212833404541,0.5687881112098694,-0.40153270959854126,0.3417125642299652,0.5747178792953491,-0.3662857413291931,0.3416755795478821,0.5739536881446838,-0.3664940297603607,0.3418909013271332,0.5729004144668579,-0.3665902316570282,0.36704203486442566,0.5605190396308899,-0.4184429943561554,0.35147035121917725,0.5652676820755005,-0.2626188397407532,0.3711654543876648,0.5789616107940674,-0.38185128569602966,0.3640006184577942,0.5811671018600464,-0.3361491560935974,0.4617358446121216,0.560454785823822,-0.44228193163871765,0.3899904787540436,0.5656879544258118,-0.12986770272254944,0.5041952133178711,0.6203259825706482,-0.5058945417404175,0.38324224948883057,0.611418604850769,-0.058680951595306396,0.4703201651573181,0.6767126321792603,-0.5253438949584961,0.36073723435401917,0.656136691570282,-0.1413249969482422,0.4579341411590576,0.6863412261009216,-0.5893722772598267,0.34062066674232483,0.6619625687599182,-0.16339805722236633,0.4457371234893799,0.6827482581138611,-0.5785809755325317,0.344875305891037,0.6607382893562317,-0.20138634741306305,0.44869154691696167,0.6791806817054749,-0.5234096050262451,0.35331991314888,0.6591352224349976,-0.1603088527917862,0.6114352345466614,0.5965646505355835,-0.10598303377628326,0.5585207939147949,0.60725337266922,0.10639297962188721,0.6967063546180725,0.6467803716659546,-0.01239236444234848,0.6268157362937927,0.6387384533882141,0.2736380696296692,0.7885597348213196,0.6261173486709595,0.32897260785102844,0.7143892645835876,0.6202759742736816,0.6073798537254333,0.7970046401023865,0.6132580041885376,0.3613736033439636,0.7256006598472595,0.6110415458679199,0.6400042772293091,0.816083550453186,0.6447314023971558,0.3427753448486328,0.7477024793624878,0.6354714035987854,0.652289092540741
139,0.36723315715789795,0.5840052366256714,-0.4091138541698456,0.3668195903301239,0.5758291482925415,-0.4298627972602844,0.3701327443122864,0.573688268661499,-0.4300278127193451,0.372231662273407,0.571945071220398,-0.4300846457481384,0.36130213737487793,0.5771342515945435,-0.3960627317428589,0.361075222492218,0.5763495564460754,-0.39626580476760864,0.36088764667510986,0.5753427147865295,-0.39634135365486145,0.3837166726589203,0.5631319284439087,-0.4416942298412323,0.368621826171875,0.5675498247146606,-0.29090097546577454,0.3852922320365906,0.581421971321106,-0.4070589244365692,0.3789917528629303,0.5832082033157349,-0.3631856143474579,0.47222039103507996,0.5610945224761963,-0.46202489733695984,0.3931589424610138,0.568041205406189,-0.15939036011695862,0.5073607563972473,0.6230518221855164,-0.5355752110481262,0.38376155495643616,0.6112984418869019,-0.12462323158979416,0.4701090157032013,0.6766518950462341,-0.5671615600585938,0.3611852526664734,0.6550886631011963,-0.2585056722164154,0.4594503939151764,0.6858267188072205,-0.6353561878204346,0.3409734070301056,0.6616417169570923,-0.2893878221511841,0.448675274848938,0.6827331185340881,-0.6299139857292175,0.3461514711380005,0.660088837146759,-0.3239741921424866,0.44923973083496094,0.6792042851448059,-0.5678623914718628,0.3548707365989685,0.658460259437561,-0.27730393409729004,0.6216950416564941,0.5913721323013306,-0.10382603853940964,0.5705718398094177,0.6055643558502197,0.1041509285569191,0.7027844190597534,0.6468014717102051,-0.05902041494846344,0.6466478705406189,0.6425046324729919,0.21594980359077454,0.7865634560585022,0.6255296468734741,0.3008834719657898,0.7158337831497192,0.6203343272209167,0.5658626556396484,0.7943410277366638,0.6133905053138733,0.3462066948413849,0.7314435243606567,0.6112191677093506,0.6025838851928711,0.8150961399078369,0.6391285061836243,0.336060494184494,0.767630934715271,0.6337589025497437,0.6324926018714905
140,0.37751632928848267,0.5873355269432068,-0.39622795581817627,0.37610533833503723,0.5815138816833496,-0.42330920696258545,0.37874382734298706,0.579819917678833,-0.4234903156757355,0.38102009892463684,0.5784057378768921,-0.4235483407974243,0.37085822224617004,0.5817707777023315,-0.3846603035926819,0.37057676911354065,0.5809096693992615,-0.3848062753677368,0.3704160153865814,0.579896092414856,-0.38482940196990967,0.3924344480037689,0.5673771500587463,-0.4655013680458069,0.379078209400177,0.5688034892082214,-0.28883618116378784,0.3957170248031616,0.5851629972457886,-0.4039233326911926,0.3879300057888031,0.586182713508606,-0.35317209362983704,0.4800342619419098,0.5638321042060852,-0.4904078543186188,0.4094894826412201,0.5664380788803101,-0.15195249021053314,0.5107869505882263,0.6234039068222046,-0.5450565814971924,0.3885309100151062,0.605453372001648,-0.1047975942492485,0.47156593203544617,0.6755212545394897,-0.5561155676841736,0.3645435869693756,0.654433012008667,-0.11687429249286652,0.46246856451034546,0.6847792267799377,-0.6267786622047424,0.34262266755104065,0.6598821878433228,-0.12378107011318207,0.45264676213264465,0.6825019121170044,-0.6152283549308777,0.3476908504962921,0.6584830284118652,-0.18246152997016907,0.4514031708240509,0.6792742609977722,-0.554620623588562,0.3575158417224884,0.6577925086021423,-0.14274786412715912,0.6328809857368469,0.58647620677948,-0.11285942792892456,0.5837415456771851,0.5982690453529358,0.11324498802423477,0.7041926980018616,0.6465131044387817,-0.08452213555574417,0.6449471116065979,0.6424872875213623,0.22724348306655884,0.7870540022850037,0.6249104738235474,0.25444650650024414,0.7162953019142151,0.6187400221824646,0.5758588314056396,0.7949076294898987,0.6114554405212402,0.2928891181945801,0.721461832523346,0.609081506729126,0.6199246644973755,0.8155517578125,0.6389737129211426,0.3132040202617645,0.7622270584106445,0.6311800479888916,0.6700077652931213
141,0.40094244480133057,0.5960361361503601,-0.3986485004425049,0.3981471061706543,0.5908367037773132,-0.4260006248950958,0.4004148244857788,0.5896402597427368,-0.4261552691459656,0.403192937374115,0.5876883268356323,-0.42619848251342773,0.39269277453422546,0.5915973782539368,-0.38935691118240356,0.39188313484191895,0.5909277200698853,-0.3894895315170288,0.3911418616771698,0.5900920629501343,-0.3894966244697571,0.41254958510398865,0.5770592093467712,-0.464373916387558,0.3980737030506134,0.5803062915802002,-0.29981881380081177,0.4170811176300049,0.5923131704330444,-0.40588682889938354,0.41139793395996094,0.5936089754104614,-0.35770756006240845,0.4920244812965393,0.56489098072052,-0.4825664162635803,0.42722079157829285,0.5672722458839417,-0.1670660674571991,0.5137053728103638,0.6251040697097778,-0.5385445356369019,0.3940677344799042,0.6053861379623413,-0.07212962955236435,0.47411468625068665,0.6755290031433105,-0.5442548394203186,0.3665352761745453,0.6539621949195862,-0.10442734509706497,0.4622422158718109,0.6846545338630676,-0.6110180020332336,0.34302616119384766,0.6590864658355713,-0.11248847097158432,0.45207032561302185,0.6822492480278015,-0.60060054063797,0.34823113679885864,0.6574224233627319,-0.16197709739208221,0.45284348726272583,0.6791146993637085,-0.5425878763198853,0.35769662261009216,0.6562252044677734,-0.12638512253761292,0.6468592882156372,0.5791867971420288,-0.11059753596782684,0.6074740290641785,0.5876262187957764,0.11094357073307037,0.70613032579422,0.6449439525604248,-0.13380855321884155,0.6508691310882568,0.6442569494247437,0.16667848825454712,0.7910153865814209,0.6237629055976868,0.19675715267658234,0.7251296043395996,0.6277374029159546,0.4892873167991638,0.7950913310050964,0.6113713979721069,0.23437033593654633,0.7301732301712036,0.6186683773994446,0.5239667892456055,0.815908670425415,0.6391666531562805,0.26799866557121277,0.7631897926330566,0.6428406834602356,0.5734182000160217
142,0.4303770363330841,0.6006580591201782,-0.35593676567077637,0.42417603731155396,0.5962144136428833,-0.3852822482585907,0.42600321769714355,0.5949925184249878,-0.3853902220726013,0.4276798963546753,0.5937426686286926,-0.38541144132614136,0.4200071096420288,0.5977296829223633,-0.3470359444618225,0.41787829995155334,0.5973647832870483,-0.347136914730072,0.41713210940361023,0.5969165563583374,-0.3471164107322693,0.434262216091156,0.583512544631958,-0.4346662163734436,0.4202915132045746,0.5882872343063354,-0.26146432757377625,0.4425397515296936,0.5957229733467102,-0.36738964915275574,0.4370960593223572,0.5979620218276978,-0.31697627902030945,0.5064899921417236,0.5653663873672485,-0.4691247344017029,0.4470193088054657,0.5676982402801514,-0.14013642072677612,0.5152156949043274,0.6308444738388062,-0.5392173528671265,0.4054010510444641,0.6057752370834351,-0.06259730458259583,0.4742569327354431,0.6759036183357239,-0.5444281101226807,0.37272757291793823,0.6533920168876648,-0.12015899270772934,0.4614025950431824,0.6841554045677185,-0.611818253993988,0.35268595814704895,0.6587921380996704,-0.13093774020671844,0.4517326354980469,0.6819801926612854,-0.6038108468055725,0.35482102632522583,0.6568969488143921,-0.1758318990468979,0.4532335102558136,0.6789860725402832,-0.5443657040596008,0.365716814994812,0.655222475528717,-0.14079639315605164,0.6668227314949036,0.5780101418495178,-0.11317618936300278,0.6258647441864014,0.5824784636497498,0.11350669711828232,0.7054663896560669,0.6521502137184143,-0.24763429164886475,0.6457993984222412,0.6461652517318726,0.10039833188056946,0.7944257259368896,0.6238664984703064,0.05701160803437233,0.7337987422943115,0.629768967628479,0.36236700415611267,0.7952597141265869,0.6128119826316833,0.09466326236724854,0.7403186559677124,0.6197777986526489,0.39088714122772217,0.8236608505249023,0.6414531469345093,0.1495746225118637,0.768884003162384,0.6455986499786377,0.4449175000190735
143,0.4567108154296875,0.6035184264183044,-0.3174794018268585,0.4477229714393616,0.6004136204719543,-0.3442153036594391,0.44839850068092346,0.5992421507835388,-0.34429869055747986,0.44887593388557434,0.598164439201355,-0.3443150520324707,0.44439536333084106,0.6027786135673523,-0.30592629313468933,0.4433760344982147,0.6019942760467529,-0.3060123026371002,0.4420692026615143,0.6018096208572388,-0.30599135160446167,0.4511992931365967,0.5881706476211548,-0.38822728395462036,0.44064009189605713,0.5941134095191956,-0.21543852984905243,0.46877366304397583,0.5975142121315002,-0.3279842138290405,0.46378037333488464,0.5998656153678894,-0.27746132016181946,0.5151271820068359,0.5672360062599182,-0.42889606952667236,0.46563732624053955,0.5712021589279175,-0.10490242391824722,0.5206437110900879,0.632740318775177,-0.530178427696228,0.4108394980430603,0.6143374443054199,-0.055794525891542435,0.47771400213241577,0.6751004457473755,-0.5415839552879333,0.3725109100341797,0.6541802883148193,-0.14086642861366272,0.46170565485954285,0.6838728785514832,-0.6082492470741272,0.35265740752220154,0.6592804193496704,-0.15736129879951477,0.4554826617240906,0.6799376010894775,-0.5999059677124023,0.35496094822883606,0.6573049426078796,-0.19529277086257935,0.45852869749069214,0.6777716279029846,-0.5412076115608215,0.3666206896305084,0.6552752256393433,-0.16029781103134155,0.6814311742782593,0.5760535001754761,-0.11307897418737411,0.6460228562355042,0.58173006772995,0.11340577900409698,0.7124320864677429,0.6517128348350525,-0.2411174327135086,0.6567240953445435,0.6482755541801453,0.100957490503788,0.7931371927261353,0.6229475736618042,0.06790449470281601,0.7418821454048157,0.6290684938430786,0.3562147915363312,0.7938485741615295,0.6105440258979797,0.10616011917591095,0.7463473081588745,0.6192663908004761,0.3839694559574127,0.8234640955924988,0.6392316818237305,0.1678597331047058,0.7832191586494446,0.6444292068481445,0.439902663230896
144,0.4776707589626312,0.6091578006744385,-0.267047256231308,0.4684450030326843,0.6074908971786499,-0.29851043224334717,0.46912381052970886,0.6067255735397339,-0.29856130480766296,0.47022926807403564,0.6046525239944458,-0.29852819442749023,0.4658273160457611,0.6083948612213135,-0.2591041922569275,0.464851975440979,0.6073915958404541,-0.2592115104198456,0.46363258361816406,0.6070254445075989,-0.2591923177242279,0.47276705503463745,0.5959857702255249,-0.3703674376010895,0.4625592529773712,0.5984436869621277,-0.19161932170391083,0.48884254693984985,0.60313880443573,-0.28785133361816406,0.48398175835609436,0.6047483682632446,-0.23546947538852692,0.5330958962440491,0.5810960531234741,-0.420077383518219,0.48136982321739197,0.5700817108154297,-0.08963099867105484,0.5169808268547058,0.6466813683509827,-0.5135144591331482,0.4256061911582947,0.6140773892402649,-0.053851980715990067,0.4681727886199951,0.6750927567481995,-0.5067291855812073,0.38186120986938477,0.6510834693908691,-0.17153479158878326,0.449385404586792,0.6824890375137329,-0.5735284686088562,0.36068785190582275,0.6566241979598999,-0.18817757070064545,0.43843919038772583,0.6786237955093384,-0.5675584673881531,0.3625205159187317,0.6556390523910522,-0.22536462545394897,0.438542902469635,0.6765468120574951,-0.5086093544960022,0.3744908571243286,0.6543291807174683,-0.19036899507045746,0.6985257267951965,0.5774596929550171,-0.1173313781619072,0.6639167070388794,0.5750691890716553,0.11761686205863953,0.7222088575363159,0.6490486264228821,-0.21207408607006073,0.6558972001075745,0.6452230215072632,0.1626294106245041,0.7941656112670898,0.6244732141494751,0.07904881238937378,0.741102933883667,0.6205810308456421,0.3891153037548065,0.7891721725463867,0.6109985113143921,0.11490891873836517,0.7458612322807312,0.6122285723686218,0.41132062673568726,0.8236358761787415,0.6393922567367554,0.19664373993873596,0.7819487452507019,0.6317180395126343,0.47662943601608276
145,0.49843549728393555,0.6180151104927063,-0.13732896745204926,0.4868710935115814,0.61598140001297,-0.17163850367069244,0.48736751079559326,0.6154180765151978,-0.17166708409786224,0.4879661202430725,0.6147016882896423,-0.1716417372226715,0.48452645540237427,0.6158751249313354,-0.13085423409938812,0.48336830735206604,0.6151085495948792,-0.13090476393699646,0.48237335681915283,0.614398717880249,-0.13083307445049286,0.4897528290748596,0.6069304943084717,-0.2665570080280304,0.48231613636016846,0.6048329472541809,-0.08228643238544464,0.5093743205070496,0.6130536794662476,-0.1658351719379425,0.5056267380714417,0.6127508878707886,-0.11205883324146271,0.5382775664329529,0.59430992603302,-0.33652961254119873,0.5087864398956299,0.5717463493347168,0.030672263354063034,0.5158059597015381,0.6504995822906494,-0.41366904973983765,0.4372979998588562,0.6143630743026733,0.08176004141569138,0.468807190656662,0.6749669909477234,-0.38007545471191406,0.3847896456718445,0.6494954824447632,-0.011027365922927856,0.44966062903404236,0.6807295083999634,-0.43461114168167114,0.36206719279289246,0.6543545722961426,-0.01847866363823414,0.4390048682689667,0.6783097386360168,-0.422090619802475,0.3638087511062622,0.6544725298881531,-0.05244003236293793,0.4406304955482483,0.6758384108543396,-0.37753647565841675,0.3751976788043976,0.6534013748168945,-0.029026024043560028,0.7102081775665283,0.5786006450653076,-0.12442611902952194,0.6848357319831848,0.5707500576972961,0.12472832947969437,0.6992342472076416,0.6486340761184692,-0.12850481271743774,0.6458544731140137,0.6326782703399658,0.2556397616863251,0.79368656873703,0.6244914531707764,0.08371702581644058,0.7653605937957764,0.6172539591789246,0.40870967507362366,0.7893723249435425,0.6110963225364685,0.10616284608840942,0.7692371606826782,0.6112313270568848,0.4235512316226959,0.8234265446662903,0.6374343633651733,0.19852983951568604,0.807356595993042,0.6310731768608093,0.494889497756958
146,0.5155823826789856,0.6228614449501038,-0.2151244431734085,0.5055529475212097,0.6217571496963501,-0.24557460844516754,0.5058904886245728,0.6212167739868164,-0.2456333339214325,0.507777988910675,0.6206307411193848,-0.24560287594795227,0.5029504895210266,0.6215285062789917,-0.20916804671287537,0.5014501214027405,0.6207982897758484,-0.20930299162864685,0.500241219997406,0.6192381381988525,-0.20926541090011597,0.509680449962616,0.613066554069519,-0.3226858079433441,0.49995774030685425,0.6103797554969788,-0.15271440148353577,0.525550365447998,0.618669331073761,-0.23753157258033752,0.5210338830947876,0.6170838475227356,-0.18896830081939697,0.5637730956077576,0.5991981029510498,-0.3717973530292511,0.5135626196861267,0.5797592401504517,0.026089780032634735,0.5215665102005005,0.6502199769020081,-0.4559504985809326,0.4515952169895172,0.6187694072723389,-0.01419900357723236,0.4679984748363495,0.6758263111114502,-0.5077350735664368,0.38972336053848267,0.6491564512252808,-0.17920328676700592,0.4503481984138489,0.6808153390884399,-0.5724438428878784,0.37283194065093994,0.653087854385376,-0.2000463902950287,0.44065824151039124,0.6783236265182495,-0.5668631792068481,0.3685813844203949,0.6538103818893433,-0.23450152575969696,0.44183146953582764,0.6760290265083313,-0.5101287364959717,0.37936580181121826,0.6529124975204468,-0.19750811159610748,0.7176856398582458,0.5778617858886719,-0.1234513521194458,0.68128502368927,0.570773720741272,0.12379515171051025,0.7071419358253479,0.6478949785232544,-0.13806165754795074,0.6432092785835266,0.6352633237838745,0.22245556116104126,0.7982680201530457,0.6245287656784058,0.08878003805875778,0.7585508823394775,0.6148408651351929,0.3801685869693756,0.7916837334632874,0.6103124022483826,0.11516363173723221,0.7649275660514832,0.606906533241272,0.3932925760746002,0.8306666612625122,0.636785626411438,0.20360511541366577,0.8028207421302795,0.6295066475868225,0.46148452162742615
147,0.5370361804962158,0.6272100806236267,-0.06744252145290375,0.5261625647544861,0.6279082894325256,-0.09838388115167618,0.5264394283294678,0.6279045343399048,-0.09839579463005066,0.5268573760986328,0.6279454827308655,-0.09835534542798996,0.5236233472824097,0.6263755559921265,-0.06248696520924568,0.5218232274055481,0.6244391202926636,-0.0625428780913353,0.5203606486320496,0.6232433915138245,-0.06246001273393631,0.5272789597511292,0.6210240125656128,-0.19411920011043549,0.5191503763198853,0.6150467991828918,-0.03088674321770668,0.5462466478347778,0.6238790154457092,-0.09668023884296417,0.5414533615112305,0.620517373085022,-0.049244608730077744,0.5707120299339294,0.6107943654060364,-0.2555781602859497,0.5347461104393005,0.5840309858322144,0.05989791452884674,0.5302034616470337,0.651351273059845,-0.36145180463790894,0.46415671706199646,0.6182582974433899,0.11680858582258224,0.4749501645565033,0.6726912260055542,-0.34826356172561646,0.39735832810401917,0.6489628553390503,-0.0012884357711300254,0.4519083797931671,0.6797891855239868,-0.39555850625038147,0.37545517086982727,0.6530090570449829,-0.007952889427542686,0.44704440236091614,0.676713228225708,-0.37949779629707336,0.3739832043647766,0.6537766456604004,-0.043191295117139816,0.4562605619430542,0.6739741563796997,-0.34350866079330444,0.3855825960636139,0.6529017686843872,-0.019750583916902542,0.7331972718238831,0.5871879458427429,-0.1167701706290245,0.7122888565063477,0.5697563886642456,0.11685951799154282,0.6948674321174622,0.6477486491203308,-0.08430356532335281,0.6507636308670044,0.6283580660820007,0.21938762068748474,0.8011127710342407,0.6320886015892029,0.09413684904575348,0.7726747989654541,0.6157403588294983,0.37051692605018616,0.8055945634841919,0.6235064268112183,0.11253205686807632,0.78238844871521,0.6104187369346619,0.38149192929267883,0.8308159708976746,0.636780321598053,0.18307152390480042,0.8079872131347656,0.6267027854919434,0.4414021074771881
148,0.5519616603851318,0.6326107382774353,-0.14645801484584808,0.5420590043067932,0.6330937147140503,-0.17551247775554657,0.5427381992340088,0.6326006650924683,-0.17553819715976715,0.5450649857521057,0.6320642232894897,-0.17551372945308685,0.5380450487136841,0.6318520307540894,-0.13906162977218628,0.5359897017478943,0.6308335065841675,-0.13916879892349243,0.5340471863746643,0.6299792528152466,-0.13914147019386292,0.543759286403656,0.6236290335655212,-0.25856050848960876,0.5317327976226807,0.6212292909622192,-0.09278620779514313,0.5620076060295105,0.6264200806617737,-0.17168380320072174,0.5556988716125488,0.6259700655937195,-0.12329299002885818,0.5880062580108643,0.6092567443847656,-0.3108747601509094,0.535011887550354,0.5916948318481445,-0.003187909023836255,0.5537137985229492,0.6497915983200073,-0.4196140766143799,0.477864533662796,0.62507164478302,0.030944164842367172,0.4871860146522522,0.6688274145126343,-0.38691723346710205,0.4061565101146698,0.6501433849334717,-0.1348964124917984,0.4674219787120819,0.6733267903327942,-0.41902241110801697,0.38891860842704773,0.6561420559883118,-0.1570015400648117,0.45825085043907166,0.670385479927063,-0.4442565441131592,0.388011634349823,0.6566175222396851,-0.18117910623550415,0.4693109393119812,0.6682223677635193,-0.40731772780418396,0.39905446767807007,0.655754029750824,-0.15070411562919617,0.7430419325828552,0.5869395136833191,-0.11525008082389832,0.7089748978614807,0.5713342428207397,0.11534436792135239,0.6886923909187317,0.6473749876022339,-0.09426064789295197,0.6314560174942017,0.6291981339454651,0.21294216811656952,0.7901394963264465,0.6226384043693542,0.07339966297149658,0.7701610922813416,0.6145938634872437,0.3463340401649475,0.7907425761222839,0.6161482930183411,0.09438572824001312,0.7749953269958496,0.6100350022315979,0.35603412985801697,0.8240677118301392,0.6351433992385864,0.17843478918075562,0.8041566610336304,0.6264783143997192,0.42290565371513367
149,0.5681405067443848,0.6327728033065796,-0.08222933113574982,0.5573892593383789,0.6341818571090698,-0.10971342027187347,0.5577484965324402,0.6338551044464111,-0.1097160205245018,0.5581179857254028,0.633558988571167,-0.10968408733606339,0.5539348721504211,0.6331940293312073,-0.07426205277442932,0.5519160628318787,0.6322838664054871,-0.07432956993579865,0.5495604872703552,0.6307863593101501,-0.0742529034614563,0.555409848690033,0.6266125440597534,-0.19230003654956818,0.5444623231887817,0.6231285333633423,-0.031369734555482864,0.5743658542633057,0.6272451877593994,-0.10715264081954956,0.5707635879516602,0.6261543035507202,-0.060320693999528885,0.59173983335495,0.6097561120986938,-0.2552315294742584,0.5498801469802856,0.593609094619751,0.052430491894483566,0.5464125871658325,0.6515603065490723,-0.3677107095718384,0.48561909794807434,0.6241049766540527,0.0964830294251442,0.4853481650352478,0.6694298982620239,-0.3580462634563446,0.41585829854011536,0.6504443883895874,-0.03161320090293884,0.4665435254573822,0.6734970808029175,-0.4040378928184509,0.3913775682449341,0.6559541821479797,-0.04565977677702904,0.4591239392757416,0.6713864207267761,-0.395457923412323,0.3914220631122589,0.6563836932182312,-0.07290394604206085,0.46787622570991516,0.6680320501327515,-0.3571796715259552,0.40283265709877014,0.6557047367095947,-0.04782053083181381,0.7507331967353821,0.586932897567749,-0.11419656872749329,0.7271979451179504,0.5721206068992615,0.11424046754837036,0.6836680769920349,0.6470274329185486,-0.10868669301271439,0.6371965408325195,0.630573034286499,0.21094945073127747,0.7831745743751526,0.6221486330032349,0.07204918563365936,0.7667266726493835,0.6149035096168518,0.3388337790966034,0.7847591042518616,0.6159631013870239,0.0910700187087059,0.7746509909629822,0.610097348690033,0.34798112511634827,0.8188057541847229,0.6313164830207825,0.17781567573547363,0.8076105713844299,0.6204160451889038,0.41980689764022827
150,0.5787546634674072,0.6330732107162476,-0.09632860124111176,0.5684397220611572,0.6340762376785278,-0.12135156244039536,0.5698410868644714,0.6337851285934448,-0.12135051190853119,0.5704468488693237,0.6335886716842651,-0.12132227420806885,0.5651928186416626,0.6330385804176331,-0.08800409734249115,0.5634114742279053,0.6321211457252502,-0.08807317167520523,0.5612980723381042,0.630549967288971,-0.08799150586128235,0.5695483088493347,0.6267858743667603,-0.1968029886484146,0.5590085983276367,0.6229511499404907,-0.04617445915937424,0.5883997082710266,0.628926157951355,-0.11894360929727554,0.5832386612892151,0.6268908381462097,-0.07502616941928864,0.6045868992805481,0.6124688386917114,-0.25100386142730713,0.5602524876594543,0.5939100384712219,0.03529787436127663,0.5487527251243591,0.6518509984016418,-0.36382728815078735,0.49541857838630676,0.6242186427116394,0.0742638111114502,0.4881387948989868,0.6697033047676086,-0.36636000871658325,0.42716366052627563,0.6508966684341431,-0.0490170381963253,0.46678340435028076,0.6737452745437622,-0.4132935106754303,0.3980634808540344,0.6559334397315979,-0.06372317671775818,0.46445518732070923,0.671739935874939,-0.40230292081832886,0.39845022559165955,0.6563668251037598,-0.09149784594774246,0.4654954671859741,0.6676120758056641,-0.364934504032135,0.41085129976272583,0.6556674838066101,-0.06524040549993515,0.756544828414917,0.5925341844558716,-0.10970763117074966,0.7328714728355408,0.5731221437454224,0.10976826399564743,0.6773400902748108,0.6470237374305725,-0.103633351624012,0.6378491520881653,0.6313753724098206,0.19181843101978302,0.7839799523353577,0.6232168674468994,0.07142177224159241,0.7650578022003174,0.6153652667999268,0.3342527747154236,0.786955714225769,0.6200182437896729,0.08796412497758865,0.7752125263214111,0.6122803688049316,0.34388023614883423,0.8182611465454102,0.6314812898635864,0.17377769947052002,0.8090205788612366,0.6211498379707336,0.41785261034965515
151,0.5820632576942444,0.6316455006599426,-0.14536702632904053,0.5743969678878784,0.6320760846138,-0.16264446079730988,0.5757282972335815,0.6317129731178284,-0.16262072324752808,0.5770255923271179,0.6314096450805664,-0.16258782148361206,0.5704277753829956,0.6312096118927002,-0.136564239859581,0.5685863494873047,0.6302725076675415,-0.13675397634506226,0.5670969486236572,0.6288504600524902,-0.1367233246564865,0.58115553855896,0.624420702457428,-0.2285894751548767,0.5680595636367798,0.6211522817611694,-0.10970906168222427,0.5945487022399902,0.6272673010826111,-0.16834624111652374,0.589219868183136,0.6257146596908569,-0.13187265396118164,0.6224866509437561,0.6101053357124329,-0.2689853310585022,0.5707288980484009,0.5931424498558044,-0.04780670627951622,0.5959794521331787,0.6428516507148743,-0.4243076741695404,0.5156533122062683,0.6218013763427734,-0.052088912576436996,0.5212363600730896,0.6550148725509644,-0.4873957633972168,0.45467135310173035,0.6487147808074951,-0.23148846626281738,0.4995759427547455,0.6575827598571777,-0.5439578294754028,0.4324256479740143,0.6518908739089966,-0.2552987337112427,0.5015375018119812,0.6543385982513428,-0.5410396456718445,0.432523638010025,0.6527335047721863,-0.2790452539920807,0.5042455196380615,0.6532965898513794,-0.491216242313385,0.4473831057548523,0.6511904001235962,-0.24635913968086243,0.759601354598999,0.5922536253929138,-0.10347255319356918,0.7327450513839722,0.5732845067977905,0.10362467169761658,0.6790055632591248,0.6454533338546753,-0.12571844458580017,0.6458975672721863,0.6310449838638306,0.18093615770339966,0.7860667705535889,0.6220828294754028,0.031067093834280968,0.7651692032814026,0.6147357225418091,0.34145301580429077,0.7880262732505798,0.6171725988388062,0.046327412128448486,0.7753984332084656,0.6121290922164917,0.35237523913383484,0.8269304037094116,0.6293538212776184,0.1350560337305069,0.8111991286277771,0.6187703609466553,0.42628657817840576
152,0.5979670882225037,0.6300272941589355,-0.17577607929706573,0.59160977602005,0.62883460521698,-0.19412699341773987,0.5927321314811707,0.6285313963890076,-0.19410648941993713,0.5938330888748169,0.6283456087112427,-0.19407273828983307,0.5857909917831421,0.6279134750366211,-0.16520678997039795,0.5841017961502075,0.6272233724594116,-0.1653556078672409,0.5825130343437195,0.6264439821243286,-0.16529197990894318,0.5952028632164001,0.6232264637947083,-0.24937137961387634,0.582438588142395,0.6202283501625061,-0.12176162749528885,0.6099822521209717,0.6271570920944214,-0.1941176950931549,0.6029151678085327,0.6252947449684143,-0.1554083675146103,0.6342127323150635,0.6094465255737305,-0.2790225148200989,0.5833762288093567,0.5924501419067383,-0.050125602632761,0.5982675552368164,0.6430023312568665,-0.42295700311660767,0.5289182662963867,0.6205137372016907,-0.04628824070096016,0.5406262874603271,0.6585721373558044,-0.46745631098747253,0.46424487233161926,0.6481146812438965,-0.21168382465839386,0.5131264328956604,0.6608551740646362,-0.5259726643562317,0.4379148781299591,0.6518170833587646,-0.235319584608078,0.5105924606323242,0.6589852571487427,-0.52274489402771,0.4378046691417694,0.6521676778793335,-0.2601975202560425,0.5080282092094421,0.6570981740951538,-0.47100549936294556,0.45187029242515564,0.6505533456802368,-0.22699522972106934,0.7716296911239624,0.5918630361557007,-0.10314863175153732,0.7482843995094299,0.5739296674728394,0.10329770296812057,0.6796088218688965,0.6454811096191406,-0.17155660688877106,0.6423788070678711,0.6298869252204895,0.18849517405033112,0.7997978925704956,0.6327158212661743,-0.00387972523458302,0.7610811591148376,0.6189948320388794,0.36367714405059814,0.8083082437515259,0.625214159488678,0.01246081292629242,0.7732397317886353,0.6173202991485596,0.3751184642314911,0.8477537631988525,0.640701413154602,0.08009849488735199,0.8016179203987122,0.6281732320785522,0.44105347990989685
153,0.6053814888000488,0.6211367845535278,-0.24729949235916138,0.6010235548019409,0.6181378960609436,-0.27077004313468933,0.6023388504981995,0.6177298426628113,-0.27080854773521423,0.6037855744361877,0.6174582242965698,-0.27078932523727417,0.5964018702507019,0.6179448366165161,-0.2396399974822998,0.5945965051651001,0.6174737215042114,-0.23977358639240265,0.5927123427391052,0.6161637306213379,-0.23969174921512604,0.6075131893157959,0.6113150119781494,-0.33092716336250305,0.5917155742645264,0.6089721918106079,-0.18884466588497162,0.6168497204780579,0.6192309260368347,-0.26470789313316345,0.610814094543457,0.6185460686683655,-0.22298376262187958,0.6507316827774048,0.6065727472305298,-0.3583848178386688,0.5961126685142517,0.5883181095123291,-0.11047561466693878,0.6165163516998291,0.6433801651000977,-0.4842841625213623,0.5444253087043762,0.614831268787384,-0.09739785641431808,0.5619664788246155,0.6590133905410767,-0.5396077632904053,0.4896109998226166,0.645317554473877,-0.26831579208374023,0.5374769568443298,0.6636236310005188,-0.6050233840942383,0.46760666370391846,0.6482569575309753,-0.29447102546691895,0.5334373116493225,0.659303605556488,-0.5993183851242065,0.46708014607429504,0.6489246487617493,-0.3254237771034241,0.5331255793571472,0.6598619222640991,-0.5424925088882446,0.4761090874671936,0.6479043960571289,-0.2859605550765991,0.7793866395950317,0.5910535454750061,-0.1006777435541153,0.7539377212524414,0.574059784412384,0.10088641196489334,0.678776741027832,0.6430641412734985,-0.14346672594547272,0.6374455690383911,0.6301201581954956,0.19183649122714996,0.7439667582511902,0.6326874494552612,0.08322969824075699,0.7354252338409424,0.6222968101501465,0.36668506264686584,0.7465153932571411,0.6251567006111145,0.10774406790733337,0.7473440170288086,0.6195469498634338,0.3792404532432556,0.7567154169082642,0.6400653123855591,0.16257300972938538,0.7545634508132935,0.6321892142295837,0.4202514588832855
154,0.611230731010437,0.6126176118850708,-0.21772092580795288,0.6067753434181213,0.6099207997322083,-0.23904915153980255,0.6079643368721008,0.6096475720405579,-0.23906731605529785,0.6118046641349792,0.6094062328338623,-0.23904472589492798,0.6026872992515564,0.6084861159324646,-0.21100647747516632,0.6010458469390869,0.6079925298690796,-0.21112573146820068,0.5994624495506287,0.6074160933494568,-0.2110491842031479,0.6136810183525085,0.6027308702468872,-0.3195209503173828,0.598531186580658,0.600318968296051,-0.16809436678886414,0.6238477230072021,0.6108678579330444,-0.2339678406715393,0.6188687682151794,0.6081616282463074,-0.19634471833705902,0.66057288646698,0.6007445454597473,-0.3115032911300659,0.6010646224021912,0.5828560590744019,-0.10372370481491089,0.6433533430099487,0.6405973434448242,-0.42112287878990173,0.5510356426239014,0.6138948202133179,-0.11307176202535629,0.5965069532394409,0.6591916084289551,-0.47416383028030396,0.501393735408783,0.644851803779602,-0.2637142837047577,0.5823059678077698,0.6643734574317932,-0.5294265151023865,0.4790290296077728,0.6484173536300659,-0.28733792901039124,0.5652867555618286,0.6601284742355347,-0.5301694869995117,0.4792344868183136,0.648734450340271,-0.30900058150291443,0.5778950452804565,0.6597113013267517,-0.48068967461586,0.4892316460609436,0.6474775075912476,-0.2770567238330841,0.780987024307251,0.586923360824585,-0.08535763621330261,0.7565189599990845,0.5741506218910217,0.08553891628980637,0.6788841485977173,0.6416977643966675,-0.13147181272506714,0.6365992426872253,0.62004154920578,0.1574593484401703,0.7149421572685242,0.6335185766220093,0.06622562557458878,0.7064917087554932,0.6241425275802612,0.30721309781074524,0.7150009274482727,0.6276453733444214,0.08639292418956757,0.7151804566383362,0.6236152648925781,0.31917721033096313,0.714189887046814,0.6427811980247498,0.12228282541036606,0.7134181261062622,0.6364049315452576,0.3479260206222534
155,0.6181850433349609,0.5988050699234009,-0.2407025843858719,0.6126366257667542,0.5975597500801086,-0.2567193806171417,0.6145997047424316,0.5972611308097839,-0.2567008435726166,0.616931676864624,0.5971537232398987,-0.2566506266593933,0.6069322228431702,0.5964656472206116,-0.23695719242095947,0.6056398749351501,0.5962361097335815,-0.23708543181419373,0.6044290065765381,0.5960730910301208,-0.23704613745212555,0.6245620250701904,0.5917195081710815,-0.2986959218978882,0.606241762638092,0.5896533727645874,-0.20070192217826843,0.6297738552093506,0.5969727039337158,-0.24752989411354065,0.624937117099762,0.5962784886360168,-0.22203268110752106,0.6800949573516846,0.5948628187179565,-0.30259737372398376,0.606518030166626,0.5736956000328064,-0.1355387419462204,0.6926940083503723,0.6300472021102905,-0.38486701250076294,0.5726534724235535,0.604691207408905,-0.1673044115304947,0.6556692123413086,0.6518505811691284,-0.4410530626773834,0.5339338779449463,0.639579713344574,-0.2929959297180176,0.6511243581771851,0.6605864763259888,-0.4902997314929962,0.5078850388526917,0.6456054449081421,-0.32330742478370667,0.640521764755249,0.6577446460723877,-0.5009534358978271,0.5081204175949097,0.6445411443710327,-0.3387151062488556,0.6435789465904236,0.6554517149925232,-0.45019373297691345,0.5207965970039368,0.6420996785163879,-0.30402663350105286,0.7875810265541077,0.5873088240623474,-0.0668727234005928,0.7626321315765381,0.5744398832321167,0.06708197295665741,0.689652144908905,0.6418464779853821,-0.09605931490659714,0.6708998084068298,0.6144213080406189,0.1131989136338234,0.7350391745567322,0.6334308981895447,0.06420167535543442,0.731646716594696,0.6248119473457336,0.25941941142082214,0.736553966999054,0.6268054246902466,0.0784076452255249,0.7308799028396606,0.626907229423523,0.2707129716873169,0.7482488751411438,0.6408617496490479,0.12797600030899048,0.7306948304176331,0.6362786293029785,0.3175201117992401
156,0.6290163397789001,0.5892472267150879,-0.35482022166252136,0.6268138289451599,0.5856868624687195,-0.36725926399230957,0.6292269229888916,0.5848316550254822,-0.3672443926334381,0.6313825249671936,0.5841367840766907,-0.36714059114456177,0.6196185946464539,0.5871161818504333,-0.3471410870552063,0.6179957985877991,0.5871363878250122,-0.3473101556301117,0.616447389125824,0.5871464014053345,-0.34731847047805786,0.6396830677986145,0.5779600143432617,-0.37138044834136963,0.6181773543357849,0.5810396671295166,-0.28278300166130066,0.6430931091308594,0.5869384407997131,-0.3518519401550293,0.6336853504180908,0.5884579420089722,-0.32582005858421326,0.7019490003585815,0.5818933248519897,-0.3578208088874817,0.6121612191200256,0.5731530785560608,-0.20083549618721008,0.7097846269607544,0.6194813251495361,-0.42081350088119507,0.592284619808197,0.6038427948951721,-0.20674701035022736,0.6674022078514099,0.6514710187911987,-0.47653669118881226,0.5607656836509705,0.6384776830673218,-0.3119174838066101,0.6605714559555054,0.6596672534942627,-0.5287376046180725,0.5383260250091553,0.6443890929222107,-0.3364395499229431,0.6508291959762573,0.6578054428100586,-0.5373262763023376,0.5435453653335571,0.6427468061447144,-0.358731746673584,0.6524658203125,0.654517412185669,-0.48508593440055847,0.5543728470802307,0.6406325697898865,-0.32352209091186523,0.7911028265953064,0.5830661654472351,-0.0689954161643982,0.756806492805481,0.5746434330940247,0.06934794038534164,0.7088644504547119,0.6267974972724915,-0.2006847858428955,0.6683539152145386,0.6132851243019104,0.06857388466596603,0.7387174963951111,0.6312559843063354,-0.08258158713579178,0.7295275330543518,0.624542772769928,0.18203173577785492,0.739240288734436,0.6264016628265381,-0.06905175745487213,0.7305147647857666,0.6262627840042114,0.19098754227161407,0.7499868869781494,0.6413945555686951,-0.05058566853404045,0.7363846898078918,0.6361792087554932,0.21033769845962524
157,0.6340603828430176,0.5746079087257385,-0.2970998287200928,0.6361339092254639,0.570648193359375,-0.3133200705051422,0.638401210308075,0.5703693628311157,-0.3133141100406647,0.6403135657310486,0.5701972842216492,-0.31324565410614014,0.6283965110778809,0.5702768564224243,-0.2915036678314209,0.6267567276954651,0.5697239637374878,-0.2916373014450073,0.6227999925613403,0.5691946744918823,-0.29160767793655396,0.648028552532196,0.5658324956893921,-0.36262401938438416,0.6279805898666382,0.5637451410293579,-0.243904247879982,0.6485905051231384,0.5729441046714783,-0.3038232624530792,0.6398440599441528,0.5731469988822937,-0.27267777919769287,0.7166990637779236,0.5731507539749146,-0.3081822991371155,0.6322024464607239,0.5538120269775391,-0.16948202252388,0.7205886840820312,0.6145612001419067,-0.34136417508125305,0.6141057014465332,0.5946903824806213,-0.1683848351240158,0.6944524049758911,0.652316689491272,-0.37461623549461365,0.5870200395584106,0.6382775902748108,-0.1995069682598114,0.6824766397476196,0.6602683067321777,-0.42091643810272217,0.5648481845855713,0.6441141963005066,-0.20638149976730347,0.6718226075172424,0.6584837436676025,-0.41096094250679016,0.5709771513938904,0.6423248052597046,-0.23653259873390198,0.671283483505249,0.655016303062439,-0.3752829134464264,0.5783517956733704,0.640638530254364,-0.21090912818908691,0.7975757122039795,0.5784313678741455,-0.056002821773290634,0.7616631388664246,0.5644248127937317,0.0563928559422493,0.7671700119972229,0.6223499178886414,-0.09162383526563644,0.7054979205131531,0.6036855578422546,0.09654828906059265,0.739029586315155,0.6293261647224426,0.07120021432638168,0.709463357925415,0.6199082136154175,0.19385403394699097,0.7364304661750793,0.626259446144104,0.0892019048333168,0.7152830958366394,0.6222728490829468,0.20276372134685516,0.7111086249351501,0.6390069723129272,0.1045670434832573,0.6803101301193237,0.6304546594619751,0.20479543507099152
158,0.6389656662940979,0.5645455121994019,-0.3407146632671356,0.640026330947876,0.5579861402511597,-0.34723928570747375,0.6427429914474487,0.5569424629211426,-0.3472128212451935,0.6473634243011475,0.5559102296829224,-0.3471340835094452,0.6309864521026611,0.5589618682861328,-0.3341391086578369,0.629464864730835,0.5584328174591064,-0.334311306476593,0.6252527236938477,0.5579179525375366,-0.3343679904937744,0.6555376052856445,0.5502452254295349,-0.33660775423049927,0.6322925686836243,0.5529401898384094,-0.2663021385669708,0.6527188420295715,0.5629848837852478,-0.32831019163131714,0.6432355046272278,0.5652756094932556,-0.31115293502807617,0.7348214983940125,0.5593845248222351,-0.2887952923774719,0.6389627456665039,0.5533971786499023,-0.18656450510025024,0.7471505999565125,0.6089467406272888,-0.32305628061294556,0.6323439478874207,0.5918987989425659,-0.1671738177537918,0.7179616093635559,0.6515111923217773,-0.36842256784439087,0.6174615025520325,0.6361287832260132,-0.21912194788455963,0.7079398036003113,0.6603625416755676,-0.4121093451976776,0.5990526676177979,0.6415466070175171,-0.23125478625297546,0.698149561882019,0.658808708190918,-0.4070420265197754,0.6058772802352905,0.6398265957832336,-0.2597903609275818,0.6988965272903442,0.6553603410720825,-0.37064987421035767,0.6128649711608887,0.6381345987319946,-0.23041342198848724,0.8016156554222107,0.5688503980636597,-0.04616914689540863,0.75848788022995,0.5620872378349304,0.04671875014901161,0.754005491733551,0.6053190231323242,-0.15785402059555054,0.6897180080413818,0.5942271947860718,0.03645632416009903,0.7388883233070374,0.6335973739624023,-0.051393281668424606,0.6933393478393555,0.6186367869377136,0.13164785504341125,0.7397761940956116,0.634835958480835,-0.040024857968091965,0.7047637104988098,0.6218210458755493,0.1411491483449936,0.7167930006980896,0.6455328464508057,-0.07259050756692886,0.6696260571479797,0.6306507587432861,0.12306024879217148
159,0.6468769907951355,0.5521604418754578,-0.3595423698425293,0.6486132740974426,0.5453127026557922,-0.3658495545387268,0.6546841263771057,0.5445982813835144,-0.3658964931964874,0.6580071449279785,0.5421818494796753,-0.36588796973228455,0.6386014223098755,0.5462294816970825,-0.35545721650123596,0.6371980905532837,0.5459092855453491,-0.3556520640850067,0.6355571150779724,0.545519232749939,-0.3557393252849579,0.6715215444564819,0.5392932891845703,-0.33331242203712463,0.6409880518913269,0.542486310005188,-0.2865743339061737,0.6636488437652588,0.5518911480903625,-0.3420111835002899,0.6531063318252563,0.553139328956604,-0.3289335370063782,0.738336443901062,0.5496239066123962,-0.2934536933898926,0.6486923098564148,0.5482688546180725,-0.19554400444030762,0.7716443538665771,0.600619912147522,-0.3163493573665619,0.6452188491821289,0.5911398530006409,-0.16174106299877167,0.7552343606948853,0.6488534212112427,-0.3477669954299927,0.6362084150314331,0.6309925317764282,-0.179393008351326,0.7462001442909241,0.6604616641998291,-0.38510847091674805,0.6274557113647461,0.6394343972206116,-0.18966805934906006,0.7388544082641602,0.6589269042015076,-0.3813793957233429,0.6302884817123413,0.6383498311042786,-0.21935352683067322,0.739174485206604,0.6555303931236267,-0.3486582934856415,0.6364732384681702,0.6359835267066956,-0.1899709850549698,0.8005663752555847,0.5595475435256958,-0.04419031739234924,0.7557814121246338,0.5613977313041687,0.044671498239040375,0.7522071599960327,0.603387176990509,-0.16937187314033508,0.6842319965362549,0.599357008934021,-0.027018580585718155,0.7577334642410278,0.6324091553688049,-0.06801845878362656,0.7287103533744812,0.6186955571174622,0.044946521520614624,0.7756892442703247,0.6321636438369751,-0.05503275245428085,0.7428669333457947,0.6200734972953796,0.0536915622651577,0.7320290207862854,0.6473679542541504,-0.08178295195102692,0.7246407270431519,0.6311001777648926,0.029007963836193085
160,0.6599603295326233,0.543562114238739,-0.4248107373714447,0.6611099243164062,0.5365527868270874,-0.431356817483902,0.6648325324058533,0.5345330834388733,-0.431416392326355,0.669395387172699,0.533298909664154,-0.43141424655914307,0.653741180896759,0.5372207760810852,-0.4186129570007324,0.6521718502044678,0.5368281006813049,-0.4188390076160431,0.6506547927856445,0.5362902879714966,-0.4189443290233612,0.6791987419128418,0.5276809930801392,-0.3960709869861603,0.6530358791351318,0.5331658124923706,-0.3399718999862671,0.6729633212089539,0.5425891280174255,-0.4066506326198578,0.6646878123283386,0.5453066825866699,-0.3903084993362427,0.7491119503974915,0.5375766158103943,-0.35267841815948486,0.663223385810852,0.5469265580177307,-0.23293805122375488,0.786406397819519,0.5893704891204834,-0.3701027035713196,0.6622574329376221,0.5871305465698242,-0.19155679643154144,0.7660359740257263,0.6416093111038208,-0.4035980999469757,0.6495406031608582,0.6293247938156128,-0.21870367228984833,0.7686862349510193,0.6545745134353638,-0.4420006275177002,0.6380718946456909,0.6383068561553955,-0.22716405987739563,0.7566215395927429,0.6545673608779907,-0.4435165524482727,0.6388323307037354,0.6374855041503906,-0.26250675320625305,0.7550351619720459,0.6506352424621582,-0.4061792492866516,0.6462112665176392,0.6345396041870117,-0.23124901950359344,0.8022619485855103,0.5504066348075867,-0.04759550094604492,0.7542670369148254,0.5577043294906616,0.0480680838227272,0.7645829319953918,0.5958436727523804,-0.20967066287994385,0.6833300590515137,0.5941566228866577,-0.02762206457555294,0.7732940912246704,0.6338497400283813,-0.10664819926023483,0.7425254583358765,0.6282646059989929,0.012121601961553097,0.7855120897293091,0.6348694562911987,-0.0934867113828659,0.7583596110343933,0.6320842504501343,0.016678757965564728,0.7492890357971191,0.6556016206741333,-0.1347922831773758,0.7312662601470947,0.6481429934501648,-0.025857964530587196
161,0.6651902794837952,0.5353208780288696,-0.37924644351005554,0.6673012971878052,0.5291348695755005,-0.3873574435710907,0.6697946190834045,0.5273495316505432,-0.3874180316925049,0.6717405915260315,0.5264164209365845,-0.38742154836654663,0.6599637269973755,0.5289086103439331,-0.3738516867160797,0.6588122248649597,0.5283998250961304,-0.3740592896938324,0.657631516456604,0.527815580368042,-0.37414276599884033,0.6821849346160889,0.5204664468765259,-0.3716748058795929,0.6597149968147278,0.5243613719940186,-0.30317384004592896,0.6766577959060669,0.5353999733924866,-0.3651885688304901,0.6710119247436523,0.5364550352096558,-0.34750157594680786,0.7443652749061584,0.531623125076294,-0.33570635318756104,0.6715765595436096,0.5417609810829163,-0.2095424234867096,0.7850098609924316,0.5865079164505005,-0.37441274523735046,0.6657496094703674,0.5860689282417297,-0.18379345536231995,0.7730395793914795,0.6400211453437805,-0.42215901613235474,0.6578947901725769,0.6284500360488892,-0.23491020500659943,0.7739271521568298,0.6537756323814392,-0.4612462818622589,0.6469764113426208,0.6378211379051208,-0.24898865818977356,0.7612531185150146,0.6540863513946533,-0.4624590277671814,0.6484354734420776,0.6372681856155396,-0.28049615025520325,0.7618818283081055,0.6506737470626831,-0.42505261301994324,0.6538527607917786,0.6342865228652954,-0.2482958287000656,0.8167710900306702,0.552017867565155,-0.04603435844182968,0.7721269130706787,0.5589555501937866,0.04637845233082771,0.7506024837493896,0.5931249856948853,-0.2109091579914093,0.6855843663215637,0.5909723043441772,-0.053404372185468674,0.7672950625419617,0.6266094446182251,-0.11209931969642639,0.7373220920562744,0.6270188689231873,-0.02254829928278923,0.7780031561851501,0.6277981400489807,-0.09891218692064285,0.7508044838905334,0.6291815042495728,-0.01873951405286789,0.7490595579147339,0.6528205275535583,-0.1336388736963272,0.7284632325172424,0.6441661715507507,-0.061559561640024185
162,0.6730907559394836,0.534850001335144,-0.3687252402305603,0.6741399765014648,0.5281102657318115,-0.3774130046367645,0.6763604879379272,0.5270082950592041,-0.37745845317840576,0.6794560551643372,0.5250731706619263,-0.3774510622024536,0.6675431728363037,0.5291646718978882,-0.3632473051548004,0.6667996048927307,0.5286777019500732,-0.36344489455223083,0.666027307510376,0.5280774831771851,-0.3635210692882538,0.6936377882957458,0.519931972026825,-0.3443598449230194,0.6709845066070557,0.5239064693450928,-0.2999364137649536,0.6873961687088013,0.5352777242660522,-0.35804444551467896,0.6792468428611755,0.5370712280273438,-0.337757408618927,0.7515333294868469,0.5326488614082336,-0.31772488355636597,0.6848488450050354,0.5420030355453491,-0.19773553311824799,0.7834012508392334,0.590058445930481,-0.35456588864326477,0.6754000186920166,0.5827620029449463,-0.17200064659118652,0.7652245163917542,0.6416386365890503,-0.39525243639945984,0.6614736318588257,0.6270416378974915,-0.22668567299842834,0.7662689089775085,0.654265284538269,-0.433798223733902,0.6499074697494507,0.6372754573822021,-0.24569806456565857,0.7558310627937317,0.6545485258102417,-0.433535635471344,0.6523916721343994,0.6369239091873169,-0.27794331312179565,0.7564245462417603,0.6510728597640991,-0.39757707715034485,0.6581323146820068,0.6335046291351318,-0.24171258509159088,0.8226605653762817,0.555336594581604,-0.0454331673681736,0.778789758682251,0.5591533184051514,0.045780032873153687,0.7492946982383728,0.5978435277938843,-0.1653144657611847,0.6895142197608948,0.5945152640342712,-0.03428390622138977,0.7702406048774719,0.6268558502197266,-0.05673009529709816,0.7536230087280273,0.6260546445846558,0.010318893939256668,0.7843774557113647,0.6263806819915771,-0.041677094995975494,0.767707884311676,0.6283248662948608,0.015787821263074875,0.7584784626960754,0.6519153118133545,-0.05727219581604004,0.7551544904708862,0.642572283744812,-0.01388540118932724
163,0.6751320362091064,0.5352920889854431,-0.3754046559333801,0.6755968332290649,0.529528021812439,-0.38304710388183594,0.6791889667510986,0.5290902853012085,-0.3831273019313812,0.6828373074531555,0.5273361802101135,-0.38310110569000244,0.6694868803024292,0.5296811461448669,-0.3665003776550293,0.6689137816429138,0.5291622877120972,-0.3666759133338928,0.6683276891708374,0.528535008430481,-0.3667491376399994,0.6957449316978455,0.5222440958023071,-0.35496047139167786,0.6736659407615662,0.524441123008728,-0.29635435342788696,0.6886538863182068,0.5369738340377808,-0.3620739281177521,0.6806609630584717,0.5377770662307739,-0.34069931507110596,0.7609588503837585,0.5380269289016724,-0.3408088982105255,0.6841877698898315,0.5405471324920654,-0.1908092349767685,0.7816130518913269,0.5915690064430237,-0.38655203580856323,0.6739673018455505,0.5845291614532471,-0.15999385714530945,0.7648995518684387,0.6417927145957947,-0.43008413910865784,0.6596960425376892,0.6277570724487305,-0.22045005857944489,0.7629097104072571,0.6545912027359009,-0.4776803255081177,0.6505472660064697,0.6375037431716919,-0.23933030664920807,0.7527010440826416,0.6548038721084595,-0.4769585132598877,0.6523858904838562,0.6369091272354126,-0.2760368883609772,0.7533025741577148,0.651218831539154,-0.4332290589809418,0.6591511368751526,0.633751392364502,-0.2369627058506012,0.8304221034049988,0.567054033279419,-0.057680193334817886,0.7820259928703308,0.5678718090057373,0.058017391711473465,0.7539322972297668,0.6112267971038818,-0.1673964411020279,0.690976619720459,0.60202956199646,0.00211283634416759,0.7893704175949097,0.6231807470321655,-0.01181871723383665,0.7698628902435303,0.6213135719299316,0.07492639869451523,0.7966210246086121,0.6181674599647522,0.0100168501958251,0.7846306562423706,0.6191779375076294,0.08430679887533188,0.784417986869812,0.6443654894828796,0.026340164244174957,0.7771567702293396,0.6392507553100586,0.07777700573205948
164,0.676895797252655,0.5380715727806091,-0.3553203046321869,0.677245557308197,0.531951367855072,-0.3628286123275757,0.6799390316009521,0.5311816930770874,-0.3629230856895447,0.6827696561813354,0.5298956632614136,-0.36291274428367615,0.6714867353439331,0.5321115255355835,-0.3446178734302521,0.6707016229629517,0.5315034985542297,-0.34476685523986816,0.6691108345985413,0.5304750800132751,-0.344873309135437,0.6993768811225891,0.524324357509613,-0.3386496901512146,0.6755239367485046,0.5259639620780945,-0.26233699917793274,0.6899182796478271,0.5391254425048828,-0.3429313004016876,0.6818609833717346,0.5398737788200378,-0.31978464126586914,0.7657536268234253,0.5371195077896118,-0.34048306941986084,0.6862935423851013,0.5412612557411194,-0.16990835964679718,0.7880415320396423,0.5914369225502014,-0.3792363405227661,0.6744710803031921,0.5848139524459839,-0.13422274589538574,0.7726189494132996,0.6424682140350342,-0.41789165139198303,0.6626814007759094,0.6256707906723022,-0.19524896144866943,0.7734870910644531,0.6548057794570923,-0.4582265317440033,0.650635838508606,0.6342833042144775,-0.2138003706932068,0.7589928507804871,0.6546231508255005,-0.4661819338798523,0.6543728709220886,0.6347888708114624,-0.24540041387081146,0.75813227891922,0.651313841342926,-0.42168495059013367,0.6611323356628418,0.6317540407180786,-0.2092035859823227,0.8338112831115723,0.572827160358429,-0.05900878459215164,0.7834347486495972,0.5748471021652222,0.05931520462036133,0.765531063079834,0.6119980216026306,-0.1856393963098526,0.6955563426017761,0.6081968545913696,-0.014084979891777039,0.8007245659828186,0.6243011355400085,-0.029234852641820908,0.7804571986198425,0.6211667060852051,0.06565918028354645,0.8080834150314331,0.6200975775718689,-0.009256664663553238,0.7962061762809753,0.6176508665084839,0.0785873681306839,0.7845256328582764,0.6467301249504089,0.0009663822711445391,0.790571928024292,0.6403039693832397,0.0633612871170044
165,0.6776518225669861,0.539579451084137,-0.3541216254234314,0.677189826965332,0.5333667993545532,-0.36224064230918884,0.6796683073043823,0.5325235724449158,-0.3623311221599579,0.6824945211410522,0.5312139987945557,-0.3623036742210388,0.6716159582138062,0.5336545705795288,-0.3433128893375397,0.6706891655921936,0.5331272482872009,-0.34345367550849915,0.6691009402275085,0.5319478511810303,-0.3435751497745514,0.6961598992347717,0.5256072282791138,-0.3393467664718628,0.6759700179100037,0.5279710292816162,-0.2583664655685425,0.6909376978874207,0.5402610301971436,-0.3424513339996338,0.6827048659324646,0.5413107872009277,-0.31812411546707153,0.7675748467445374,0.5320988893508911,-0.3356550931930542,0.6830461025238037,0.5404147505760193,-0.17221426963806152,0.7902149558067322,0.5919192433357239,-0.3802412152290344,0.6743366718292236,0.5882059335708618,-0.1386001855134964,0.7737284302711487,0.6427894830703735,-0.41736623644828796,0.6639719009399414,0.626585066318512,-0.20281584560871124,0.7721854448318481,0.65497887134552,-0.4579911530017853,0.6497501134872437,0.6348782777786255,-0.219575434923172,0.7596501708030701,0.6551851034164429,-0.463415265083313,0.6552039384841919,0.6352410912513733,-0.25206586718559265,0.7610527873039246,0.6513919830322266,-0.42097434401512146,0.6626551747322083,0.6327599883079529,-0.2165006697177887,0.8318814635276794,0.5761326551437378,-0.059204138815402985,0.7806167006492615,0.5781127214431763,0.059514373540878296,0.782490611076355,0.6135830283164978,-0.18394112586975098,0.6941907405853271,0.6142846941947937,0.0149316918104887,0.8019782304763794,0.6212232708930969,-0.002741609001532197,0.7779449224472046,0.6191614866256714,0.07304832339286804,0.805847704410553,0.614522397518158,0.022379543632268906,0.7952210903167725,0.6137923002243042,0.08174597471952438,0.799680769443512,0.6428667902946472,0.05306270346045494,0.791836142539978,0.6389808058738708,0.07254441827535629
166,0.6756592392921448,0.5454970002174377,-0.3436940610408783,0.675354540348053,0.5394926071166992,-0.35566097497940063,0.6779712438583374,0.5384432077407837,-0.35575324296951294,0.6807393431663513,0.537411093711853,-0.3557012677192688,0.6699216365814209,0.5389912724494934,-0.33137813210487366,0.6690136194229126,0.5381523370742798,-0.3314794898033142,0.6673163771629333,0.5375826358795166,-0.3316010534763336,0.6941966414451599,0.5292501449584961,-0.3532032370567322,0.6752510666847229,0.5311877727508545,-0.24759042263031006,0.6893190741539001,0.5455476641654968,-0.3401264548301697,0.6808949708938599,0.5455156564712524,-0.3087528347969055,0.7690613865852356,0.5342755317687988,-0.35534390807151794,0.6856415867805481,0.5390981435775757,-0.16919367015361786,0.7898664474487305,0.5920666456222534,-0.40528425574302673,0.674738883972168,0.5892913937568665,-0.13317319750785828,0.7726051211357117,0.6444841623306274,-0.4303579032421112,0.6637551784515381,0.6291588544845581,-0.20469601452350616,0.7714859843254089,0.6558858156204224,-0.47301772236824036,0.6493526101112366,0.6361590027809143,-0.22224321961402893,0.7587372064590454,0.655917763710022,-0.47908815741539,0.6530733108520508,0.6367760896682739,-0.25476452708244324,0.7599442601203918,0.651757538318634,-0.43425822257995605,0.6605618000030518,0.634463369846344,-0.21848081052303314,0.8332884311676025,0.5812138319015503,-0.06691093742847443,0.7810112237930298,0.5799477100372314,0.06724894791841507,0.7900211811065674,0.6190632581710815,-0.17731380462646484,0.6948962211608887,0.6123877763748169,0.048252519220113754,0.8145748376846313,0.6120808124542236,0.05091932788491249,0.7926756143569946,0.6142252087593079,0.13614942133426666,0.8186807632446289,0.6023440361022949,0.08171691000461578,0.809721827507019,0.608420729637146,0.14720048010349274,0.8172622919082642,0.6296849846839905,0.13830532133579254,0.8106558918952942,0.6319372653961182,0.15916143357753754
167,0.6798232793807983,0.5502684712409973,-0.3205103874206543,0.6794694662094116,0.5447818636894226,-0.3342836797237396,0.6814977526664734,0.5439718961715698,-0.3343563973903656,0.6832905411720276,0.5430585145950317,-0.33429762721061707,0.6736369729042053,0.545080304145813,-0.3086170554161072,0.6718547344207764,0.544052004814148,-0.30870532989501953,0.6705370545387268,0.5432742238044739,-0.30884143710136414,0.6940643787384033,0.5331543684005737,-0.35190579295158386,0.6759634017944336,0.536487340927124,-0.23461461067199707,0.6939017176628113,0.5494142770767212,-0.32247284054756165,0.6850432753562927,0.5501127243041992,-0.2890315651893616,0.7707332372665405,0.5342264175415039,-0.35627949237823486,0.6898831725120544,0.5343919992446899,-0.16261644661426544,0.7879743576049805,0.5921670198440552,-0.4097009301185608,0.6747073531150818,0.5891035795211792,-0.1276019662618637,0.7714247107505798,0.6448373794555664,-0.42988666892051697,0.6625146865844727,0.6306370496749878,-0.196580171585083,0.7702945470809937,0.6569002866744995,-0.47481438517570496,0.6479144096374512,0.6371276378631592,-0.21778559684753418,0.7590833902359009,0.6565389037132263,-0.4793010354042053,0.6519513726234436,0.6372094750404358,-0.24985700845718384,0.758998692035675,0.6534044146537781,-0.43365415930747986,0.6590567827224731,0.6351217031478882,-0.21158750355243683,0.8358356952667236,0.5782350301742554,-0.07221024483442307,0.7816778421401978,0.5783553719520569,0.072501040995121,0.7843838930130005,0.604064404964447,-0.19468286633491516,0.6959233283996582,0.6023513674736023,0.03149598091840744,0.81099534034729,0.6138757467269897,0.01421727892011404,0.7890331745147705,0.6153407096862793,0.10857098549604416,0.8204765915870667,0.6049957871437073,0.054469987750053406,0.8085503578186035,0.6086093187332153,0.11802181601524353,0.8099365830421448,0.6358378529548645,0.07135778665542603,0.8010817766189575,0.6383412480354309,0.11768361181020737
168,0.6878718733787537,0.553357720375061,-0.32191595435142517,0.6863197088241577,0.5486962795257568,-0.3352523148059845,0.6891413927078247,0.5473565459251404,-0.3353102505207062,0.6910397410392761,0.5459741353988647,-0.33522799611091614,0.6795424818992615,0.5498909950256348,-0.3113385736942291,0.6777652502059937,0.5494204163551331,-0.31143975257873535,0.6756928563117981,0.548663854598999,-0.31158632040023804,0.6972433924674988,0.5354360342025757,-0.3511665165424347,0.6791478991508484,0.541090190410614,-0.24027934670448303,0.7009590864181519,0.5518968105316162,-0.3228296935558319,0.6912043690681458,0.553338885307312,-0.2916213572025299,0.7746651768684387,0.5338965654373169,-0.3535858988761902,0.6925362944602966,0.5331765413284302,-0.1628376692533493,0.7876294255256653,0.5898847579956055,-0.4057028889656067,0.6761744618415833,0.5871750116348267,-0.1306188553571701,0.7707611918449402,0.6447040438652039,-0.42874494194984436,0.6622859239578247,0.6306151151657104,-0.1980767846107483,0.7697758078575134,0.6568945646286011,-0.4698966145515442,0.6470922827720642,0.6384955644607544,-0.22024673223495483,0.7579231262207031,0.6568760275840759,-0.4746120870113373,0.6510521173477173,0.6380293965339661,-0.25125911831855774,0.759007453918457,0.6534015536308289,-0.43190404772758484,0.6581286191940308,0.6355698108673096,-0.21367880702018738,0.8357443809509277,0.5738279223442078,-0.07023521512746811,0.7813975214958191,0.572522759437561,0.07055239379405975,0.7814431190490723,0.5992068648338318,-0.20884966850280762,0.708553671836853,0.6007040739059448,-0.0047251274809241295,0.810853123664856,0.6154180765151978,-0.021357377991080284,0.7848273515701294,0.6241328716278076,0.10823202133178711,0.8204702734947205,0.6108249425888062,0.007073601707816124,0.8077045679092407,0.6152496933937073,0.12106753140687943,0.8086591362953186,0.6420220732688904,0.045786820352077484,0.8026936650276184,0.6447173953056335,0.1258563995361328
169,0.6900959610939026,0.5572307109832764,-0.338704913854599,0.6905635595321655,0.5516554713249207,-0.3527619242668152,0.6929060816764832,0.5505392551422119,-0.3528178036212921,0.6947301030158997,0.5494023561477661,-0.3527164161205292,0.6838632225990295,0.5528832674026489,-0.32724496722221375,0.6818208694458008,0.5522129535675049,-0.32731691002845764,0.6799589395523071,0.5514665842056274,-0.3274312913417816,0.7013834118843079,0.5389166474342346,-0.3678388297557831,0.6818426251411438,0.5434060096740723,-0.2551479935646057,0.7032681703567505,0.5548903942108154,-0.341032475233078,0.6930861473083496,0.5566772222518921,-0.30790168046951294,0.7764808535575867,0.5339664220809937,-0.3675708770751953,0.6955214738845825,0.5327270030975342,-0.18813952803611755,0.7878167629241943,0.5889047980308533,-0.42656880617141724,0.6777259111404419,0.5868021249771118,-0.1522490680217743,0.7717620730400085,0.6439400911331177,-0.46571633219718933,0.661541759967804,0.6311565041542053,-0.21608148515224457,0.7694794535636902,0.6568966507911682,-0.5137107372283936,0.6434990763664246,0.638520359992981,-0.23750409483909607,0.7595183253288269,0.6565878391265869,-0.5154947638511658,0.6450967788696289,0.6381491422653198,-0.2708662152290344,0.759285569190979,0.6533903479576111,-0.46909746527671814,0.6560366153717041,0.6356046795845032,-0.23183336853981018,0.8380993604660034,0.5726824998855591,-0.06924814730882645,0.7868766784667969,0.5719379186630249,0.06957452744245529,0.798398494720459,0.6000770926475525,-0.17432475090026855,0.7350480556488037,0.6040999293327332,0.00811840035021305,0.8168694376945496,0.614160418510437,0.06377901136875153,0.7869760394096375,0.6235387921333313,0.17292147874832153,0.8249822854995728,0.6073899269104004,0.09496527910232544,0.8089731931686401,0.6152072548866272,0.19135300815105438,0.8125578165054321,0.6372955441474915,0.1469026654958725,0.806323766708374,0.6437994241714478,0.208436518907547
170,0.7000107765197754,0.557147741317749,-0.36631280183792114,0.7006441950798035,0.5526844263076782,-0.38318103551864624,0.7023106217384338,0.5519254207611084,-0.38325339555740356,0.7057934403419495,0.5501498579978943,-0.3831430673599243,0.6947029829025269,0.5532411336898804,-0.3566693663597107,0.6913563013076782,0.5534186959266663,-0.35676467418670654,0.6894057989120483,0.5528204441070557,-0.35687774419784546,0.710163414478302,0.5406211018562317,-0.4077523648738861,0.6897847652435303,0.543911874294281,-0.2870233356952667,0.7117157578468323,0.5555518865585327,-0.3710376024246216,0.7015547156333923,0.5564764738082886,-0.33589622378349304,0.7840160727500916,0.5339807271957397,-0.3990251421928406,0.7032330632209778,0.5279861092567444,-0.2169833779335022,0.7965395450592041,0.5903626680374146,-0.44510743021965027,0.6818491816520691,0.5862921476364136,-0.16678233444690704,0.7707706689834595,0.6435210108757019,-0.47836834192276,0.6612746715545654,0.6304072141647339,-0.2149324268102646,0.768700897693634,0.6568975448608398,-0.5260226130485535,0.644402801990509,0.6383908987045288,-0.2324741780757904,0.7595077753067017,0.6565219163894653,-0.5258177518844604,0.6452492475509644,0.6380552649497986,-0.27005764842033386,0.758939802646637,0.6533355712890625,-0.4809236228466034,0.6559671759605408,0.6355080008506775,-0.23030109703540802,0.8416467308998108,0.5676513910293579,-0.06853483617305756,0.7868326902389526,0.5626205205917358,0.06889764964580536,0.8246176242828369,0.6142419576644897,-0.11142028868198395,0.7597425580024719,0.6068630218505859,0.0842447429895401,0.823293924331665,0.6109921336174011,0.17861993610858917,0.7975767254829407,0.6170222759246826,0.28535106778144836,0.8256161212921143,0.6010323762893677,0.21513310074806213,0.8080719709396362,0.6114844083786011,0.3079577684402466,0.8199693560600281,0.6316107511520386,0.29128286242485046,0.8114532232284546,0.6333235502243042,0.33715978264808655
171,0.7154452800750732,0.556839108467102,-0.3771604001522064,0.7137047648429871,0.5515731573104858,-0.39600998163223267,0.7150497436523438,0.5506551265716553,-0.39610031247138977,0.7193300127983093,0.5491107702255249,-0.3959798216819763,0.7085259556770325,0.5525087118148804,-0.3707596957683563,0.7054777145385742,0.5530417561531067,-0.37087681889533997,0.7009820938110352,0.5515483617782593,-0.3709961473941803,0.7217678427696228,0.5397306084632874,-0.4198243021965027,0.7044016718864441,0.5432579517364502,-0.3028084933757782,0.724941074848175,0.5548087358474731,-0.37987786531448364,0.7176129817962646,0.5551760196685791,-0.3458937406539917,0.7877405881881714,0.5282124876976013,-0.40000924468040466,0.7144120335578918,0.5237083435058594,-0.22714866697788239,0.7980297803878784,0.5868024230003357,-0.4396763741970062,0.6882365942001343,0.5837895274162292,-0.1824524998664856,0.7666270136833191,0.6420667767524719,-0.47337058186531067,0.6641660332679749,0.6283193826675415,-0.23116563260555267,0.7650178670883179,0.6561720371246338,-0.5182409882545471,0.6456266045570374,0.636311411857605,-0.2478196918964386,0.7583523988723755,0.6565077900886536,-0.5149007439613342,0.6475411057472229,0.6366930603981018,-0.28162315487861633,0.756146252155304,0.6532577276229858,-0.47393086552619934,0.6577884554862976,0.6343609094619751,-0.24507804214954376,0.8464772701263428,0.5549785494804382,-0.057766810059547424,0.7879607081413269,0.5515897870063782,0.05810242146253586,0.8389790058135986,0.6250939965248108,-0.08200831711292267,0.7839309573173523,0.6155115365982056,0.08113623410463333,0.8139419555664062,0.6124045252799988,0.21825282275676727,0.794829249382019,0.6193898320198059,0.290446013212204,0.8053567409515381,0.6038206815719604,0.2553914189338684,0.7917665243148804,0.6162135004997253,0.3149700164794922,0.7998691201210022,0.631071925163269,0.3277740776538849,0.7935670018196106,0.6330738067626953,0.33758628368377686
172,0.7216471433639526,0.5498648881912231,-0.4045976996421814,0.7193796634674072,0.5460857152938843,-0.4251832365989685,0.7227007746696472,0.5441309213638306,-0.42526763677597046,0.7243174910545349,0.5433883666992188,-0.4251415729522705,0.7151005268096924,0.5466033816337585,-0.4022291302680969,0.7134943604469299,0.5465188026428223,-0.4023609161376953,0.7108821272850037,0.5451450347900391,-0.40244272351264954,0.7269994020462036,0.5341886281967163,-0.44637757539749146,0.713484525680542,0.5362179279327393,-0.34059396386146545,0.7322878241539001,0.5451942682266235,-0.4046895205974579,0.7249059081077576,0.5471305847167969,-0.3739188313484192,0.7863216996192932,0.5178757309913635,-0.41705334186553955,0.7234143614768982,0.5153772830963135,-0.2530058026313782,0.7982960939407349,0.5722329616546631,-0.4537319242954254,0.7020562291145325,0.5748203992843628,-0.20571421086788177,0.7646248936653137,0.6293299198150635,-0.4949699938297272,0.6796919107437134,0.6201108694076538,-0.26029443740844727,0.7646450400352478,0.6463949680328369,-0.5428526997566223,0.6673955917358398,0.6306276321411133,-0.2805682420730591,0.757659375667572,0.6461929082870483,-0.5368448495864868,0.6690412759780884,0.6320667862892151,-0.31535521149635315,0.7532479763031006,0.6404867768287659,-0.4948558807373047,0.6755502223968506,0.6286566853523254,-0.2749427556991577,0.8430880308151245,0.5397471189498901,-0.05570458993315697,0.7948108315467834,0.5378943681716919,0.055988747626543045,0.8378211855888367,0.613947331905365,-0.05936836823821068,0.7961975932121277,0.6107434034347534,0.0875813290476799,0.813477635383606,0.6040409207344055,0.21524514257907867,0.7943423986434937,0.6060787439346313,0.29360708594322205,0.8073399662971497,0.5963180065155029,0.24858298897743225,0.7877878546714783,0.6022230982780457,0.316508412361145,0.7996333837509155,0.6165876388549805,0.30266231298446655,0.7854974269866943,0.6135108470916748,0.32588088512420654
173,0.7224110960960388,0.5401061177253723,-0.25147053599357605,0.7215490341186523,0.5371785759925842,-0.2722635567188263,0.7234150171279907,0.5364061594009399,-0.27229583263397217,0.7239381670951843,0.5390574932098389,-0.2722332179546356,0.7160715460777283,0.5367980003356934,-0.24635370075702667,0.7145917415618896,0.53618323802948,-0.246440127491951,0.7130765318870544,0.5353410840034485,-0.24654166400432587,0.728931188583374,0.525274395942688,-0.317156046628952,0.7143107652664185,0.5247843265533447,-0.20008568465709686,0.7366539239883423,0.5376327633857727,-0.2630292773246765,0.7265263199806213,0.5365108847618103,-0.2288476526737213,0.7876293659210205,0.5136515498161316,-0.32424452900886536,0.7438842058181763,0.500433087348938,-0.1284327656030655,0.7984368801116943,0.5674046277999878,-0.3539062738418579,0.7153400778770447,0.5578429102897644,-0.08283275365829468,0.7697088718414307,0.618871808052063,-0.3695524036884308,0.7019209265708923,0.6114643216133118,-0.13514921069145203,0.7686723470687866,0.6336842775344849,-0.4118182361125946,0.6888735294342041,0.6195014715194702,-0.1449752151966095,0.759812593460083,0.6324161291122437,-0.4002930819988251,0.6969034075737,0.6230649352073669,-0.1787237823009491,0.7547792196273804,0.62830650806427,-0.36706802248954773,0.7013424038887024,0.6211434602737427,-0.14914757013320923,0.8590196967124939,0.5397142171859741,-0.06433596462011337,0.8244156837463379,0.5349915027618408,0.06468012928962708,0.8299033045768738,0.6101343631744385,-0.0655214712023735,0.7959624528884888,0.5977876782417297,0.109782375395298,0.8202829957008362,0.6207724213600159,0.19985027611255646,0.797692596912384,0.6100382804870605,0.26208022236824036,0.8246591091156006,0.6183107495307922,0.20010587573051453,0.8004986047744751,0.6120830774307251,0.27948448061943054,0.7998713254928589,0.6328035593032837,0.21601390838623047,0.7860724329948425,0.6179326772689819,0.28908178210258484
174,0.7269399166107178,0.5298138856887817,-0.24870410561561584,0.7240247130393982,0.5258461236953735,-0.2668766975402832,0.7256377935409546,0.5251625776290894,-0.2668602466583252,0.7282751202583313,0.5234503149986267,-0.2667940855026245,0.7174139022827148,0.5273786187171936,-0.24504362046718597,0.715682327747345,0.5269083976745605,-0.24518197774887085,0.7139374017715454,0.5264016389846802,-0.2453337162733078,0.7318695783615112,0.5132052898406982,-0.3025255501270294,0.714349627494812,0.5171618461608887,-0.20417214930057526,0.7393835186958313,0.5272034406661987,-0.2571485936641693,0.73117995262146,0.5277230143547058,-0.22841136157512665,0.7876713871955872,0.4992673397064209,-0.30908605456352234,0.7402855157852173,0.5018835067749023,-0.13585920631885529,0.8101218342781067,0.557316780090332,-0.32454603910446167,0.7314971089363098,0.5533696413040161,-0.08291703462600708,0.7881178855895996,0.6135503053665161,-0.31637510657310486,0.7337037920951843,0.6006604433059692,-0.11175917834043503,0.7875487208366394,0.6265875101089478,-0.34937602281570435,0.7295303344726562,0.6153007745742798,-0.12405730038881302,0.7672088742256165,0.6260872483253479,-0.34203165769577026,0.7380729913711548,0.6179837584495544,-0.14940409362316132,0.7684520483016968,0.622411847114563,-0.3136613368988037,0.7418604493141174,0.6140276789665222,-0.1223570927977562,0.866906464099884,0.5300794839859009,-0.05944665148854256,0.825419008731842,0.5303540825843811,0.059790708124637604,0.8429321050643921,0.5977233648300171,-0.013436147011816502,0.8110085129737854,0.5866382718086243,0.10322517901659012,0.8233644366264343,0.6344467401504517,0.15740889310836792,0.807067334651947,0.6237956881523132,0.23689055442810059,0.8440929651260376,0.6375808715820312,0.15705110132694244,0.8216750025749207,0.6235443353652954,0.24738332629203796,0.8010224103927612,0.6616193056106567,0.14094501733779907,0.7869499921798706,0.6365286111831665,0.2246091365814209
175,0.726732611656189,0.5171796083450317,-0.19966165721416473,0.7221229672431946,0.5134578943252563,-0.21430888772010803,0.7235511541366577,0.5128729939460754,-0.21424049139022827,0.7260998487472534,0.5111425518989563,-0.21415670216083527,0.7173238396644592,0.5137842893600464,-0.19144925475120544,0.7158237099647522,0.5132784247398376,-0.19158793985843658,0.7143034934997559,0.512616753578186,-0.1917315423488617,0.7293307781219482,0.5026198625564575,-0.24395853281021118,0.7148846983909607,0.5050750374794006,-0.14096078276634216,0.7394784688949585,0.5142855048179626,-0.2073291540145874,0.7317932844161987,0.5156011581420898,-0.17729724943637848,0.7890088558197021,0.4893209934234619,-0.26848092675209045,0.7446967363357544,0.49545150995254517,-0.07084508240222931,0.8232126235961914,0.5435660481452942,-0.30537161231040955,0.7497534155845642,0.5458092093467712,-0.03571583330631256,0.802462100982666,0.5941311120986938,-0.31272584199905396,0.7645655870437622,0.5912635922431946,-0.09035447239875793,0.801922082901001,0.6089667081832886,-0.3490314483642578,0.7671889662742615,0.6059718132019043,-0.09988674521446228,0.7931369543075562,0.610695481300354,-0.3398757576942444,0.7773060202598572,0.6067532300949097,-0.12595441937446594,0.7927065491676331,0.6058735251426697,-0.30972912907600403,0.7768761515617371,0.6035189032554626,-0.10166557878255844,0.8750458359718323,0.527475118637085,-0.062173858284950256,0.8404274582862854,0.5297814607620239,0.062459032982587814,0.8464507460594177,0.5898913145065308,-0.11311912536621094,0.8023510575294495,0.5824525952339172,0.040317289531230927,0.8245508670806885,0.6347951889038086,-0.02435908280313015,0.8057206273078918,0.627990186214447,0.09066504240036011,0.8370850682258606,0.638399600982666,-0.014045927673578262,0.8158502578735352,0.6283953189849854,0.09305989742279053,0.7888559699058533,0.6515371799468994,-0.04480055719614029,0.7844836115837097,0.6394079923629761,0.04389479383826256
176,0.7248064875602722,0.5048941373825073,-0.19981111586093903,0.7207253575325012,0.49917683005332947,-0.21554401516914368,0.7222719192504883,0.498268187046051,-0.21546991169452667,0.7247824668884277,0.4972310960292816,-0.21538668870925903,0.7157624959945679,0.5008472800254822,-0.19069904088974,0.7141514420509338,0.5005202889442444,-0.19084931910037994,0.7124854922294617,0.5000497102737427,-0.19100415706634521,0.7282435297966003,0.48703694343566895,-0.24550476670265198,0.713466465473175,0.493117094039917,-0.13272041082382202,0.73769211769104,0.5010992288589478,-0.20692072808742523,0.7300118207931519,0.5029877424240112,-0.17421311140060425,0.7886115908622742,0.469166100025177,-0.27775225043296814,0.7444948554039001,0.4871254861354828,-0.05250703543424606,0.8323336839675903,0.5230589509010315,-0.31939756870269775,0.7588117718696594,0.5314542651176453,-0.018335463479161263,0.8196418881416321,0.5747024416923523,-0.32300588488578796,0.7821540832519531,0.577084481716156,-0.0813630074262619,0.81854248046875,0.5897800326347351,-0.35988327860832214,0.7905095219612122,0.5911835432052612,-0.09258509427309036,0.8089587092399597,0.5896786451339722,-0.34959426522254944,0.793769896030426,0.5906281471252441,-0.11819600313901901,0.8078502416610718,0.5849170684814453,-0.3187856674194336,0.7924765944480896,0.5850731730461121,-0.09324760735034943,0.8828130960464478,0.5131267309188843,-0.0670318678021431,0.8482872247695923,0.5221332311630249,0.06725867837667465,0.8522629737854004,0.5721716284751892,-0.14690685272216797,0.7975367307662964,0.5753430724143982,0.02093011513352394,0.8244847059249878,0.6341111063957214,-0.06907621026039124,0.8066943883895874,0.6290441751480103,0.04297880828380585,0.8362935185432434,0.6389553546905518,-0.059528011828660965,0.8240998983383179,0.6307277083396912,0.04201832786202431,0.7867829203605652,0.6484086513519287,-0.10506530106067657,0.7846793532371521,0.6431524157524109,-0.02373344823718071
177,0.7230240106582642,0.49133190512657166,-0.1528843492269516,0.7158476710319519,0.4866844713687897,-0.17017006874084473,0.7186045050621033,0.4848965108394623,-0.17012465000152588,0.7199954390525818,0.48366084694862366,-0.1700829714536667,0.7133084535598755,0.48743605613708496,-0.14345674216747284,0.7123352885246277,0.4870550036430359,-0.14360009133815765,0.7113083600997925,0.4865081310272217,-0.1437494158744812,0.7262091636657715,0.47416868805885315,-0.21138085424900055,0.713360607624054,0.4793308675289154,-0.09051875025033951,0.7371553778648376,0.48789581656455994,-0.16500674188137054,0.7290743589401245,0.490081787109375,-0.12992528080940247,0.7858409285545349,0.4603845179080963,-0.25726765394210815,0.7459704875946045,0.4768008291721344,-0.010879166424274445,0.8357151746749878,0.509992778301239,-0.2923951745033264,0.7722151875495911,0.5188178420066833,0.03447805717587471,0.828891396522522,0.5562722086906433,-0.26774394512176514,0.7933915853500366,0.5565397143363953,-0.012430015951395035,0.8266319036483765,0.5701311826705933,-0.2968756854534149,0.7995117902755737,0.571743369102478,-0.019552448764443398,0.8185796737670898,0.5701213479042053,-0.28979092836380005,0.8027762770652771,0.5712478756904602,-0.043244075030088425,0.8188591003417969,0.5668895244598389,-0.26387473940849304,0.8035658001899719,0.5669348239898682,-0.02396404556930065,0.8840543031692505,0.5059837102890015,-0.07693597674369812,0.8423947691917419,0.5093865394592285,0.07718846201896667,0.8484706282615662,0.5688952803611755,-0.14545977115631104,0.7980680465698242,0.5634592771530151,0.035760242491960526,0.8341279625892639,0.6329737901687622,-0.09075777232646942,0.8109742999076843,0.6280741691589355,0.05301116779446602,0.8405604958534241,0.6399784088134766,-0.08509479463100433,0.8254882097244263,0.6314271092414856,0.050367843359708786,0.7896507382392883,0.6508517861366272,-0.14389674365520477,0.78406822681427,0.6428573131561279,-0.010138078592717648
178,0.7087425589561462,0.4717051386833191,-0.161391019821167,0.7021594643592834,0.46519309282302856,-0.17369593679904938,0.7042378187179565,0.4637618660926819,-0.1736716479063034,0.7058826684951782,0.4623345732688904,-0.17365527153015137,0.6993653774261475,0.46646371483802795,-0.15130065381526947,0.6988329887390137,0.4660964906215668,-0.15145453810691833,0.6984199285507202,0.46551400423049927,-0.15162256360054016,0.7198264002799988,0.45419931411743164,-0.19314683973789215,0.707066535949707,0.4596124589443207,-0.09329713135957718,0.7232338190078735,0.4702613949775696,-0.16592340171337128,0.7177013754844666,0.47233185172080994,-0.13685812056064606,0.7859838008880615,0.44824495911598206,-0.22935782372951508,0.7442293763160706,0.46830374002456665,-0.012893104925751686,0.8391599059104919,0.49665266275405884,-0.2574242353439331,0.774706244468689,0.5089547634124756,0.021407634019851685,0.8329152464866638,0.5413492918014526,-0.22916622459888458,0.792712390422821,0.5436333417892456,-0.02365102246403694,0.8315632343292236,0.5558544397354126,-0.252546101808548,0.8039987087249756,0.5578415989875793,-0.03160294517874718,0.823078989982605,0.5555951595306396,-0.247002512216568,0.8074139952659607,0.5562868714332581,-0.05191253498196602,0.8226631283760071,0.5509575605392456,-0.22553838789463043,0.8059535622596741,0.5503901243209839,-0.03348561376333237,0.8807519674301147,0.49485597014427185,-0.07418591529130936,0.8390340805053711,0.5001018643379211,0.07443390041589737,0.8495754599571228,0.5624759793281555,-0.15722455084323883,0.8122843503952026,0.5558168292045593,5.011643224861473e-05,0.8471276760101318,0.6317347884178162,-0.11835388839244843,0.8211870193481445,0.6272459030151367,-0.01671488769352436,0.8568553328514099,0.6374061703681946,-0.11436538398265839,0.8330347537994385,0.6335858106613159,-0.021799156442284584,0.8115217685699463,0.6562546491622925,-0.1785190850496292,0.7885399460792542,0.6424881219863892,-0.08874721825122833
179,0.707444965839386,0.45608267188072205,-0.1794721782207489,0.7028062343597412,0.4496079087257385,-0.1927841156721115,0.7047693729400635,0.4485110342502594,-0.1927676945924759,0.7066707611083984,0.44729095697402954,-0.19276082515716553,0.7000584602355957,0.4504212439060211,-0.17043368518352509,0.6996132731437683,0.4500167965888977,-0.17059959471225739,0.6991204023361206,0.44934940338134766,-0.1707577258348465,0.7214696407318115,0.4401476979255676,-0.21083039045333862,0.7076823115348816,0.44436439871788025,-0.1120024248957634,0.7212263345718384,0.4561024308204651,-0.1830824464559555,0.7162863612174988,0.45772019028663635,-0.15423110127449036,0.7930492162704468,0.4427475333213806,-0.24238687753677368,0.7437169551849365,0.45824843645095825,-0.02173476479947567,0.8370527625083923,0.4869990348815918,-0.25769537687301636,0.7709404826164246,0.4929305911064148,0.029373934492468834,0.832091212272644,0.5310227274894714,-0.21268975734710693,0.796360194683075,0.5284377336502075,0.003861698554828763,0.8315146565437317,0.5458440780639648,-0.2328401356935501,0.7994452714920044,0.5429511666297913,-0.0002037003869190812,0.8215287327766418,0.544978678226471,-0.22801655530929565,0.8047001957893372,0.5433381199836731,-0.021279428154230118,0.8211746215820312,0.5404858589172363,-0.20854392647743225,0.803576648235321,0.5375658869743347,-0.005681995768100023,0.8792336583137512,0.4906614422798157,-0.07293946295976639,0.8379819393157959,0.49394088983535767,0.0731901079416275,0.8546224236488342,0.5616263151168823,-0.14875639975070953,0.81866854429245,0.5533136129379272,0.011675604619085789,0.8502058386802673,0.6298506855964661,-0.12174339592456818,0.8205474019050598,0.6220253109931946,0.00648281117901206,0.8539723753929138,0.6370687484741211,-0.12031077593564987,0.8296663165092468,0.632870614528656,0.001979899127036333,0.8133322596549988,0.655205249786377,-0.19819436967372894,0.7861583232879639,0.6410805583000183,-0.06773625314235687
180,0.7042016983032227,0.43659234046936035,-0.1737174093723297,0.7012535333633423,0.42990535497665405,-0.18749858438968658,0.7032625675201416,0.42916449904441833,-0.18750672042369843,0.7057215571403503,0.4280129075050354,-0.1875237375497818,0.6987344622612,0.43043190240859985,-0.16158777475357056,0.6986305117607117,0.430109441280365,-0.16176214814186096,0.698517918586731,0.4296533167362213,-0.16190870106220245,0.7226247787475586,0.4228540360927582,-0.20835217833518982,0.7086700797080994,0.4266616702079773,-0.0925479605793953,0.7175045609474182,0.43947267532348633,-0.17866213619709015,0.7135465145111084,0.4402138292789459,-0.14511248469352722,0.7976879477500916,0.43236666917800903,-0.2503263056278229,0.7429862022399902,0.4472547471523285,0.004801794420927763,0.836797833442688,0.4790624976158142,-0.2716946601867676,0.7726117372512817,0.4858520030975342,0.06061500310897827,0.8303229212760925,0.5230332016944885,-0.23169617354869843,0.7947263717651367,0.5201347470283508,0.02488260343670845,0.8307090997695923,0.5376221537590027,-0.25632089376449585,0.7993286848068237,0.5358904600143433,0.019211934879422188,0.8205610513687134,0.5375604033470154,-0.2523612678050995,0.8030499815940857,0.5358926057815552,-0.004045207053422928,0.8205842971801758,0.5328410863876343,-0.22823011875152588,0.8040215373039246,0.5313757658004761,0.013842911459505558,0.8784591555595398,0.48901742696762085,-0.08102267980575562,0.8370686769485474,0.4927004873752594,0.08130747824907303,0.8547826409339905,0.5600282549858093,-0.147772416472435,0.8156595826148987,0.5529124140739441,0.027110110968351364,0.8474727869033813,0.629136323928833,-0.10883885622024536,0.8194050192832947,0.6229025721549988,0.03520192205905914,0.8523719906806946,0.6370946168899536,-0.10599738359451294,0.8286371231079102,0.6354986429214478,0.03308066353201866,0.8010367751121521,0.6512207984924316,-0.18319566547870636,0.7836303114891052,0.6413230895996094,-0.03229086101055145
181,0.7051832675933838,0.41710346937179565,-0.24149973690509796,0.7020702958106995,0.4097915589809418,-0.25450006127357483,0.7040766477584839,0.409035861492157,-0.2545163035392761,0.7062823176383972,0.4081076979637146,-0.2545413076877594,0.6989419460296631,0.41035476326942444,-0.22522129118442535,0.6990798115730286,0.4100540578365326,-0.22538727521896362,0.6994925141334534,0.40965089201927185,-0.22551211714744568,0.7254233360290527,0.40487751364707947,-0.2614777386188507,0.7123191952705383,0.40748414397239685,-0.12830886244773865,0.7170872092247009,0.4207899570465088,-0.2410966455936432,0.713457465171814,0.42152267694473267,-0.20309005677700043,0.8015044927597046,0.4202946722507477,-0.3025883436203003,0.7426974773406982,0.4365268647670746,-0.013641410507261753,0.8392342329025269,0.46840208768844604,-0.3395703136920929,0.7706617712974548,0.4782547354698181,0.03917952626943588,0.8285923600196838,0.5157668590545654,-0.3134090006351471,0.7907819747924805,0.5148347616195679,0.004290026146918535,0.828303337097168,0.5292267203330994,-0.3457832634449005,0.7954844236373901,0.5301468968391418,0.015695376321673393,0.8202173709869385,0.5296743512153625,-0.34402477741241455,0.7987683415412903,0.5302385091781616,-0.03366857022047043,0.8186693787574768,0.525015115737915,-0.31117358803749084,0.7994488477706909,0.525990903377533,0.0116271348670125,0.8746811151504517,0.4834701120853424,-0.08940332382917404,0.8319167494773865,0.48956355452537537,0.08960197120904922,0.8487177491188049,0.5558174252510071,-0.15523073077201843,0.8139125108718872,0.5478819012641907,0.03929392248392105,0.8456769585609436,0.6269835829734802,-0.09292452782392502,0.8190673589706421,0.6203906536102295,0.07286952435970306,0.8539807796478271,0.6342166066169739,-0.08917739987373352,0.8314551711082458,0.6303056478500366,0.07306164503097534,0.7988172769546509,0.6511712670326233,-0.14855670928955078,0.7830473184585571,0.6434404850006104,0.0054980251006782055
182,0.707879900932312,0.39882394671440125,-0.25948506593704224,0.7105115056037903,0.39141517877578735,-0.26538705825805664,0.7140970230102539,0.390656977891922,-0.2653976380825043,0.7179952263832092,0.3898147940635681,-0.26539018750190735,0.7048562169075012,0.3922572731971741,-0.24131524562835693,0.7041851878166199,0.3922423720359802,-0.2414969801902771,0.7040190100669861,0.39202386140823364,-0.24163150787353516,0.738253116607666,0.3887290954589844,-0.2532287836074829,0.7174404859542847,0.39159536361694336,-0.13715550303459167,0.7206346392631531,0.40361151099205017,-0.24949800968170166,0.7147100567817688,0.404680073261261,-0.21846841275691986,0.812564492225647,0.4132562577724457,-0.295354425907135,0.7424870729446411,0.42808207869529724,-0.0197765976190567,0.8419147729873657,0.46304887533187866,-0.3222912549972534,0.7677514553070068,0.47098392248153687,0.031495172530412674,0.8159571886062622,0.5083737969398499,-0.30941614508628845,0.7865034937858582,0.5071930885314941,-0.04117540642619133,0.8094237446784973,0.5226396322250366,-0.3439939618110657,0.789249062538147,0.5223349332809448,-0.05496343597769737,0.8027120232582092,0.521224856376648,-0.3404846787452698,0.7906477451324463,0.5214025378227234,-0.08393114060163498,0.8020479679107666,0.5173295140266418,-0.30719003081321716,0.7901251316070557,0.5162045955657959,-0.05126383155584335,0.868181586265564,0.4827435612678528,-0.08799262344837189,0.824087381362915,0.48661619424819946,0.08826693892478943,0.830537736415863,0.5519922971725464,-0.1538434624671936,0.8044275045394897,0.5462512969970703,0.01433138083666563,0.8455118536949158,0.6239212155342102,-0.08568190038204193,0.8189526200294495,0.6199124455451965,0.04636550322175026,0.8544783592224121,0.6303014755249023,-0.07999304682016373,0.8308023810386658,0.6292051672935486,0.04625001549720764,0.7951445579528809,0.6496288776397705,-0.14513418078422546,0.7823169231414795,0.643160879611969,-0.023694602772593498
183,0.7195496559143066,0.3839215338230133,-0.27757707238197327,0.724493682384491,0.37644749879837036,-0.28392478823661804,0.7286399602890015,0.37566402554512024,-0.28400278091430664,0.7328100204467773,0.3748803734779358,-0.28399786353111267,0.7169454097747803,0.3777046799659729,-0.2569284737110138,0.7157385349273682,0.3777885437011719,-0.25704246759414673,0.7148982286453247,0.3777509033679962,-0.25715237855911255,0.7504735589027405,0.3747290372848511,-0.25504621863365173,0.7259829044342041,0.37794750928878784,-0.1357211470603943,0.7328420281410217,0.3890395164489746,-0.2621893286705017,0.7239916324615479,0.390031635761261,-0.22742721438407898,0.8202711939811707,0.4025377333164215,-0.28191670775413513,0.7436768412590027,0.4143219590187073,-0.004707899875938892,0.8411010503768921,0.4532143175601959,-0.3160824775695801,0.7609590291976929,0.45641693472862244,0.049132414162158966,0.7986498475074768,0.49633827805519104,-0.3229462206363678,0.7733958959579468,0.4859759211540222,-0.055981703102588654,0.7895497679710388,0.5078827142715454,-0.36321207880973816,0.7713679671287537,0.5052381753921509,-0.07895898073911667,0.7807109355926514,0.5068359375,-0.3631576895713806,0.7703937292098999,0.5050927996635437,-0.10780510306358337,0.7836769223213196,0.5022968053817749,-0.32144227623939514,0.7734087705612183,0.49566906690597534,-0.07001582533121109,0.8607124090194702,0.4824540615081787,-0.08670422434806824,0.8137986063957214,0.48547130823135376,0.08703790605068207,0.8419287204742432,0.552987813949585,-0.128784641623497,0.7968161106109619,0.5494693517684937,0.03241796791553497,0.8653779625892639,0.6221845746040344,-0.018844187259674072,0.8088976740837097,0.6200776100158691,0.10219048708677292,0.8770049214363098,0.6286709308624268,-0.011342842131853104,0.8256378769874573,0.6292327642440796,0.10471135377883911,0.8330124020576477,0.6527588963508606,-0.10338592529296875,0.7641224265098572,0.6436606645584106,0.020491648465394974
184,0.7334643602371216,0.37490618228912354,-0.220064178109169,0.7375344038009644,0.36717143654823303,-0.21850024163722992,0.7418263554573059,0.36652302742004395,-0.21858356893062592,0.7463150024414062,0.3657776713371277,-0.21855095028877258,0.7308915853500366,0.36783096194267273,-0.195862278342247,0.7299994826316833,0.36774078011512756,-0.1959114521741867,0.7293403744697571,0.36756467819213867,-0.1960000991821289,0.7633281946182251,0.3661448657512665,-0.1707523912191391,0.7391630411148071,0.36869096755981445,-0.06785700470209122,0.7452216148376465,0.3797643780708313,-0.19725482165813446,0.7374550700187683,0.3807104527950287,-0.16778817772865295,0.8305745720863342,0.3948357403278351,-0.17514990270137787,0.7472540736198425,0.4069187045097351,0.03493199497461319,0.8467029333114624,0.4427068829536438,-0.21328182518482208,0.740896463394165,0.446455717086792,0.07797802239656448,0.781886875629425,0.47973743081092834,-0.2527296841144562,0.7440437078475952,0.4752822816371918,-0.03522571921348572,0.7705612778663635,0.4878365099430084,-0.2920498847961426,0.7429895997047424,0.48470941185951233,-0.07152954488992691,0.7637457251548767,0.4855524003505707,-0.2938917279243469,0.7446240782737732,0.4822184443473816,-0.09933916479349136,0.7659069299697876,0.48306044936180115,-0.25257211923599243,0.7494723796844482,0.4781489372253418,-0.04981382563710213,0.8517402410507202,0.4836866855621338,-0.058838240802288055,0.8052880167961121,0.48756033182144165,0.05893677473068237,0.8445912003517151,0.5524379014968872,-0.05077905207872391,0.7976180911064148,0.5512653589248657,0.03897041827440262,0.8601617813110352,0.6184681057929993,0.03859827294945717,0.809022843837738,0.6194542646408081,0.10430129617452621,0.8707885146141052,0.625626266002655,0.04235108569264412,0.8246923685073853,0.6281557679176331,0.10622745007276535,0.8390212059020996,0.6411794424057007,-0.06837189197540283,0.778110682964325,0.6403888463973999,0.013823352754116058
185,0.7437178492546082,0.36591023206710815,-0.17274917662143707,0.7476098537445068,0.3588246703147888,-0.16737313568592072,0.7514487504959106,0.35828763246536255,-0.16743862628936768,0.7558632493019104,0.35758131742477417,-0.1674521267414093,0.7419716119766235,0.3595462739467621,-0.14705383777618408,0.7411859035491943,0.3595649003982544,-0.1470717340707779,0.7405042052268982,0.3595135807991028,-0.14710792899131775,0.7746402025222778,0.35825878381729126,-0.10527727007865906,0.7493703961372375,0.3610435128211975,-0.010444837622344494,0.7539193034172058,0.3720620274543762,-0.14660021662712097,0.746834397315979,0.372654527425766,-0.11950372159481049,0.8370763063430786,0.3899441361427307,-0.10271169990301132,0.7497745156288147,0.40428128838539124,0.08193589001893997,0.8490960001945496,0.4395937919616699,-0.14051124453544617,0.7399675250053406,0.44873732328414917,0.08997999131679535,0.7702646851539612,0.46566423773765564,-0.1981629729270935,0.7241094708442688,0.46983957290649414,-0.07873430103063583,0.7554857134819031,0.4731457233428955,-0.23586249351501465,0.7059293389320374,0.4764643609523773,-0.11820662766695023,0.7486795783042908,0.469169557094574,-0.239091157913208,0.7182877659797668,0.4720381796360016,-0.13879206776618958,0.7520663738250732,0.46584081649780273,-0.19849228858947754,0.7248063683509827,0.46912986040115356,-0.09233617037534714,0.8427445292472839,0.48496121168136597,-0.046743232756853104,0.792523980140686,0.48854464292526245,0.046761251986026764,0.8439754247665405,0.5534641146659851,-0.03439075127243996,0.7945239543914795,0.5542747974395752,0.050951652228832245,0.8573331236839294,0.6206017732620239,0.0722980722784996,0.8046126365661621,0.6224929690361023,0.15689168870449066,0.8654564619064331,0.6306756138801575,0.0762043297290802,0.8113166093826294,0.6290056705474854,0.1615101546049118,0.8518677353858948,0.6458438634872437,-0.0581132210791111,0.7838325500488281,0.6404474973678589,0.043493084609508514
186,0.7553297281265259,0.3640955686569214,-0.1017281636595726,0.7589553594589233,0.3567798137664795,-0.10111764073371887,0.7624914646148682,0.3562072515487671,-0.10116948187351227,0.7668969631195068,0.3555590510368347,-0.10124774277210236,0.753233015537262,0.35771089792251587,-0.08062185347080231,0.7520623207092285,0.35783156752586365,-0.08065686374902725,0.7509297132492065,0.3579019606113434,-0.08071009069681168,0.7867957949638367,0.3561907112598419,-0.05343851074576378,0.7588335871696472,0.3593398332595825,0.04260560870170593,0.7649237513542175,0.36915212869644165,-0.07921072840690613,0.7574914693832397,0.3700784146785736,-0.05190209299325943,0.8409682512283325,0.3882923722267151,-0.05699719861149788,0.7571349143981934,0.39763087034225464,0.12611256539821625,0.8491019606590271,0.439762681722641,-0.09657181799411774,0.7400765419006348,0.43819475173950195,0.13077415525913239,0.7620841860771179,0.4490644335746765,-0.14300082623958588,0.7296915054321289,0.45832204818725586,-0.030038462951779366,0.7452849745750427,0.45281514525413513,-0.17360948026180267,0.7214775681495667,0.46248236298561096,-0.06776443868875504,0.7410299777984619,0.4482223093509674,-0.17309612035751343,0.7204230427742004,0.45448827743530273,-0.07888376712799072,0.7449924945831299,0.4459764361381531,-0.14119884371757507,0.7292502522468567,0.4523596167564392,-0.040575746446847916,0.835327684879303,0.4854837954044342,-0.04551267623901367,0.7870824337005615,0.4883367121219635,0.04548482224345207,0.8373567461967468,0.557223379611969,-0.009098048321902752,0.7888514399528503,0.5579073429107666,0.059210505336523056,0.8456447124481201,0.6222967505455017,0.09753254055976868,0.7978589534759521,0.6253769993782043,0.14584113657474518,0.8479942083358765,0.6321238279342651,0.10246451944112778,0.8049089908599854,0.6319884657859802,0.14919240772724152,0.8421990275382996,0.6451982259750366,-0.02135995775461197,0.7822542786598206,0.6424499750137329,0.039384473115205765
187,0.760554313659668,0.35952630639076233,-0.06915944069623947,0.7655001878738403,0.3522205948829651,-0.07291051000356674,0.7688859105110168,0.35172978043556213,-0.07297860085964203,0.7725622653961182,0.3512217700481415,-0.07308550179004669,0.7593014240264893,0.3531584143638611,-0.050009578466415405,0.7582544684410095,0.35330432653427124,-0.05006569251418114,0.7573426961898804,0.35341551899909973,-0.05011427029967308,0.7920847535133362,0.3524930775165558,-0.042797476053237915,0.7668208479881287,0.3550563454627991,0.06437338888645172,0.7705851197242737,0.36483141779899597,-0.05294888839125633,0.7626669406890869,0.36591672897338867,-0.022387653589248657,0.8418773412704468,0.38612625002861023,-0.06481892615556717,0.7649192810058594,0.3943871557712555,0.14829236268997192,0.848972499370575,0.4366353154182434,-0.12896598875522614,0.7574896216392517,0.44407445192337036,0.1406005173921585,0.7601494789123535,0.434868186712265,-0.17070068418979645,0.7341949343681335,0.44927066564559937,-0.01456634234637022,0.7425769567489624,0.4368252158164978,-0.19981619715690613,0.7274101376533508,0.4486216604709625,-0.04693486541509628,0.7390586733818054,0.43151426315307617,-0.192237988114357,0.7247081995010376,0.44736894965171814,-0.057284291833639145,0.7431750893592834,0.4304335117340088,-0.16630934178829193,0.7319574952125549,0.43629780411720276,-0.025134744122624397,0.8322896957397461,0.4855964779853821,-0.04920222610235214,0.7835739850997925,0.4873969554901123,0.049248695373535156,0.8365254998207092,0.5573700070381165,-0.004450507927685976,0.7835288047790527,0.5587217211723328,0.08633308857679367,0.8399830460548401,0.6240872144699097,0.08052104711532593,0.7948457598686218,0.6265686750411987,0.17495989799499512,0.8467861413955688,0.6326742768287659,0.08345776796340942,0.7980897426605225,0.6339767575263977,0.17871661484241486,0.8353659510612488,0.645514965057373,-0.04253806918859482,0.7743199467658997,0.6442471742630005,0.07408187538385391
188,0.7671667337417603,0.3589121997356415,-0.06108696013689041,0.7724314332008362,0.35173991322517395,-0.0653168335556984,0.7764196395874023,0.3512943387031555,-0.065379299223423,0.7803336381912231,0.35077422857284546,-0.06548463553190231,0.765129029750824,0.3526214361190796,-0.041147731244564056,0.7636373043060303,0.3527563214302063,-0.04123819246888161,0.7621774673461914,0.3528723120689392,-0.04127974063158035,0.7993256449699402,0.35207533836364746,-0.038097091019153595,0.7702058553695679,0.3545863628387451,0.07505407929420471,0.7768164873123169,0.36397796869277954,-0.04623567312955856,0.7675265669822693,0.3650032877922058,-0.01396220363676548,0.8433524370193481,0.38519951701164246,-0.0657658502459526,0.7688229084014893,0.3935966193675995,0.16613097488880157,0.8489885330200195,0.4333621561527252,-0.13897454738616943,0.754823625087738,0.443093478679657,0.13686664402484894,0.7613585591316223,0.4237510561943054,-0.1783292144536972,0.7363893985748291,0.4289383888244629,-0.017812425270676613,0.7439995408058167,0.42075663805007935,-0.20313388109207153,0.7247390747070312,0.42706385254859924,-0.05212274193763733,0.7415500283241272,0.4152758717536926,-0.19274942576885223,0.7224478721618652,0.4183315634727478,-0.06473290920257568,0.7460101842880249,0.4160471558570862,-0.17261628806591034,0.7308335900306702,0.41791778802871704,-0.03239566087722778,0.8323093056678772,0.48524317145347595,-0.0596286840736866,0.7828553318977356,0.48628273606300354,0.05967115983366966,0.8315585851669312,0.5571823716163635,-0.018183669075369835,0.7820020318031311,0.5588253736495972,0.09429710358381271,0.8345198631286621,0.6248335838317871,0.061862293630838394,0.7946459650993347,0.6270595788955688,0.17852909862995148,0.8373113870620728,0.6326916813850403,0.06635274738073349,0.8001534938812256,0.6348713040351868,0.1819562464952469,0.814782440662384,0.6456272602081299,-0.061090342700481415,0.7740629315376282,0.6447374820709229,0.08480988442897797
189,0.7706477642059326,0.3576947748661041,-0.09343071281909943,0.7764828205108643,0.35034671425819397,-0.09628981351852417,0.7806768417358398,0.3499930500984192,-0.0963544026017189,0.7847689986228943,0.34955087304115295,-0.09644876420497894,0.7684051394462585,0.35102707147598267,-0.07203519344329834,0.7667049169540405,0.35110053420066833,-0.0721319168806076,0.7650226354598999,0.35116684436798096,-0.07218987494707108,0.8034485578536987,0.3511982858181,-0.06100979447364807,0.7721410989761353,0.35297253727912903,0.052646394819021225,0.7802239060401917,0.362826943397522,-0.07657019048929214,0.7702395915985107,0.36377567052841187,-0.04436521977186203,0.8445152044296265,0.3853590786457062,-0.08173850178718567,0.7675617933273315,0.39398959279060364,0.15560565888881683,0.8499178290367126,0.4330214858055115,-0.15046194195747375,0.736859142780304,0.442793071269989,0.10578373074531555,0.7645354270935059,0.41474929451942444,-0.2145833820104599,0.7375504970550537,0.4181608557701111,-0.11684663593769073,0.7482882142066956,0.40870723128318787,-0.23882713913917542,0.7273455858230591,0.41217857599258423,-0.1564086228609085,0.7458317279815674,0.40256500244140625,-0.22626611590385437,0.7228792905807495,0.40260815620422363,-0.15021458268165588,0.7508344650268555,0.40449151396751404,-0.20837201178073883,0.7335988283157349,0.40665555000305176,-0.12233448773622513,0.8299097418785095,0.48622235655784607,-0.06973358988761902,0.7807841897010803,0.48656541109085083,0.06978685408830643,0.8236690759658813,0.5599339008331299,-0.022310739383101463,0.7799032330513,0.5610371232032776,0.10648788511753082,0.8336848020553589,0.6249130368232727,0.08666530251502991,0.7946075201034546,0.6276704668998718,0.2337207943201065,0.839104950428009,0.6324028968811035,0.09257477521896362,0.8040904402732849,0.6357797384262085,0.2409282624721527,0.8085916042327881,0.6481414437294006,-0.03737323731184006,0.7728369235992432,0.6452978849411011,0.14237366616725922
190,0.7704105973243713,0.35642898082733154,-0.0871279165148735,0.7764408588409424,0.3486842215061188,-0.09128600358963013,0.7802746891975403,0.34842759370803833,-0.09133999794721603,0.783998966217041,0.3481340706348419,-0.09141990542411804,0.7690276503562927,0.34930020570755005,-0.06466905772686005,0.7676204442977905,0.34935685992240906,-0.0647977814078331,0.7662258744239807,0.34939542412757874,-0.06487229466438293,0.8027649521827698,0.3504309058189392,-0.06319034099578857,0.7740254998207092,0.3517298102378845,0.05924141779541969,0.7798137068748474,0.36138755083084106,-0.0729064866900444,0.7703558206558228,0.3624359965324402,-0.037817515432834625,0.844546914100647,0.38575881719589233,-0.09003476053476334,0.7668920755386353,0.39409545063972473,0.16399143636226654,0.852481484413147,0.43230414390563965,-0.17949174344539642,0.7343716025352478,0.44236722588539124,0.09784838557243347,0.7681342363357544,0.409418523311615,-0.21901866793632507,0.7430312037467957,0.41247090697288513,-0.12175000458955765,0.7554716467857361,0.4016283452510834,-0.24101874232292175,0.735028862953186,0.4052388668060303,-0.15978601574897766,0.7564440965652466,0.3958645462989807,-0.22674404084682465,0.7394991517066956,0.39645910263061523,-0.1483185887336731,0.7596634030342102,0.3982727527618408,-0.21101981401443481,0.7433605790138245,0.40053319931030273,-0.12521426379680634,0.8280928730964661,0.48658642172813416,-0.07959059625864029,0.7814013361930847,0.486581951379776,0.07966244965791702,0.8198572993278503,0.5600725412368774,-0.024078302085399628,0.7820813655853271,0.5609058141708374,0.1258385181427002,0.8305895328521729,0.6268666386604309,0.04371423274278641,0.7974313497543335,0.6271153688430786,0.2513272166252136,0.8393511176109314,0.6343563795089722,0.045468833297491074,0.8114522099494934,0.6355682611465454,0.25891584157943726,0.7971108555793762,0.6468192338943481,-0.09310092777013779,0.7758148908615112,0.6446627378463745,0.1693417727947235
191,0.7731373906135559,0.35536402463912964,-0.07982588559389114,0.7798355221748352,0.3474145829677582,-0.08249456435441971,0.7833864092826843,0.3471899628639221,-0.08254894614219666,0.7873644232749939,0.3469420075416565,-0.08262594044208527,0.7719687819480896,0.3479251563549042,-0.05691159516572952,0.7705284953117371,0.34795692563056946,-0.05704241245985031,0.7691876888275146,0.34795182943344116,-0.057108014822006226,0.8059377670288086,0.34951910376548767,-0.0504024513065815,0.7761557698249817,0.3504646420478821,0.06665672361850739,0.7819878458976746,0.3605514466762543,-0.0642344281077385,0.7726364135742188,0.36143577098846436,-0.030695715919137,0.8454332947731018,0.3856942057609558,-0.08030432462692261,0.7664288878440857,0.3931799530982971,0.16849252581596375,0.8547080159187317,0.4307786524295807,-0.17891938984394073,0.7324543595314026,0.44096118211746216,0.09725070744752884,0.7722305059432983,0.407222181558609,-0.22400063276290894,0.7517232894897461,0.4093628525733948,-0.11454421281814575,0.7620082497596741,0.3988211452960968,-0.24704140424728394,0.7443980574607849,0.40002888441085815,-0.1531614363193512,0.763615071773529,0.39338451623916626,-0.23003698885440826,0.7497377991676331,0.3939727246761322,-0.13895519077777863,0.766432523727417,0.39598071575164795,-0.21558615565299988,0.7526903748512268,0.3972453474998474,-0.11647634208202362,0.8273653388023376,0.48652881383895874,-0.07937861979007721,0.7810160517692566,0.4858627915382385,0.07944866269826889,0.8175110816955566,0.5601257085800171,-0.032120466232299805,0.7824433445930481,0.5608371496200562,0.11341572552919388,0.8280489444732666,0.6279293298721313,0.02891753800213337,0.7975181341171265,0.6278903484344482,0.22886651754379272,0.8381678462028503,0.635400652885437,0.030482612550258636,0.8195400834083557,0.6359017491340637,0.23538759350776672,0.7945033311843872,0.6476024389266968,-0.10565949231386185,0.7744369506835938,0.6446329951286316,0.1426974982023239
192,0.7734007239341736,0.3548220992088318,-0.07793669402599335,0.7799256443977356,0.34692803025245667,-0.08064458519220352,0.7833458781242371,0.3466801047325134,-0.08070455491542816,0.7871154546737671,0.3463672995567322,-0.08078312128782272,0.7722235918045044,0.3475346267223358,-0.05474814772605896,0.7708896994590759,0.34760257601737976,-0.05487420782446861,0.7696519494056702,0.34764426946640015,-0.054932303726673126,0.8058323264122009,0.34877878427505493,-0.050231900066137314,0.7768213152885437,0.3501558303833008,0.06847283244132996,0.7822725176811218,0.3597916066646576,-0.06326562166213989,0.7728217244148254,0.36085718870162964,-0.029245246201753616,0.8455187678337097,0.38532334566116333,-0.08159125596284866,0.7671753764152527,0.39321932196617126,0.16749978065490723,0.8560389280319214,0.4307246804237366,-0.1751905381679535,0.7334837317466736,0.4413168430328369,0.09790393710136414,0.77555912733078,0.4096071124076843,-0.21372312307357788,0.7554655075073242,0.41370177268981934,-0.108064204454422,0.7656800150871277,0.4019945561885834,-0.2357848882675171,0.74924635887146,0.4070339798927307,-0.14688925445079803,0.7678037881851196,0.396176278591156,-0.22072546184062958,0.7559522986412048,0.3974265158176422,-0.13432762026786804,0.770569920539856,0.3986552357673645,-0.2053101360797882,0.7586162090301514,0.40241342782974243,-0.11077306419610977,0.8262372612953186,0.48655039072036743,-0.08003195375204086,0.7802743911743164,0.4857451915740967,0.08009791374206543,0.8171714544296265,0.5612767934799194,-0.032477475702762604,0.7829441428184509,0.5616778135299683,0.11447479575872421,0.8265631198883057,0.6281446218490601,0.02940671145915985,0.7979846596717834,0.628102719783783,0.23242512345314026,0.8359526991844177,0.6374965310096741,0.031065501272678375,0.8206262588500977,0.6364898681640625,0.23909619450569153,0.7949246168136597,0.6478084921836853,-0.10410554707050323,0.7737123370170593,0.6444628238677979,0.14709900319576263
193,0.7751912474632263,0.35372403264045715,-0.08201766014099121,0.7818135023117065,0.3458199203014374,-0.0854426771402359,0.7851819396018982,0.3455696702003479,-0.08550085127353668,0.7891538143157959,0.34530025720596313,-0.08557692915201187,0.7739430665969849,0.3464495837688446,-0.05986987054347992,0.7725381851196289,0.34656232595443726,-0.05998792126774788,0.7712842226028442,0.34664076566696167,-0.060048844665288925,0.8077107071876526,0.3481127619743347,-0.05375538766384125,0.7781713604927063,0.3492642641067505,0.06288117170333862,0.7838929295539856,0.3588255047798157,-0.06762570887804031,0.7743518352508545,0.3598124384880066,-0.03393404930830002,0.8465052843093872,0.3852238059043884,-0.08232320845127106,0.7671971917152405,0.39288341999053955,0.1629171222448349,0.8576996922492981,0.4313032031059265,-0.17385125160217285,0.7341053485870361,0.4415750503540039,0.09796863049268723,0.7774704098701477,0.41107988357543945,-0.21384035050868988,0.758531928062439,0.414440780878067,-0.10665197670459747,0.7676888108253479,0.40301236510276794,-0.23592011630535126,0.7522996664047241,0.4070669710636139,-0.146068274974823,0.7699396014213562,0.3968774676322937,-0.221897691488266,0.7584475874900818,0.3979354798793793,-0.13270960748195648,0.7725801467895508,0.3994942307472229,-0.20538298785686493,0.7607954144477844,0.40283671021461487,-0.10893349349498749,0.824887752532959,0.48660892248153687,-0.07909335941076279,0.7803784608840942,0.48554497957229614,0.0791592225432396,0.8151577711105347,0.5621510744094849,-0.02414601668715477,0.7831828594207764,0.5616518259048462,0.111070916056633,0.8241146802902222,0.6282365322113037,0.05159491300582886,0.8040696978569031,0.6280496120452881,0.22623729705810547,0.8348914384841919,0.6372212171554565,0.0546162910759449,0.8221070766448975,0.6367284059524536,0.23221352696418762,0.7911326289176941,0.648017942905426,-0.07495082914829254,0.7739146947860718,0.644363522529602,0.13905483484268188
194,0.7763979434967041,0.35273459553718567,-0.0837675929069519,0.7830734252929688,0.34506601095199585,-0.08524899184703827,0.7864881157875061,0.3448934853076935,-0.0853123739361763,0.7906482219696045,0.3447367548942566,-0.0854056254029274,0.7753390073776245,0.3455973267555237,-0.060659926384687424,0.7738845944404602,0.3457373380661011,-0.060770295560359955,0.7726402878761292,0.34584251046180725,-0.06082381308078766,0.8094407916069031,0.34797731041908264,-0.046540748327970505,0.7796690464019775,0.34873586893081665,0.06546730548143387,0.784843385219574,0.3581300675868988,-0.06693727523088455,0.7755159735679626,0.3590875267982483,-0.034533921629190445,0.846750795841217,0.38510170578956604,-0.07355135679244995,0.767436146736145,0.3929886221885681,0.16321155428886414,0.8596065044403076,0.43135005235671997,-0.16430702805519104,0.737565279006958,0.4410507082939148,0.09998868405818939,0.7780428528785706,0.4130411148071289,-0.2143702656030655,0.757535994052887,0.41669607162475586,-0.10354635119438171,0.767469048500061,0.4060039520263672,-0.2374347448348999,0.7515297532081604,0.4091922342777252,-0.1435842663049698,0.7693819403648376,0.39930158853530884,-0.22386881709098816,0.7567867636680603,0.40027767419815063,-0.13119752705097198,0.7720746994018555,0.4019535183906555,-0.2064739614725113,0.7594216465950012,0.40385323762893677,-0.10676217824220657,0.8241637945175171,0.48656758666038513,-0.07553644478321075,0.7799354791641235,0.4853832721710205,0.07561391592025757,0.8157863020896912,0.5616998672485352,-0.024496905505657196,0.7832422256469727,0.5616232752799988,0.09010728448629379,0.8269330263137817,0.628242552280426,0.04185689240694046,0.8040596842765808,0.6283621191978455,0.18806582689285278,0.8350767493247986,0.6371456384658813,0.043645475059747696,0.8224796652793884,0.637371838092804,0.19265781342983246,0.7920913696289062,0.6488536596298218,-0.0867868959903717,0.7773363590240479,0.6444485187530518,0.09564954042434692
195,0.777308464050293,0.35226041078567505,-0.08348911255598068,0.7841683030128479,0.3444996178150177,-0.08439463376998901,0.7876294255256653,0.34430819749832153,-0.08446653932332993,0.7918412089347839,0.3441428244113922,-0.08456771075725555,0.7764023542404175,0.3450765013694763,-0.0603947676718235,0.7749372720718384,0.3452293574810028,-0.060495756566524506,0.7736720442771912,0.3453408479690552,-0.060543790459632874,0.8106498122215271,0.3475956320762634,-0.04499933496117592,0.7806999087333679,0.3482385277748108,0.0656687542796135,0.7857268452644348,0.35779836773872375,-0.06573455035686493,0.7763043642044067,0.35863834619522095,-0.03400405868887901,0.8471881151199341,0.38463857769966125,-0.0701766237616539,0.768620491027832,0.3928709328174591,0.16203540563583374,0.8620306849479675,0.4312799870967865,-0.15657112002372742,0.7445054650306702,0.4400476813316345,0.10589197278022766,0.7782502174377441,0.4135856032371521,-0.20834200084209442,0.757064163684845,0.42150211334228516,-0.08398742973804474,0.767404317855835,0.40614038705825806,-0.23177187144756317,0.7507621645927429,0.4122006893157959,-0.12119396775960922,0.7692194581031799,0.39962437748908997,-0.2191236913204193,0.7565239667892456,0.402487576007843,-0.1149631217122078,0.7718597650527954,0.402264267206192,-0.20114657282829285,0.7589263916015625,0.40494656562805176,-0.08903373777866364,0.823032796382904,0.4862232208251953,-0.07269200682640076,0.7788370847702026,0.48504000902175903,0.07278703898191452,0.8158519268035889,0.5608870983123779,-0.031031537801027298,0.7830104231834412,0.5605977773666382,0.08219142258167267,0.8301598429679871,0.6278162002563477,0.033552419394254684,0.8035404682159424,0.6280044913291931,0.1746615320444107,0.8397805690765381,0.6362563371658325,0.035159170627593994,0.818857729434967,0.6355065703392029,0.17889490723609924,0.8000224828720093,0.6495451331138611,-0.0945138931274414,0.7778938412666321,0.6434335112571716,0.08221051841974258
196,0.7773524522781372,0.3518007695674896,-0.08731026947498322,0.7841756939888,0.3442484736442566,-0.09127733111381531,0.7876988053321838,0.34406915307044983,-0.09137112647294998,0.7916932702064514,0.3438875079154968,-0.09148575365543365,0.777076780796051,0.34473708271980286,-0.06446312367916107,0.7758234739303589,0.34482342004776,-0.06453510373830795,0.7746955752372742,0.34487444162368774,-0.06458728760480881,0.8104900121688843,0.34719061851501465,-0.06189287453889847,0.7828917503356934,0.34766870737075806,0.06335476040840149,0.7856314182281494,0.3573777973651886,-0.07173698395490646,0.7767173051834106,0.3581179678440094,-0.03632136061787605,0.8472510576248169,0.38418591022491455,-0.09522533416748047,0.7758187055587769,0.39180684089660645,0.1619313657283783,0.8640343546867371,0.43129047751426697,-0.17473018169403076,0.7583200335502625,0.43866658210754395,0.1451171338558197,0.7780174016952515,0.4170786440372467,-0.2087453156709671,0.7571154236793518,0.43325456976890564,-0.017786886543035507,0.7665014266967773,0.4107185900211334,-0.23216654360294342,0.7477589845657349,0.43232399225234985,-0.050072282552719116,0.7672756910324097,0.40525588393211365,-0.21975210309028625,0.7481275796890259,0.4281631410121918,-0.056685857474803925,0.7701931595802307,0.4063386917114258,-0.20162983238697052,0.7536227107048035,0.42832332849502563,-0.02782520279288292,0.8186782002449036,0.48611554503440857,-0.07457912713289261,0.7786781191825867,0.4850960671901703,0.07471588253974915,0.8161500692367554,0.5604021549224854,-0.04461515694856644,0.7855103611946106,0.5598778128623962,0.09822940826416016,0.8333330154418945,0.6278076171875,0.003125093411654234,0.8092535138130188,0.6264381408691406,0.18032482266426086,0.8441922664642334,0.6361984014511108,0.003568005282431841,0.8233273029327393,0.6352914571762085,0.18417957425117493,0.8004317283630371,0.649894118309021,-0.11914576590061188,0.7810347676277161,0.643029510974884,0.09138752520084381
197,0.7787298560142517,0.3520854115486145,-0.08292543143033981,0.7852925062179565,0.3445350229740143,-0.0836358591914177,0.7891279458999634,0.3443360924720764,-0.08372357487678528,0.793107271194458,0.3441353738307953,-0.08384209871292114,0.7783207297325134,0.3450297713279724,-0.06071444973349571,0.7769098281860352,0.34509605169296265,-0.06077001988887787,0.7756338119506836,0.34512844681739807,-0.06080632284283638,0.810825765132904,0.3473626971244812,-0.04150281846523285,0.7837485671043396,0.34788060188293457,0.06461548060178757,0.7865949869155884,0.357633113861084,-0.06341533362865448,0.7780561447143555,0.3583776354789734,-0.033084314316511154,0.8479239344596863,0.384229838848114,-0.06341175734996796,0.776132345199585,0.3910067677497864,0.15637940168380737,0.8640287518501282,0.4311188757419586,-0.13986897468566895,0.7570738196372986,0.4382273256778717,0.13378247618675232,0.7779449224472046,0.4179704189300537,-0.19063881039619446,0.7575795650482178,0.43172842264175415,-0.031304482370615005,0.7661859393119812,0.41241341829299927,-0.21735446155071259,0.7476814985275269,0.4301273226737976,-0.0661667212843895,0.7664459943771362,0.40727823972702026,-0.2068192958831787,0.7479264736175537,0.42739272117614746,-0.07073964178562164,0.7693938612937927,0.4080553948879242,-0.185004323720932,0.7535127401351929,0.4275190234184265,-0.040275219827890396,0.8186940550804138,0.48590701818466187,-0.06087444722652435,0.7774094343185425,0.4849882125854492,0.06096675619482994,0.8196536302566528,0.5607191324234009,-0.02737867832183838,0.7846226096153259,0.5594139099121094,0.07665339857339859,0.8353710770606995,0.6288366317749023,0.019913120195269585,0.7988752722740173,0.6273187398910522,0.15602506697177887,0.8428400754928589,0.6368759870529175,0.018304696306586266,0.8073433637619019,0.635891854763031,0.15922841429710388,0.8164618611335754,0.6512299180030823,-0.11438678950071335,0.7792410850524902,0.6434965133666992,0.05578528344631195
198,0.7802830934524536,0.35198256373405457,-0.08875826001167297,0.7870378494262695,0.34452587366104126,-0.09060531109571457,0.7908763289451599,0.34435588121414185,-0.09071418642997742,0.7948147058486938,0.34415775537490845,-0.090846486389637,0.780226469039917,0.3449287414550781,-0.06672605127096176,0.7789472937583923,0.34495142102241516,-0.06677794456481934,0.7777175307273865,0.3449455201625824,-0.06682120263576508,0.8130348324775696,0.34733542799949646,-0.051910195499658585,0.7856720089912415,0.34764477610588074,0.059245724231004715,0.7881247401237488,0.3576149344444275,-0.06972136348485947,0.7795793414115906,0.3582519292831421,-0.03814630210399628,0.8488389849662781,0.3842548131942749,-0.07410091906785965,0.7781813144683838,0.3906594216823578,0.15261127054691315,0.8641156554222107,0.4311319887638092,-0.1418200433254242,0.7589207291603088,0.4377995431423187,0.13314351439476013,0.7779320478439331,0.4185962677001953,-0.19467082619667053,0.757702648639679,0.4309834837913513,-0.029965709894895554,0.7660888433456421,0.41284385323524475,-0.22087730467319489,0.7477008104324341,0.4308217465877533,-0.06494519859552383,0.7662357687950134,0.4078451097011566,-0.20971494913101196,0.7479405999183655,0.42584124207496643,-0.06973092257976532,0.7691752314567566,0.4085913300514221,-0.188637375831604,0.7545074224472046,0.42551499605178833,-0.03910309076309204,0.817456066608429,0.48605722188949585,-0.06272315233945847,0.7768234014511108,0.48527902364730835,0.06281648576259613,0.8201538324356079,0.5608252882957458,-0.012054238468408585,0.7841616272926331,0.5594128966331482,0.11834171414375305,0.8336241841316223,0.6288828253746033,0.04435466602444649,0.7965730428695679,0.6256009340286255,0.22489754855632782,0.8421465754508972,0.6368714570999146,0.04432203993201256,0.8088187575340271,0.6354897022247314,0.23100532591342926,0.8144491314888,0.6493872404098511,-0.09164860099554062,0.7783381342887878,0.6432546973228455,0.13739639520645142
